date,adj_close
2005-01-03,44.222557067871094
2005-01-04,43.75907516479492
2005-01-05,43.9932746887207
2005-01-06,44.02320098876953
2005-01-07,44.122901916503906
2005-01-10,44.19261169433594
2005-01-11,44.4517936706543
2005-01-12,44.511592864990234
2005-01-13,44.940181732177734
2005-01-14,44.9351806640625
2005-01-18,45.08467483520508
2005-01-19,45.21421432495117
2005-01-20,45.303955078125
2005-01-21,45.353759765625
2005-01-24,45.54813003540039
2005-01-25,45.11954116821289
2005-01-26,45.20426940917969
2005-01-27,45.11954116821289
2005-01-28,45.573036193847656
2005-01-31,45.70258331298828
2005-02-01,45.630088806152344
2005-02-02,45.735103607177734
2005-02-03,45.710113525390625
2005-02-04,46.345428466796875
2005-02-07,46.690555572509766
2005-02-08,46.9556770324707
2005-02-09,47.080718994140625
2005-02-10,46.44541931152344
2005-02-11,46.415409088134766
2005-02-14,46.56050491333008
2005-02-15,46.325382232666016
2005-02-16,46.150325775146484
2005-02-17,45.86014938354492
2005-02-18,45.450008392333984
2005-02-22,45.24991989135742
2005-02-23,45.39998245239258
2005-02-24,45.2999382019043
2005-02-25,45.52001190185547
2005-02-28,45.02982711791992
2005-03-01,45.01578140258789
2005-03-02,44.95556640625
2005-03-03,44.93043518066406
2005-03-04,45.417179107666016
2005-03-07,45.597835540771484
2005-03-08,45.16633224487305
2005-03-09,44.42866134643555
2005-03-10,44.69964599609375
2005-03-11,44.37348937988281
2005-03-14,44.63941955566406
2005-03-15,44.35841751098633
2005-03-16,44.6293830871582
2005-03-17,44.77493667602539
2005-03-18,44.493927001953125
2005-03-21,44.36849594116211
2005-03-22,43.99211120605469
2005-03-23,44.202842712402344
2005-03-24,44.29320526123047
2005-03-28,44.02218246459961
2005-03-29,44.28313446044922
2005-03-30,44.503936767578125
2005-03-31,44.82509231567383
2005-04-01,44.97621536254883
2005-04-04,44.96609878540039
2005-04-05,44.85026168823242
2005-04-06,45.00642013549805
2005-04-07,44.64374923706055
2005-04-08,44.799903869628906
2005-04-11,45.041648864746094
2005-04-12,45.459693908691406
2005-04-13,45.34886932373047
2005-04-14,45.27838134765625
2005-04-15,45.877716064453125
2005-04-18,45.842472076416016
2005-04-19,46.285682678222656
2005-04-20,46.16984939575195
2005-04-21,45.68632888793945
2005-04-22,46.06911087036133
2005-04-25,46.205078125
2005-04-26,46.13459014892578
2005-04-27,46.295772552490234
2005-04-28,46.63823699951172
2005-04-29,46.557655334472656
2005-05-02,46.54752731323242
2005-05-03,46.673912048339844
2005-05-04,46.26447677612305
2005-05-05,46.37060546875
2005-05-06,46.026885986328125
2005-05-09,46.072391510009766
2005-05-10,46.400943756103516
2005-05-11,46.54244613647461
2005-05-12,46.724464416503906
2005-05-13,46.90640640258789
2005-05-16,46.850826263427734
2005-05-17,46.982234954833984
2005-05-18,47.29563903808594
2005-05-19,47.1743278503418
2005-05-20,47.22990036010742
2005-05-23,47.59886932373047
2005-05-24,47.73033142089844
2005-05-25,47.396697998046875
2005-05-26,47.381561279296875
2005-05-27,47.43208694458008
2005-05-31,48.018436431884766
2005-06-01,48.60643768310547
2005-06-02,48.72306823730469
2005-06-03,48.322303771972656
2005-06-06,48.575950622558594
2005-06-07,48.961517333984375
2005-06-08,48.72817611694336
2005-06-09,48.68756866455078
2005-06-10,48.13966751098633
2005-06-13,47.850494384765625
2005-06-14,47.53598403930664
2005-06-15,47.62221145629883
2005-06-16,47.860660552978516
2005-06-17,47.855567932128906
2005-06-20,47.77437210083008
2005-06-21,48.124427795410156
2005-06-22,48.70787811279297
2005-06-23,48.657142639160156
2005-06-24,48.900630950927734
2005-06-27,49.03257369995117
2005-06-28,48.697715759277344
2005-06-29,48.621612548828125
2005-06-30,49.05791473388672
2005-07-01,48.46333694458008
2005-07-05,48.005130767822266
2005-07-06,48.2698974609375
2005-07-07,48.37164306640625
2005-07-08,48.17316818237305
2005-07-11,48.17316818237305
2005-07-12,47.903358459472656
2005-07-13,47.832061767578125
2005-07-14,47.70991134643555
2005-07-15,47.837154388427734
2005-07-18,47.4808464050293
2005-07-19,47.6488037109375
2005-07-20,47.9084587097168
2005-07-21,47.25682067871094
2005-07-22,47.62334442138672
2005-07-25,47.450279235839844
2005-07-26,47.52663803100586
2005-07-27,47.450279235839844
2005-07-28,47.87282180786133
2005-07-29,47.39934158325195
2005-08-01,47.22309494018555
2005-08-02,47.06980514526367
2005-08-03,47.29975509643555
2005-08-04,47.20262908935547
2005-08-05,46.834720611572266
2005-08-08,46.74790954589844
2005-08-09,46.921607971191406
2005-08-10,46.870540618896484
2005-08-11,47.19755554199219
2005-08-12,47.67784118652344
2005-08-15,47.5551872253418
2005-08-16,47.88733673095703
2005-08-17,47.570560455322266
2005-08-18,47.92306137084961
2005-08-19,47.91801834106445
2005-08-22,47.86686706542969
2005-08-23,48.086647033691406
2005-08-24,48.13258743286133
2005-08-25,48.285888671875
2005-08-26,48.27055358886719
2005-08-29,48.33185958862305
2005-08-30,48.638492584228516
2005-08-31,49.04718780517578
2005-09-01,48.75188064575195
2005-09-02,48.792945861816406
2005-09-06,48.44935607910156
2005-09-07,47.99300765991211
2005-09-08,48.04428482055664
2005-09-09,48.19814682006836
2005-09-12,47.86482238769531
2005-09-13,48.11607360839844
2005-09-14,47.9315071105957
2005-09-15,47.53668212890625
2005-09-16,47.22391891479492
2005-09-19,47.32643508911133
2005-09-20,47.44953155517578
2005-09-21,47.890464782714844
2005-09-22,47.84429168701172
2005-09-23,47.48540496826172
2005-09-26,47.27003479003906
2005-09-27,47.33674240112305
2005-09-28,47.65460205078125
2005-09-29,47.43927001953125
2005-09-30,47.27518081665039
2005-10-03,46.90556335449219
2005-10-04,47.05999755859375
2005-10-05,47.26590347290039
2005-10-06,47.085731506347656
2005-10-07,47.27619934082031
2005-10-10,47.24531173706055
2005-10-11,47.14753341674805
2005-10-12,46.68935012817383
2005-10-13,46.519508361816406
2005-10-14,46.447418212890625
2005-10-17,46.43715286254883
2005-10-18,46.488616943359375
2005-10-19,46.50923156738281
2005-10-20,46.63276672363281
2005-10-21,47.06517028808594
2005-10-24,46.69964599609375
2005-10-25,46.29813003540039
2005-10-26,45.958404541015625
2005-10-27,46.12312316894531
2005-10-28,46.1282958984375
2005-10-31,46.21579360961914
2005-11-01,46.162567138671875
2005-11-02,45.94538497924805
2005-11-03,45.6351318359375
2005-11-04,45.562744140625
2005-11-07,45.71786880493164
2005-11-08,46.162567138671875
2005-11-09,45.68682098388672
2005-11-10,46.245277404785156
2005-11-11,46.27109909057617
2005-11-14,45.9246940612793
2005-11-15,46.224552154541016
2005-11-16,46.710636138916016
2005-11-17,46.824337005615234
2005-11-18,46.60720443725586
2005-11-21,46.7468147277832
2005-11-22,46.80883026123047
2005-11-23,46.62791061401367
2005-11-25,46.79850769042969
2005-11-28,47.031185150146484
2005-11-29,46.586524963378906
2005-11-30,46.534793853759766
2005-12-01,46.46211242675781
2005-12-02,46.47768783569336
2005-12-05,46.26997375488281
2005-12-06,46.742557525634766
2005-12-07,46.56596755981445
2005-12-08,46.86713790893555
2005-12-09,46.498477935791016
2005-12-12,46.410194396972656
2005-12-13,46.58156967163086
2005-12-14,47.059326171875
2005-12-15,46.94507598876953
2005-12-16,47.100860595703125
2005-12-19,47.147621154785156
2005-12-20,47.09048843383789
2005-12-21,47.00738525390625
2005-12-22,47.381324768066406
2005-12-23,47.67207336425781
2005-12-27,48.06157302856445
2005-12-28,47.92758560180664
2005-12-29,48.03184127807617
2005-12-30,47.92232894897461
2006-01-03,47.8597526550293
2006-01-04,47.9744758605957
2006-01-05,47.917137145996094
2006-01-06,47.82848358154297
2006-01-09,47.8597526550293
2006-01-10,47.47389602661133
2006-01-11,47.39565658569336
2006-01-12,47.713768005371094
2006-01-13,47.99013900756836
2006-01-17,48.20390319824219
2006-01-18,48.188262939453125
2006-01-19,48.047489166259766
2006-01-20,48.17264175415039
2006-01-23,48.156986236572266
2006-01-24,47.92232894897461
2006-01-25,47.40087890625
2006-01-26,47.19749450683594
2006-01-27,47.19749450683594
2006-01-30,47.15057373046875
2006-01-31,47.280941009521484
2006-02-01,47.11922836303711
2006-02-02,47.208221435546875
2006-02-03,47.54311752319336
2006-02-06,47.63729476928711
2006-02-07,47.41230010986328
2006-02-08,47.30238723754883
2006-02-09,47.5169563293457
2006-02-10,47.255313873291016
2006-02-13,47.26052474975586
2006-02-14,47.09305191040039
2006-02-15,47.208221435546875
2006-02-16,47.218685150146484
2006-02-17,47.59547805786133
2006-02-21,47.5169563293457
2006-02-22,47.841392517089844
2006-02-23,47.721065521240234
2006-02-24,47.64775848388672
2006-02-27,47.56929397583008
2006-02-28,47.80476379394531
2006-03-01,47.51592254638672
2006-03-02,47.18511199951172
2006-03-03,46.91200256347656
2006-03-06,46.50239944458008
2006-03-07,46.5339241027832
2006-03-08,46.51814270019531
2006-03-09,46.5339241027832
2006-03-10,46.36061096191406
2006-03-13,46.32382583618164
2006-03-14,46.63371658325195
2006-03-15,46.38160705566406
2006-03-16,46.8017692565918
2006-03-17,46.659942626953125
2006-03-20,46.73347473144531
2006-03-21,46.49192428588867
2006-03-22,46.59166717529297
2006-03-23,46.444618225097656
2006-03-24,46.78596878051758
2006-03-27,46.61270523071289
2006-03-28,46.176795959472656
2006-03-29,45.9561882019043
2006-03-30,45.63587951660156
2006-03-31,45.62013626098633
2006-04-03,45.6348991394043
2006-04-04,45.58744430541992
2006-04-05,45.65070724487305
2006-04-06,45.302818298339844
2006-04-07,44.859989166259766
2006-04-10,44.9443473815918
2006-04-11,45.102481842041016
2006-04-12,44.828346252441406
2006-04-13,44.51205825805664
2006-04-17,44.67548751831055
2006-04-18,44.75457000732422
2006-04-19,44.48046112060547
2006-04-20,44.443565368652344
2006-04-21,44.701866149902344
2006-04-24,44.881099700927734
2006-04-25,44.34866714477539
2006-04-26,44.274898529052734
2006-04-27,44.33285140991211
2006-04-28,44.364479064941406
2006-05-01,44.03106689453125
2006-05-02,44.14748001098633
2006-05-03,44.05223846435547
2006-05-04,43.97814178466797
2006-05-05,44.242759704589844
2006-05-08,44.269222259521484
2006-05-09,44.242759704589844
2006-05-10,44.32210159301758
2006-05-11,44.10519790649414
2006-05-12,43.740020751953125
2006-05-15,43.914642333984375
2006-05-16,44.242759704589844
2006-05-17,43.967559814453125
2006-05-18,44.56559753417969
2006-05-19,44.682003021240234
2006-05-22,44.77728271484375
2006-05-23,44.75082015991211
2006-05-24,44.77196502685547
2006-05-25,44.59735870361328
2006-05-26,44.56559753417969
2006-05-30,44.544410705566406
2006-05-31,44.27978515625
2006-06-01,44.477447509765625
2006-06-02,45.05128479003906
2006-06-05,44.99285888671875
2006-06-06,45.205379486083984
2006-06-07,45.21602249145508
2006-06-08,45.30634689331055
2006-06-09,45.54545974731445
2006-06-12,45.58259582519531
2006-06-13,45.614498138427734
2006-06-14,45.15756607055664
2006-06-15,44.89719009399414
2006-06-16,44.7962646484375
2006-06-19,44.732505798339844
2006-06-20,44.65812683105469
2006-06-21,44.66873550415039
2006-06-22,44.4136962890625
2006-06-23,44.3233757019043
2006-06-26,44.23837661743164
2006-06-27,44.45619583129883
2006-06-28,44.22242736816406
2006-06-29,44.371185302734375
2006-06-30,44.80154800415039
2006-07-03,44.75730514526367
2006-07-05,44.3999137878418
2006-07-06,44.67192459106445
2006-07-07,44.96000289916992
2006-07-10,45.002689361572266
2006-07-11,45.146644592285156
2006-07-12,45.15735626220703
2006-07-13,45.3333625793457
2006-07-14,45.360042572021484
2006-07-17,45.42938995361328
2006-07-18,45.04001998901367
2006-07-19,45.46671676635742
2006-07-20,45.60004425048828
2006-07-21,45.514732360839844
2006-07-24,45.48804473876953
2006-07-25,45.35466766357422
2006-07-26,45.520050048828125
2006-07-27,45.45072555541992
2006-07-28,45.712100982666016
2006-07-31,45.770748138427734
2006-08-01,45.766448974609375
2006-08-02,45.93782424926758
2006-08-03,45.94852828979492
2006-08-04,46.22701644897461
2006-08-07,46.253814697265625
2006-08-08,46.152042388916016
2006-08-09,46.00208282470703
2006-08-10,45.93247985839844
2006-08-11,45.734310150146484
2006-08-14,45.653995513916016
2006-08-15,46.039581298828125
2006-08-16,46.350181579589844
2006-08-17,46.33414077758789
2006-08-18,46.46797561645508
2006-08-21,46.634002685546875
2006-08-22,46.65005111694336
2006-08-23,46.67155075073242
2006-08-24,46.75718688964844
2006-08-25,46.82684326171875
2006-08-28,46.86963653564453
2006-08-29,46.933937072753906
2006-08-30,47.05708694458008
2006-08-31,47.16954803466797
2006-09-01,47.1856803894043
2006-09-05,46.889957427978516
2006-09-06,46.8254508972168
2006-09-07,46.916873931884766
2006-09-08,46.95451354980469
2006-09-11,46.91148376464844
2006-09-12,47.14809036254883
2006-09-13,47.1695556640625
2006-09-14,47.061988830566406
2006-09-15,47.02436828613281
2006-09-18,46.949100494384766
2006-09-19,47.47599792480469
2006-09-20,47.545894622802734
2006-09-21,47.98139953613281
2006-09-22,48.218017578125
2006-09-25,48.556758880615234
2006-09-26,48.35240173339844
2006-09-27,48.21262741088867
2006-09-28,48.13197326660156
2006-09-29,48.07280349731445
2006-10-02,48.20450973510742
2006-10-03,48.13976287841797
2006-10-04,48.49064254760742
2006-10-05,48.150550842285156
2006-10-06,47.64857864379883
2006-10-09,47.77812194824219
2006-10-10,47.40021896362305
2006-10-11,47.2598762512207
2006-10-12,47.286861419677734
2006-10-13,47.049346923828125
2006-10-16,47.2598762512207
2006-10-17,47.297672271728516
2006-10-18,47.39480209350586
2006-10-19,47.30849838256836
2006-10-20,47.2598762512207
2006-10-23,47.07096481323242
2006-10-24,47.07096481323242
2006-10-25,47.44342803955078
2006-10-26,47.751129150390625
2006-10-27,47.97242736816406
2006-10-30,48.10737228393555
2006-10-31,48.479854583740234
2006-11-01,48.748069763183594
2006-11-02,48.547603607177734
2006-11-03,47.97319030761719
2006-11-06,48.11405563354492
2006-11-07,48.33622741699219
2006-11-08,48.509647369384766
2006-11-09,48.4825553894043
2006-11-10,48.693885803222656
2006-11-13,48.683040618896484
2006-11-14,48.872703552246094
2006-11-15,48.688446044921875
2006-11-16,48.46632385253906
2006-11-17,48.74265670776367
2006-11-20,48.81854248046875
2006-11-21,48.937744140625
2006-11-22,49.019004821777344
2006-11-24,49.105735778808594
2006-11-27,49.2845573425293
2006-11-28,49.387489318847656
2006-11-29,49.27371597290039
2006-11-30,49.598846435546875
2006-12-01,49.725013732910156
2006-12-04,49.81208038330078
2006-12-05,49.57814407348633
2006-12-06,49.48031234741211
2006-12-07,49.442230224609375
2006-12-08,49.083221435546875
2006-12-11,49.29539489746094
2006-12-12,49.39867401123047
2006-12-13,48.958106994628906
2006-12-14,48.77864456176758
2006-12-15,48.80584716796875
2006-12-18,48.82215118408203
2006-12-19,48.75685501098633
2006-12-20,48.751434326171875
2006-12-21,48.99614715576172
2006-12-22,48.62086868286133
2006-12-26,48.767730712890625
2006-12-27,48.40916061401367
2006-12-28,48.300010681152344
2006-12-29,48.261837005615234
2007-01-03,48.60563278198242
2007-01-04,48.90035629272461
2007-01-05,48.68746566772461
2007-01-08,48.774818420410156
2007-01-09,48.774818420410156
2007-01-10,48.5565299987793
2007-01-11,48.272701263427734
2007-01-12,48.0489501953125
2007-01-16,48.152652740478516
2007-01-17,48.005287170410156
2007-01-18,48.152652740478516
2007-01-19,48.021690368652344
2007-01-22,48.136287689208984
2007-01-23,47.81972885131836
2007-01-24,47.814300537109375
2007-01-25,47.47046661376953
2007-01-26,47.4322395324707
2007-01-29,47.32855987548828
2007-01-30,47.38312911987305
2007-01-31,47.78153610229492
2007-02-01,47.724021911621094
2007-02-02,47.78428268432617
2007-02-05,47.85005569458008
2007-02-06,48.11307144165039
2007-02-07,48.25556182861328
2007-02-08,48.29389190673828
2007-02-09,48.01992416381836
2007-02-12,47.91033172607422
2007-02-13,47.806190490722656
2007-02-14,48.26101303100586
2007-02-15,48.40350341796875
2007-02-16,48.5733528137207
2007-02-20,48.682987213134766
2007-02-21,48.60079574584961
2007-02-22,48.3377799987793
2007-02-23,48.682987213134766
2007-02-26,49.00628662109375
2007-02-27,49.62553024291992
2007-02-28,49.40080261230469
2007-03-01,49.3695182800293
2007-03-02,49.61701202392578
2007-03-05,49.69952392578125
2007-03-06,49.55101776123047
2007-03-07,49.743526458740234
2007-03-08,49.69952392578125
2007-03-09,49.17693328857422
2007-03-12,49.3695182800293
2007-03-13,49.666526794433594
2007-03-14,49.4410285949707
2007-03-15,49.43551254272461
2007-03-16,49.42448425292969
2007-03-19,49.31999588012695
2007-03-20,49.34747314453125
2007-03-21,49.3695182800293
2007-03-22,48.978912353515625
2007-03-23,48.841392517089844
2007-03-26,48.90186309814453
2007-03-27,48.819393157958984
2007-03-28,48.72040557861328
2007-03-29,48.65437316894531
2007-03-30,48.560882568359375
2007-04-02,48.64146041870117
2007-04-03,48.58073425292969
2007-04-04,48.63039779663086
2007-04-05,48.44823455810547
2007-04-09,48.128047943115234
2007-04-10,48.27159881591797
2007-04-11,48.23844528198242
2007-04-12,48.24946975708008
2007-04-13,48.100406646728516
2007-04-16,48.365413665771484
2007-04-17,48.63593292236328
2007-04-18,48.87891387939453
2007-04-19,48.79606628417969
2007-04-20,48.669071197509766
2007-04-23,48.84578323364258
2007-04-24,49.0279655456543
2007-04-25,48.85676956176758
2007-04-26,48.50343322753906
2007-04-27,48.49239730834961
2007-04-30,49.00032043457031
2007-05-01,49.035789489746094
2007-05-02,49.00803756713867
2007-05-03,48.89727020263672
2007-05-04,49.096771240234375
2007-05-07,49.229766845703125
2007-05-08,49.11896514892578
2007-05-09,48.92499542236328
2007-05-10,49.04139709472656
2007-05-11,48.86954879760742
2007-05-14,48.74211502075195
2007-05-15,48.72549057006836
2007-05-16,48.692230224609375
2007-05-17,48.492759704589844
2007-05-18,48.171348571777344
2007-05-21,48.315460205078125
2007-05-22,48.066062927246094
2007-05-23,47.927528381347656
2007-05-24,47.97188949584961
2007-05-25,47.86103439331055
2007-05-29,47.855499267578125
2007-05-30,47.955265045166016
2007-05-31,47.86658477783203
2007-06-01,47.61508560180664
2007-06-04,47.83206558227539
2007-06-05,47.53169631958008
2007-06-06,47.50940704345703
2007-06-07,46.65825653076172
2007-06-08,46.61933517456055
2007-06-11,46.485782623291016
2007-06-12,45.81266784667969
2007-06-13,46.35787582397461
2007-06-14,46.24102783203125
2007-06-15,46.55815124511719
2007-06-18,46.46355438232422
2007-06-19,46.89748764038086
2007-06-20,46.519203186035156
2007-06-21,46.29664611816406
2007-06-22,46.597049713134766
2007-06-25,46.852943420410156
2007-06-26,46.86411666870117
2007-06-27,46.90861129760742
2007-06-28,46.89748764038086
2007-06-29,47.3814811706543
2007-07-02,47.63051986694336
2007-07-03,47.34014129638672
2007-07-05,46.809608459472656
2007-07-06,46.619720458984375
2007-07-09,46.78726577758789
2007-07-10,47.580265045166016
2007-07-11,47.08885192871094
2007-07-12,46.92689514160156
2007-07-13,47.05534744262695
2007-07-16,47.507694244384766
2007-07-17,47.407142639160156
2007-07-18,47.58583450317383
2007-07-19,47.5746955871582
2007-07-20,48.00471496582031
2007-07-23,47.92653274536133
2007-07-24,48.105194091796875
2007-07-25,48.20014953613281
2007-07-26,48.6022834777832
2007-07-27,48.74186325073242
2007-07-30,48.6022834777832
2007-07-31,48.954063415527344
2007-08-01,48.84812927246094
2007-08-02,48.971435546875
2007-08-03,49.29661178588867
2007-08-06,48.93782043457031
2007-08-07,48.89855194091797
2007-08-08,48.304317474365234
2007-08-09,48.371604919433594
2007-08-10,48.25947952270508
2007-08-13,48.39960861206055
2007-08-14,48.52858352661133
2007-08-15,48.35474395751953
2007-08-16,48.853702545166016
2007-08-17,48.65750503540039
2007-08-20,48.68553924560547
2007-08-21,48.92099380493164
2007-08-22,48.842525482177734
2007-08-23,49.010704040527344
2007-08-24,49.251773834228516
2007-08-27,49.509647369384766
2007-08-28,49.593727111816406
2007-08-29,49.45921325683594
2007-08-30,49.79000473022461
2007-08-31,49.82921600341797
2007-09-04,49.85285949707031
2007-09-05,50.2525520324707
2007-09-06,50.123043060302734
2007-09-07,50.832366943359375
2007-09-10,51.22642517089844
2007-09-11,51.187015533447266
2007-09-12,50.99563217163086
2007-09-13,50.539649963378906
2007-09-14,50.61282730102539
2007-09-17,50.8548698425293
2007-09-18,50.47211456298828
2007-09-19,50.004852294921875
2007-09-20,49.05913162231445
2007-09-21,49.47573471069336
2007-09-24,49.61647033691406
2007-09-25,49.441925048828125
2007-09-26,49.486995697021484
2007-09-27,49.830345153808594
2007-09-28,49.94298553466797
2007-10-01,50.22829055786133
2007-10-02,50.38662338256836
2007-10-03,50.23960876464844
2007-10-04,50.4317626953125
2007-10-05,49.8892822265625
2007-10-08,49.84972381591797
2007-10-09,49.78754806518555
2007-10-10,49.8157844543457
2007-10-11,49.764923095703125
2007-10-12,49.52192687988281
2007-10-15,49.53323745727539
2007-10-16,49.55017852783203
2007-10-17,50.092735290527344
2007-10-18,50.369606018066406
2007-10-19,51.121219635009766
2007-10-22,51.12688446044922
2007-10-23,51.05907440185547
2007-10-24,51.437705993652344
2007-10-25,51.262542724609375
2007-10-26,51.143829345703125
2007-10-29,51.341670989990234
2007-10-30,51.313419342041016
2007-10-31,50.8499641418457
2007-11-01,51.51065444946289
2007-11-02,51.67527389526367
2007-11-05,51.652591705322266
2007-11-06,51.402774810791016
2007-11-07,51.49361038208008
2007-11-08,51.402774810791016
2007-11-09,51.83987808227539
2007-11-12,52.02722930908203
2007-11-13,51.834190368652344
2007-11-14,51.890960693359375
2007-11-15,52.379093170166016
2007-11-16,52.45292282104492
2007-11-19,52.79344940185547
2007-11-20,52.736724853515625
2007-11-21,53.0432014465332
2007-11-23,53.2021369934082
2007-11-26,54.25223922729492
2007-11-27,53.7357292175293
2007-11-28,53.37242126464844
2007-11-29,53.832218170166016
2007-11-30,53.57105255126953
2007-12-03,53.99619674682617
2007-12-04,53.99052429199219
2007-12-05,53.34657287597656
2007-12-06,52.87925720214844
2007-12-07,52.28657150268555
2007-12-10,51.9731330871582
2007-12-11,52.99322509765625
2007-12-12,52.446128845214844
2007-12-13,51.87625503540039
2007-12-14,51.63691711425781
2007-12-17,52.09849548339844
2007-12-18,52.434776306152344
2007-12-19,53.130001068115234
2007-12-20,53.016014099121094
2007-12-21,52.240997314453125
2007-12-24,51.99592971801758
2007-12-26,51.540061950683594
2007-12-27,52.1019287109375
2007-12-28,52.914390563964844
2007-12-31,53.23479461669922
2008-01-02,54.00152587890625
2008-01-03,53.9271240234375
2008-01-04,53.938541412353516
2008-01-07,54.17316436767578
2008-01-08,54.11024475097656
2008-01-09,54.21319580078125
2008-01-10,53.480865478515625
2008-01-11,53.89851379394531
2008-01-14,54.09880447387695
2008-01-15,54.70529556274414
2008-01-16,54.31049346923828
2008-01-17,55.01423645019531
2008-01-18,54.636661529541016
2008-01-22,55.220211029052734
2008-01-23,55.094383239746094
2008-01-24,53.99011993408203
2008-01-25,54.89985275268555
2008-01-28,54.69385528564453
2008-01-29,54.32192611694336
2008-01-30,53.96718215942383
2008-01-31,54.350521087646484
2008-02-01,54.6772346496582
2008-02-04,54.114566802978516
2008-02-05,54.527957916259766
2008-02-06,54.361446380615234
2008-02-07,53.190216064453125
2008-02-08,53.79877853393555
2008-02-11,54.02266311645508
2008-02-12,53.70119094848633
2008-02-13,53.132747650146484
2008-02-14,52.35190963745117
2008-02-15,52.75376892089844
2008-02-19,52.2198600769043
2008-02-20,52.58156204223633
2008-02-21,53.138492584228516
2008-02-22,52.834144592285156
2008-02-25,52.29450988769531
2008-02-26,52.31172561645508
2008-02-27,52.357627868652344
2008-02-28,53.28778839111328
2008-02-29,54.10306167602539
2008-03-03,53.96363067626953
2008-03-04,53.439186096191406
2008-03-05,52.79954147338867
2008-03-06,53.081886291503906
2008-03-07,53.15107345581055
2008-03-10,53.934791564941406
2008-03-11,53.47378158569336
2008-03-12,54.50529479980469
2008-03-13,54.07886505126953
2008-03-14,54.74735641479492
2008-03-17,55.16807174682617
2008-03-18,54.954833984375
2008-03-19,55.86536407470703
2008-03-20,56.0036735534668
2008-03-24,54.92024612426758
2008-03-25,55.150787353515625
2008-03-26,54.92024612426758
2008-03-27,54.53411865234375
2008-03-28,55.064300537109375
2008-03-31,55.26026916503906
2008-04-01,54.36091995239258
2008-04-02,54.47662353515625
2008-04-03,54.59815979003906
2008-04-04,55.09588623046875
2008-04-07,54.80653762817383
2008-04-08,54.61553955078125
2008-04-09,55.18268585205078
2008-04-10,54.99749755859375
2008-04-11,55.36790084838867
2008-04-14,55.04380798339844
2008-04-15,54.36091995239258
2008-04-16,53.82847213745117
2008-04-17,53.73588180541992
2008-04-18,53.6895866394043
2008-04-21,53.903709411621094
2008-04-22,54.08892059326172
2008-04-23,53.909481048583984
2008-04-24,53.452308654785156
2008-04-25,53.139766693115234
2008-04-28,53.301795959472656
2008-04-29,53.504371643066406
2008-04-30,53.88632583618164
2008-05-01,53.8897819519043
2008-05-02,53.210235595703125
2008-05-05,53.210235595703125
2008-05-06,52.826927185058594
2008-05-07,53.05339813232422
2008-05-08,53.52970886230469
2008-05-09,53.72718048095703
2008-05-12,53.6458740234375
2008-05-13,53.059226989746094
2008-05-14,53.08244323730469
2008-05-15,53.56459045410156
2008-05-16,53.34382247924805
2008-05-19,53.41353225708008
2008-05-20,53.692344665527344
2008-05-21,53.70391082763672
2008-05-22,53.07085037231445
2008-05-23,53.30318832397461
2008-05-27,52.943077087402344
2008-05-28,52.47257995605469
2008-05-29,52.09504699707031
2008-05-30,52.43775177001953
2008-06-02,52.63999557495117
2008-06-03,53.018985748291016
2008-06-04,52.5467414855957
2008-06-05,52.23194885253906
2008-06-06,52.90816879272461
2008-06-09,52.90816879272461
2008-06-10,52.56422424316406
2008-06-11,52.44181823730469
2008-06-12,51.91716384887695
2008-06-13,51.80641174316406
2008-06-16,51.818050384521484
2008-06-17,51.923004150390625
2008-06-18,52.360164642333984
2008-06-19,52.05122375488281
2008-06-20,52.3543815612793
2008-06-23,52.465110778808594
2008-06-24,52.81492614746094
2008-06-25,52.83819580078125
2008-06-26,53.193824768066406
2008-06-27,53.81757736206055
2008-06-30,53.8292350769043
2008-07-01,53.70167922973633
2008-07-02,53.982505798339844
2008-07-03,53.86552047729492
2008-07-07,54.11119842529297
2008-07-08,54.46226119995117
2008-07-09,54.70216369628906
2008-07-10,54.696285247802734
2008-07-11,53.91816711425781
2008-07-14,54.392059326171875
2008-07-15,54.374473571777344
2008-07-16,53.39162063598633
2008-07-17,53.11663818359375
2008-07-18,52.917720794677734
2008-07-21,53.12250900268555
2008-07-22,52.85923385620117
2008-07-23,52.75391387939453
2008-07-24,53.26873016357422
2008-07-25,52.73638153076172
2008-07-28,53.26873016357422
2008-07-29,53.05230712890625
2008-07-30,53.10492706298828
2008-07-31,53.63148880004883
2008-08-01,53.75010681152344
2008-08-04,53.62678146362305
2008-08-05,53.227508544921875
2008-08-06,53.01026153564453
2008-08-07,53.87337875366211
2008-08-08,54.02022933959961
2008-08-11,53.50349426269531
2008-08-12,54.00260925292969
2008-08-13,53.81467819213867
2008-08-14,54.16116714477539
2008-08-15,54.6308708190918
2008-08-18,54.84812545776367
2008-08-19,54.6367301940918
2008-08-20,54.789398193359375
2008-08-21,54.6895866394043
2008-08-22,54.654354095458984
2008-08-25,55.20045471191406
2008-08-26,55.24740982055664
2008-08-27,55.34132766723633
2008-08-28,55.34722900390625
2008-08-29,55.100582122802734
2008-09-02,55.613304138183594
2008-09-03,55.84900665283203
2008-09-04,56.296875
2008-09-05,56.267425537109375
2008-09-08,56.50312042236328
2008-09-09,57.06299591064453
2008-09-10,56.70942687988281
2008-09-11,56.67993927001953
2008-09-12,55.94919204711914
2008-09-15,57.76425552368164
2008-09-16,57.75250244140625
2008-09-17,58.04124450683594
2008-09-18,57.19267272949219
2008-09-19,55.37754440307617
2008-09-22,55.37168502807617
2008-09-23,55.15956497192383
2008-09-24,55.401126861572266
2008-09-25,55.28921127319336
2008-09-26,55.6899528503418
2008-09-29,57.31050109863281
2008-09-30,55.913841247558594
2008-10-01,56.61727523803711
2008-10-02,57.07246017456055
2008-10-03,57.57490158081055
2008-10-06,58.62114334106445
2008-10-07,58.44386291503906
2008-10-08,57.60445022583008
2008-10-09,57.11970138549805
2008-10-10,56.71778869628906
2008-10-13,55.9907112121582
2008-10-14,55.63010787963867
2008-10-15,56.162147521972656
2008-10-16,55.87251281738281
2008-10-17,55.48823547363281
2008-10-20,55.93153762817383
2008-10-21,56.22713088989258
2008-10-22,57.36800003051758
2008-10-23,57.793582916259766
2008-10-24,57.17885971069336
2008-10-27,57.220218658447266
2008-10-28,56.38672637939453
2008-10-29,56.102970123291016
2008-10-30,55.59464645385742
2008-10-31,54.873477935791016
2008-11-03,55.021854400634766
2008-11-04,56.05453109741211
2008-11-05,56.71921157836914
2008-11-06,56.30974578857422
2008-11-07,55.941741943359375
2008-11-10,56.21477508544922
2008-11-11,56.380924224853516
2008-11-12,56.742977142333984
2008-11-13,55.38389587402344
2008-11-14,56.481849670410156
2008-11-17,56.73109436035156
2008-11-18,57.46109390258789
2008-11-19,58.93288040161133
2008-11-20,61.977474212646484
2008-11-21,61.081295013427734
2008-11-24,60.125831604003906
2008-11-25,61.894371032714844
2008-11-26,61.977474212646484
2008-11-28,62.743106842041016
2008-12-01,65.14582061767578
2008-12-02,65.39600372314453
2008-12-03,65.5805892944336
2008-12-04,66.87277221679688
2008-12-05,65.7889633178711
2008-12-08,65.64602661132812
2008-12-09,66.94418334960938
2008-12-10,66.78341674804688
2008-12-11,66.91446685791016
2008-12-12,66.91446685791016
2008-12-15,67.67664337158203
2008-12-16,69.34998321533203
2008-12-17,71.2316665649414
2008-12-18,72.72631072998047
2008-12-19,72.80374908447266
2008-12-22,72.24396514892578
2008-12-23,72.14871978759766
2008-12-24,71.993896484375
2008-12-26,72.23210906982422
2008-12-29,72.14549255371094
2008-12-30,72.83255767822266
2008-12-31,71.30899810791016
2009-01-02,69.51652526855469
2009-01-05,67.72417449951172
2009-01-06,67.04299926757812
2009-01-07,67.30590057373047
2009-01-08,67.25215148925781
2009-01-09,67.3536376953125
2009-01-12,68.05274963378906
2009-01-13,68.12442779541016
2009-01-14,69.24766540527344
2009-01-15,69.36119842529297
2009-01-16,68.2917251586914
2009-01-20,68.27978515625
2009-01-21,66.12287902832031
2009-01-22,64.85022735595703
2009-01-23,64.34237670898438
2009-01-26,63.780757904052734
2009-01-27,65.2804183959961
2009-01-28,63.64931106567383
2009-01-29,62.18550109863281
2009-01-30,61.98833084106445
2009-02-02,63.14161682128906
2009-02-03,61.63780212402344
2009-02-04,61.422149658203125
2009-02-05,61.476078033447266
2009-02-06,61.28438186645508
2009-02-09,61.48210144042969
2009-02-10,62.81812286376953
2009-02-11,63.63296127319336
2009-02-12,63.0338020324707
2009-02-13,61.35623550415039
2009-02-17,63.26744079589844
2009-02-18,62.72827911376953
2009-02-19,61.661827087402344
2009-02-20,62.26092529296875
2009-02-23,62.836097717285156
2009-02-24,62.77018356323242
2009-02-25,62.04527282714844
2009-02-26,61.3922233581543
2009-02-27,61.038692474365234
2009-03-02,62.049259185791016
2009-03-03,61.634674072265625
2009-03-04,61.352378845214844
2009-03-05,63.05854797363281
2009-03-06,62.63801193237305
2009-03-09,62.271541595458984
2009-03-10,61.07597351074219
2009-03-11,61.736846923828125
2009-03-12,62.03120422363281
2009-03-13,61.7188606262207
2009-03-16,60.74554443359375
2009-03-17,60.415077209472656
2009-03-18,62.704097747802734
2009-03-19,62.782188415527344
2009-03-20,62.4337158203125
2009-03-23,61.893028259277344
2009-03-24,62.481842041015625
2009-03-25,61.640682220458984
2009-03-26,62.355648040771484
2009-03-27,62.81821060180664
2009-03-30,63.05854797363281
2009-03-31,63.50918197631836
2009-04-01,64.08877563476562
2009-04-02,63.30553436279297
2009-04-03,62.0101203918457
2009-04-06,61.7449951171875
2009-04-07,61.901676177978516
2009-04-08,62.44997024536133
2009-04-09,61.66666793823242
2009-04-13,62.23308563232422
2009-04-14,62.558406829833984
2009-04-15,62.44997024536133
2009-04-16,61.9559211730957
2009-04-17,61.27501678466797
2009-04-20,62.202919006347656
2009-04-21,61.58835220336914
2009-04-22,61.21479034423828
2009-04-23,61.20878601074219
2009-04-24,60.59425735473633
2009-04-27,60.853355407714844
2009-04-28,59.859169006347656
2009-04-29,59.328975677490234
2009-04-30,59.093997955322266
2009-05-01,58.68724822998047
2009-05-04,58.880680084228516
2009-05-05,58.80813217163086
2009-05-06,58.66910934448242
2009-05-07,57.2368278503418
2009-05-08,57.37583541870117
2009-05-11,58.19169998168945
2009-05-12,58.40324020385742
2009-05-13,59.03773880004883
2009-05-14,59.26744079589844
2009-05-15,59.24931335449219
2009-05-18,58.3306999206543
2009-05-19,58.02250671386719
2009-05-20,58.63286209106445
2009-05-21,57.158260345458984
2009-05-22,56.52372741699219
2009-05-26,55.67158889770508
2009-05-27,54.686500549316406
2009-05-28,55.478233337402344
2009-05-29,56.91050720214844
2009-06-01,55.227996826171875
2009-06-02,55.52510452270508
2009-06-03,56.0465202331543
2009-06-04,54.88850784301758
2009-06-05,54.470130920410156
2009-06-08,54.33069610595703
2009-06-09,54.32463455200195
2009-06-10,53.46977615356445
2009-06-11,54.06394577026367
2009-06-12,54.5489616394043
2009-06-15,55.04010772705078
2009-06-16,55.998008728027344
2009-06-17,55.6827507019043
2009-06-18,54.8399543762207
2009-06-19,55.59180450439453
2009-06-22,56.131439208984375
2009-06-23,56.79227828979492
2009-06-24,56.22233581542969
2009-06-25,57.25309371948242
2009-06-26,57.350074768066406
2009-06-29,57.43499755859375
2009-06-30,57.33794403076172
2009-07-01,57.22419738769531
2009-07-02,57.35800552368164
2009-07-06,57.248565673828125
2009-07-07,57.63173294067383
2009-07-08,58.69620132446289
2009-07-09,57.99669647216797
2009-07-10,58.5319709777832
2009-07-13,58.203514099121094
2009-07-14,57.23634719848633
2009-07-15,55.76437759399414
2009-07-16,56.36656188964844
2009-07-17,55.496734619140625
2009-07-20,55.788734436035156
2009-07-21,56.90180969238281
2009-07-22,56.39090347290039
2009-07-23,55.35689926147461
2009-07-24,55.62449264526367
2009-07-27,54.98588180541992
2009-07-28,55.47246170043945
2009-07-29,55.77658462524414
2009-07-30,56.56729507446289
2009-07-31,57.66820526123047
2009-08-03,56.79426956176758
2009-08-04,56.3426513671875
2009-08-05,55.500423431396484
2009-08-06,55.689632415771484
2009-08-07,55.22576904296875
2009-08-10,55.91545867919922
2009-08-11,56.56239318847656
2009-08-12,55.95817565917969
2009-08-13,56.75156784057617
2009-08-14,56.97126770019531
2009-08-17,57.813514709472656
2009-08-18,57.47783660888672
2009-08-19,57.95387649536133
2009-08-20,58.42988586425781
2009-08-21,57.227622985839844
2009-08-24,58.26509094238281
2009-08-25,58.594669342041016
2009-08-26,58.863189697265625
2009-08-27,58.63125228881836
2009-08-28,58.89979934692383
2009-08-31,58.95476531982422
2009-09-01,58.81212615966797
2009-09-02,59.66920852661133
2009-09-03,59.3018798828125
2009-09-04,58.291656494140625
2009-09-08,57.8814697265625
2009-09-09,57.81414794921875
2009-09-10,58.87944793701172
2009-09-11,59.20390319824219
2009-09-14,58.616127014160156
2009-09-15,58.316165924072266
2009-09-16,58.42027282714844
2009-09-17,59.15496826171875
2009-09-18,58.6284065246582
2009-09-21,58.76309585571289
2009-09-22,58.88557434082031
2009-09-23,59.06311798095703
2009-09-24,59.23453140258789
2009-09-25,59.98759841918945
2009-09-28,60.51411437988281
2009-09-29,60.45901107788086
2009-09-30,60.403865814208984
2009-10-01,61.231163024902344
2009-10-02,60.80742645263672
2009-10-05,60.81354522705078
2009-10-06,60.21169662475586
2009-10-07,60.918006896972656
2009-10-08,60.279266357421875
2009-10-09,58.897403717041016
2009-10-12,58.989559173583984
2009-10-13,59.29656219482422
2009-10-14,58.41838455200195
2009-10-15,58.14813995361328
2009-10-16,58.621036529541016
2009-10-19,59.08163070678711
2009-10-20,59.4010009765625
2009-10-21,59.044822692871094
2009-10-22,58.756126403808594
2009-10-23,58.31395721435547
2009-10-26,57.558509826660156
2009-10-27,58.34467315673828
2009-10-28,58.621036529541016
2009-10-29,57.98232650756836
2009-10-30,58.82368469238281
2009-11-02,58.56369400024414
2009-11-03,57.97834777832031
2009-11-04,57.44847869873047
2009-11-05,57.44847869873047
2009-11-06,57.503936767578125
2009-11-09,57.57172775268555
2009-11-10,57.46701431274414
2009-11-11,57.70721435546875
2009-11-12,57.602535247802734
2009-11-13,57.867488861083984
2009-11-16,58.54517364501953
2009-11-17,58.859432220458984
2009-11-18,58.51441192626953
2009-11-19,58.61914825439453
2009-11-20,58.6068229675293
2009-11-23,58.53290557861328
2009-11-24,58.9025764465332
2009-11-25,59.173675537109375
2009-11-27,59.39550018310547
2009-11-30,59.537174224853516
2009-12-01,58.87401580810547
2009-12-02,58.92339324951172
2009-12-03,58.311485290527344
2009-12-04,57.69338607788086
2009-12-07,57.76759719848633
2009-12-08,57.85408401489258
2009-12-09,57.58831787109375
2009-12-10,56.92698669433594
2009-12-11,56.920806884765625
2009-12-14,56.9887580871582
2009-12-15,56.73533248901367
2009-12-16,56.667335510253906
2009-12-17,57.600711822509766
2009-12-18,57.35343551635742
2009-12-21,56.33359146118164
2009-12-22,56.01836395263672
2009-12-23,56.03068542480469
2009-12-24,55.449676513671875
2009-12-28,55.295143127441406
2009-12-29,55.6599006652832
2009-12-30,56.02587890625
2009-12-31,55.759193420410156
2010-01-04,55.70956802368164
2010-01-05,56.069332122802734
2010-01-06,55.31875991821289
2010-01-07,55.41177749633789
2010-01-08,55.38698196411133
2010-01-11,55.08301544189453
2010-01-12,56.02587890625
2010-01-13,55.374568939208984
2010-01-14,56.14992141723633
2010-01-15,56.497318267822266
2010-01-19,56.3360481262207
2010-01-20,56.90672302246094
2010-01-21,57.16722869873047
2010-01-22,57.06804656982422
2010-01-25,56.80747604370117
2010-01-26,56.826045989990234
2010-01-27,56.79505157470703
2010-01-28,56.76408004760742
2010-01-29,57.26028823852539
2010-02-01,56.74047088623047
2010-02-02,56.90236282348633
2010-02-03,56.24250793457031
2010-02-04,57.13267517089844
2010-02-05,57.257179260253906
2010-02-08,57.33191680908203
2010-02-09,56.75918197631836
2010-02-10,56.217620849609375
2010-02-11,55.91260528564453
2010-02-12,56.14291000366211
2010-02-16,56.24872589111328
2010-02-17,55.6075553894043
2010-02-18,55.38350296020508
2010-02-19,55.682254791259766
2010-02-22,55.45196533203125
2010-02-23,56.31721115112305
2010-02-24,56.45414352416992
2010-02-25,56.77161407470703
2010-02-26,57.064178466796875
2010-03-01,57.03922653198242
2010-03-02,56.964298248291016
2010-03-03,56.82065963745117
2010-03-04,57.12042236328125
2010-03-05,56.37104415893555
2010-03-08,56.07752990722656
2010-03-09,56.090049743652344
2010-03-10,55.946407318115234
2010-03-11,56.15249252319336
2010-03-12,56.50223922729492
2010-03-15,56.42724609375
2010-03-16,56.876869201660156
2010-03-17,57.12042236328125
2010-03-18,56.93302917480469
2010-03-19,56.98928451538086
2010-03-22,57.05170440673828
2010-03-23,56.7831916809082
2010-03-24,55.746585845947266
2010-03-25,55.39060974121094
2010-03-26,55.546722412109375
2010-03-29,55.33441162109375
2010-03-30,55.509300231933594
2010-03-31,55.89018630981445
2010-04-01,55.75355529785156
2010-04-05,54.82589340209961
2010-04-06,54.913658142089844
2010-04-07,55.61567306518555
2010-04-08,55.640716552734375
2010-04-09,55.77237319946289
2010-04-12,56.066959381103516
2010-04-13,56.24867630004883
2010-04-14,55.85386657714844
2010-04-15,55.916542053222656
2010-04-16,56.32389450073242
2010-04-19,56.186092376708984
2010-04-20,56.38664245605469
2010-04-21,56.8504753112793
2010-04-22,56.681236267089844
2010-04-23,56.480655670166016
2010-04-26,56.54334259033203
2010-04-27,57.33938217163086
2010-04-28,56.8504753112793
2010-04-29,57.088661193847656
2010-04-30,57.746788024902344
2010-05-03,57.67124938964844
2010-05-04,58.70912551879883
2010-05-05,59.055076599121094
2010-05-06,60.87908935546875
2010-05-07,60.11800765991211
2010-05-10,58.87263107299805
2010-05-11,58.72168731689453
2010-05-12,58.27515411376953
2010-05-13,58.658817291259766
2010-05-14,59.677703857421875
2010-05-17,59.45759201049805
2010-05-18,60.36961364746094
2010-05-19,60.57090759277344
2010-05-20,61.847686767578125
2010-05-21,61.91059875488281
2010-05-24,61.69675064086914
2010-05-25,61.9986457824707
2010-05-26,61.822574615478516
2010-05-27,60.41994094848633
2010-05-28,60.69667053222656
2010-06-01,61.12330627441406
2010-06-02,60.542728424072266
2010-06-03,60.10090255737305
2010-06-04,61.71656799316406
2010-06-07,62.18987274169922
2010-06-08,61.880645751953125
2010-06-09,61.811222076416016
2010-06-10,60.70683288574219
2010-06-11,61.476749420166016
2010-06-14,61.16114807128906
2010-06-15,60.90875244140625
2010-06-16,61.25589370727539
2010-06-17,61.75442123413086
2010-06-18,61.65343475341797
2010-06-21,61.476749420166016
2010-06-22,62.2088623046875
2010-06-23,62.63172149658203
2010-06-24,62.259315490722656
2010-06-25,62.51178741455078
2010-06-28,63.09872817993164
2010-06-29,63.78661346435547
2010-06-30,64.21576690673828
2010-07-01,64.3170394897461
2010-07-02,63.8043327331543
2010-07-06,64.32975006103516
2010-07-07,63.57638931274414
2010-07-08,63.17124557495117
2010-07-09,62.810386657714844
2010-07-12,62.78510284423828
2010-07-13,62.247013092041016
2010-07-14,62.873748779296875
2010-07-15,63.50046157836914
2010-07-16,63.81064224243164
2010-07-19,63.418128967285156
2010-07-20,63.51310729980469
2010-07-21,64.58926391601562
2010-07-22,63.8422737121582
2010-07-23,63.16493606567383
2010-07-26,63.057342529296875
2010-07-27,62.44963836669922
2010-07-28,62.65218734741211
2010-07-29,62.63313293457031
2010-07-30,63.608036041259766
2010-08-02,62.71513748168945
2010-08-03,63.077117919921875
2010-08-04,62.59441375732422
2010-08-05,62.88661575317383
2010-08-06,63.57248306274414
2010-08-09,63.33748245239258
2010-08-10,63.470882415771484
2010-08-11,64.3218994140625
2010-08-12,64.16309356689453
2010-08-13,64.9633560180664
2010-08-16,66.58915710449219
2010-08-17,66.20812225341797
2010-08-18,66.3859634399414
2010-08-19,67.42115783691406
2010-08-20,67.34490203857422
2010-08-23,67.357666015625
2010-08-24,68.43726348876953
2010-08-25,68.2149887084961
2010-08-26,68.85643768310547
2010-08-27,66.9067153930664
2010-08-30,68.18959045410156
2010-08-31,68.94537353515625
2010-09-01,67.51978302001953
2010-09-02,66.80636596679688
2010-09-03,65.97825622558594
2010-09-07,67.32870483398438
2010-09-08,66.79362487792969
2010-09-09,65.47509002685547
2010-09-10,65.17568969726562
2010-09-13,65.49415588378906
2010-09-14,66.12481689453125
2010-09-15,65.14384460449219
2010-09-16,64.50053405761719
2010-09-17,64.76168060302734
2010-09-20,65.13749694824219
2010-09-21,66.0420150756836
2010-09-22,66.63439178466797
2010-09-23,66.82548522949219
2010-09-24,65.9273452758789
2010-09-27,67.0739517211914
2010-09-28,67.53254699707031
2010-09-29,67.25226593017578
2010-09-30,67.20765686035156
2010-10-01,66.88290405273438
2010-10-04,67.05550384521484
2010-10-05,66.6526870727539
2010-10-06,67.49026489257812
2010-10-07,66.92765808105469
2010-10-08,66.63351440429688
2010-10-11,66.64635467529297
2010-10-12,65.98780059814453
2010-10-13,65.88550567626953
2010-10-14,64.90086364746094
2010-10-15,64.10810852050781
2010-10-18,64.6259765625
2010-10-19,65.01594543457031
2010-10-20,65.15657806396484
2010-10-21,64.38294982910156
2010-10-22,64.8177719116211
2010-10-25,65.00316619873047
2010-10-26,63.9993896484375
2010-10-27,63.43675994873047
2010-10-28,63.609413146972656
2010-10-29,64.20402526855469
2010-11-01,63.92755126953125
2010-11-02,64.76773834228516
2010-11-03,63.44649887084961
2010-11-04,63.94035339355469
2010-11-05,62.843605041503906
2010-11-08,63.12576675415039
2010-11-09,61.73398971557617
2010-11-10,61.8173713684082
2010-11-11,61.785274505615234
2010-11-12,61.45176696777344
2010-11-15,60.16902542114258
2010-11-16,61.66340255737305
2010-11-17,61.32349395751953
2010-11-18,61.573604583740234
2010-11-19,61.95203399658203
2010-11-22,62.215057373046875
2010-11-23,62.52289581298828
2010-11-24,61.406864166259766
2010-11-26,62.259918212890625
2010-11-29,62.792274475097656
2010-11-30,63.119388580322266
2010-12-01,61.71627426147461
2010-12-02,61.55538558959961
2010-12-03,61.07269287109375
2010-12-06,61.93510437011719
2010-12-07,60.60929489135742
2010-12-08,60.023590087890625
2010-12-09,60.31967544555664
2010-12-10,59.95280838012695
2010-12-13,60.178077697753906
2010-12-14,59.30276870727539
2010-12-15,58.530418395996094
2010-12-16,58.93586349487305
2010-12-17,60.01076889038086
2010-12-20,59.94636535644531
2010-12-21,60.36470031738281
2010-12-22,59.93347930908203
2010-12-23,59.811241149902344
2010-12-27,60.34541320800781
2010-12-28,59.163570404052734
2010-12-29,60.164546966552734
2010-12-30,60.119354248046875
2010-12-31,60.784603118896484
2011-01-03,60.326080322265625
2011-01-04,60.397056579589844
2011-01-05,59.06673049926758
2011-01-06,59.32501983642578
2011-01-07,59.64144515991211
2011-01-10,59.96438217163086
2011-01-11,59.62858200073242
2011-01-12,59.163570404052734
2011-01-13,59.69313049316406
2011-01-14,59.312095642089844
2011-01-18,59.03440856933594
2011-01-19,59.460601806640625
2011-01-20,58.640419006347656
2011-01-21,59.10543441772461
2011-01-24,59.131290435791016
2011-01-25,59.69313049316406
2011-01-26,58.788970947265625
2011-01-27,59.053802490234375
2011-01-28,59.36376953125
2011-01-31,58.91169738769531
2011-02-01,58.62002182006836
2011-02-02,58.63302230834961
2011-02-03,58.146949768066406
2011-02-04,57.55718231201172
2011-02-07,57.85526657104492
2011-02-08,57.32386016845703
2011-02-09,57.822898864746094
2011-02-10,57.155338287353516
2011-02-11,57.97842025756836
2011-02-14,58.017356872558594
2011-02-15,58.276588439941406
2011-02-16,58.088623046875
2011-02-17,58.17932891845703
2011-02-18,57.99790954589844
2011-02-22,58.86629867553711
2011-02-23,59.080169677734375
2011-02-24,59.4560661315918
2011-02-25,59.80605697631836
2011-02-28,59.883853912353516
2011-03-01,60.057464599609375
2011-03-02,59.1341552734375
2011-03-03,58.55549621582031
2011-03-04,59.04318618774414
2011-03-07,58.666046142578125
2011-03-08,58.30849075317383
2011-03-09,58.87409591674805
2011-03-10,59.86231994628906
2011-03-11,59.5242805480957
2011-03-14,59.49829864501953
2011-03-15,60.38903045654297
2011-03-16,61.07168960571289
2011-03-17,60.60354995727539
2011-03-18,60.766136169433594
2011-03-21,60.40851974487305
2011-03-22,60.6100959777832
2011-03-23,60.532047271728516
2011-03-24,60.076908111572266
2011-03-25,59.92741394042969
2011-03-28,60.01192092895508
2011-03-29,59.55027770996094
2011-03-30,60.024879455566406
2011-03-31,59.90138626098633
2011-04-01,60.19259262084961
2011-04-04,60.257869720458984
2011-04-05,60.016300201416016
2011-04-06,59.1152458190918
2011-04-07,58.997745513916016
2011-04-08,58.68433380126953
2011-04-11,58.736576080322266
2011-04-12,59.36992263793945
2011-04-13,59.7420768737793
2011-04-14,59.69639205932617
2011-04-15,60.50598907470703
2011-04-18,60.64310073852539
2011-04-19,60.904232025146484
2011-04-20,60.512489318847656
2011-04-21,60.46028518676758
2011-04-25,60.68878173828125
2011-04-26,61.27642822265625
2011-04-27,60.649627685546875
2011-04-28,61.11320495605469
2011-04-29,61.302547454833984
2011-05-02,61.40091323852539
2011-05-03,61.7484016418457
2011-05-04,62.023773193359375
2011-05-05,62.61397933959961
2011-05-06,62.33859634399414
2011-05-09,62.27299880981445
2011-05-10,61.827110290527344
2011-05-11,62.18117141723633
2011-05-12,61.787776947021484
2011-05-13,62.34512710571289
2011-05-16,62.6926383972168
2011-05-17,63.33523178100586
2011-05-18,62.4959602355957
2011-05-19,62.46967697143555
2011-05-20,62.502471923828125
2011-05-23,62.80413818359375
2011-05-24,63.04020309448242
2011-05-25,62.74510955810547
2011-05-26,63.282772064208984
2011-05-27,63.25657653808594
2011-05-31,63.40083312988281
2011-06-01,64.25767517089844
2011-06-02,63.033592224121094
2011-06-03,63.39555358886719
2011-06-06,62.915122985839844
2011-06-07,63.204715728759766
2011-06-08,63.69830322265625
2011-06-09,63.441627502441406
2011-06-10,63.928646087646484
2011-06-13,63.606143951416016
2011-06-14,62.645294189453125
2011-06-15,63.7838249206543
2011-06-16,64.07341766357422
2011-06-17,63.770687103271484
2011-06-20,63.84966278076172
2011-06-21,63.56667709350586
2011-06-22,63.606143951416016
2011-06-23,64.0931625366211
2011-06-24,63.82332229614258
2011-06-27,62.948081970214844
2011-06-28,62.44129180908203
2011-06-29,62.02672576904297
2011-06-30,61.92799758911133
2011-07-01,61.82889175415039
2011-07-05,61.96760559082031
2011-07-06,62.28456497192383
2011-07-07,62.09965896606445
2011-07-08,62.9779167175293
2011-07-11,63.922245025634766
2011-07-12,64.14010620117188
2011-07-13,64.31847381591797
2011-07-14,63.40060043334961
2011-07-15,63.506229400634766
2011-07-18,62.892093658447266
2011-07-19,64.19963073730469
2011-07-20,63.44020080566406
2011-07-21,62.95152282714844
2011-07-22,63.42702865600586
2011-07-25,62.73365783691406
2011-07-26,63.16283416748047
2011-07-27,63.169464111328125
2011-07-28,63.40717315673828
2011-07-29,64.66184997558594
2011-08-01,65.31444549560547
2011-08-02,67.27558898925781
2011-08-03,67.40809631347656
2011-08-04,69.80654907226562
2011-08-05,67.79240417480469
2011-08-08,69.93244934082031
2011-08-09,70.14451599121094
2011-08-10,72.23149108886719
2011-08-11,68.58749389648438
2011-08-12,69.9456787109375
2011-08-15,69.23674774169922
2011-08-16,70.38298797607422
2011-08-17,71.61534118652344
2011-08-18,73.086181640625
2011-08-19,73.67588806152344
2011-08-22,73.4903564453125
2011-08-23,72.47669982910156
2011-08-24,70.41610717773438
2011-08-25,71.17800903320312
2011-08-26,71.88031768798828
2011-08-29,70.88654327392578
2011-08-30,72.02605438232422
2011-08-31,70.9130630493164
2011-09-01,72.41626739501953
2011-09-02,74.76876068115234
2011-09-06,75.54629516601562
2011-09-07,74.10420227050781
2011-09-08,74.76876068115234
2011-09-09,75.5661849975586
2011-09-12,75.64596557617188
2011-09-13,74.56938934326172
2011-09-14,75.2007064819336
2011-09-15,74.05105590820312
2011-09-16,74.58931732177734
2011-09-19,76.01148223876953
2011-09-20,76.33045959472656
2011-09-21,78.85574340820312
2011-09-22,81.81964874267578
2011-09-23,80.29782104492188
2011-09-26,79.00859069824219
2011-09-27,77.79914093017578
2011-09-28,77.77250671386719
2011-09-29,78.31080627441406
2011-09-30,80.27790069580078
2011-10-03,82.48715209960938
2011-10-04,81.44115447998047
2011-10-05,80.85484313964844
2011-10-06,79.36249542236328
2011-10-07,78.77621459960938
2011-10-10,77.66356658935547
2011-10-11,77.40371704101562
2011-10-12,76.27781677246094
2011-10-13,77.03728485107422
2011-10-14,75.91801452636719
2011-10-17,77.23048400878906
2011-10-18,76.75080871582031
2011-10-19,76.72419738769531
2011-10-20,76.1778564453125
2011-10-21,75.37167358398438
2011-10-24,75.49829864501953
2011-10-25,77.41706085205078
2011-10-26,76.0645980834961
2011-10-27,73.48626708984375
2011-10-28,74.2590560913086
2011-10-31,77.2038803100586
2011-11-01,79.78823852539062
2011-11-02,78.79290008544922
2011-11-03,77.71086120605469
2011-11-04,77.80438232421875
2011-11-07,78.29864501953125
2011-11-08,77.2967300415039
2011-11-09,78.89983367919922
2011-11-10,77.72422790527344
2011-11-11,77.24995422363281
2011-11-14,78.4923324584961
2011-11-15,78.38551330566406
2011-11-16,79.10023498535156
2011-11-17,79.73480224609375
2011-11-18,79.71475982666016
2011-11-21,80.18900299072266
2011-11-22,81.08406066894531
2011-11-23,81.87895965576172
2011-11-25,80.68997955322266
2011-11-28,80.64987182617188
2011-11-29,79.98858642578125
2011-11-30,78.73954010009766
2011-12-01,78.34443664550781
2011-12-02,79.4426040649414
2011-12-05,79.28194427490234
2011-12-06,78.5252685546875
2011-12-07,78.80657958984375
2011-12-08,79.79081726074219
2011-12-09,78.1502456665039
2011-12-12,79.02075958251953
2011-12-13,79.75733947753906
2011-12-14,81.26396179199219
2011-12-15,80.96260833740234
2011-12-16,81.90675354003906
2011-12-19,82.94465637207031
2011-12-20,80.8755874633789
2011-12-21,79.75059509277344
2011-12-22,80.08546447753906
2011-12-23,79.19483947753906
2011-12-27,79.57099151611328
2011-12-28,81.04219055175781
2011-12-29,81.19001007080078
2011-12-30,81.4520034790039
2012-01-03,80.22935485839844
2012-01-04,79.27548217773438
2012-01-05,79.13435363769531
2012-01-06,79.75914764404297
2012-01-09,79.61803436279297
2012-01-10,79.48369598388672
2012-01-11,80.51822662353516
2012-01-12,80.40404510498047
2012-01-13,81.20344543457031
2012-01-17,81.57962799072266
2012-01-18,80.59210968017578
2012-01-19,79.48369598388672
2012-01-20,78.58352661132812
2012-01-23,78.08642578125
2012-01-24,78.22750091552734
2012-01-25,78.03939819335938
2012-01-26,79.07390594482422
2012-01-27,79.32252502441406
2012-01-30,80.25628662109375
2012-01-31,81.18329620361328
2012-02-01,80.25333404541016
2012-02-02,80.21965789794922
2012-02-03,78.49581909179688
2012-02-06,79.2769775390625
2012-02-07,78.29386138916016
2012-02-08,78.35441589355469
2012-02-09,77.76854705810547
2012-02-10,78.77862548828125
2012-02-13,78.87965393066406
2012-02-14,79.29718780517578
2012-02-15,79.15575408935547
2012-02-16,78.5227279663086
2012-02-17,78.5025634765625
2012-02-21,77.63387298583984
2012-02-22,78.61032104492188
2012-02-23,78.61032104492188
2012-02-24,79.12205505371094
2012-02-27,79.8223648071289
2012-02-28,79.55980682373047
2012-02-29,79.07498168945312
2012-03-01,78.33051300048828
2012-03-02,79.0661849975586
2012-03-05,78.43849182128906
2012-03-06,79.39009857177734
2012-03-07,78.90420532226562
2012-03-08,78.11454772949219
2012-03-09,78.26973724365234
2012-03-12,78.25626373291016
2012-03-13,76.87946319580078
2012-03-14,74.94243621826172
2012-03-15,75.05717468261719
2012-03-16,75.2056884765625
2012-03-19,74.3079833984375
2012-03-20,74.60493469238281
2012-03-21,75.44860076904297
2012-03-22,75.69159698486328
2012-03-23,76.40696716308594
2012-03-26,76.01556396484375
2012-03-27,76.5622329711914
2012-03-28,76.4542465209961
2012-03-29,77.02794647216797
2012-03-30,75.72535705566406
2012-04-02,76.14488220214844
2012-04-03,74.82538604736328
2012-04-04,75.8539047241211
2012-04-05,76.40201568603516
2012-04-09,78.1883773803711
2012-04-10,79.07485961914062
2012-04-11,78.12751007080078
2012-04-12,77.80265045166016
2012-04-13,79.06128692626953
2012-04-16,78.94625854492188
2012-04-17,78.89885711669922
2012-04-18,79.12893676757812
2012-04-19,79.20335388183594
2012-04-20,79.2169418334961
2012-04-23,79.79209899902344
2012-04-24,79.2304458618164
2012-04-25,78.82447052001953
2012-04-26,79.29812622070312
2012-04-27,79.36578369140625
2012-04-30,79.38612365722656
2012-05-01,78.97435760498047
2012-05-02,79.53057861328125
2012-05-03,79.51016998291016
2012-05-04,80.13423919677734
2012-05-07,80.14781951904297
2012-05-08,80.57513427734375
2012-05-09,80.62942504882812
2012-05-10,80.39200592041016
2012-05-11,81.0567398071289
2012-05-14,82.1894760131836
2012-05-15,82.52184295654297
2012-05-16,82.75927734375
2012-05-17,84.22442626953125
2012-05-18,84.24479675292969
2012-05-21,84.0683364868164
2012-05-22,83.13233947753906
2012-05-23,83.7088623046875
2012-05-24,83.39019012451172
2012-05-25,83.7021484375
2012-05-29,83.4443588256836
2012-05-30,85.5606689453125
2012-05-31,86.55094146728516
2012-06-01,88.6056900024414
2012-06-04,87.90560150146484
2012-06-05,86.72972869873047
2012-06-06,84.99652862548828
2012-06-07,85.1256332397461
2012-06-08,85.1052474975586
2012-06-11,85.49266815185547
2012-06-12,84.71100616455078
2012-06-13,85.5470199584961
2012-06-14,85.43829345703125
2012-06-15,85.91405487060547
2012-06-18,86.37631225585938
2012-06-19,85.24791717529297
2012-06-20,85.66939544677734
2012-06-21,86.12478637695312
2012-06-22,84.97610473632812
2012-06-25,86.21314239501953
2012-06-26,85.87324523925781
2012-06-27,86.00924682617188
2012-06-28,86.21990966796875
2012-06-29,85.09848022460938
2012-07-02,85.97647094726562
2012-07-03,85.31574249267578
2012-07-05,85.75167846679688
2012-07-06,86.54862976074219
2012-07-09,87.31155395507812
2012-07-10,87.48866271972656
2012-07-11,87.59761810302734
2012-07-12,88.21748352050781
2012-07-13,87.98591613769531
2012-07-16,88.39457702636719
2012-07-17,87.6998062133789
2012-07-18,87.74748229980469
2012-07-19,87.52269744873047
2012-07-20,88.59213256835938
2012-07-23,89.08935546875
2012-07-24,89.79098510742188
2012-07-25,90.02259826660156
2012-07-26,89.1983642578125
2012-07-27,87.51592254638672
2012-07-30,88.16983032226562
2012-07-31,88.34693908691406
2012-08-01,87.90525817871094
2012-08-02,88.40357971191406
2012-08-03,86.97689819335938
2012-08-06,87.01106262207031
2012-08-07,85.89158630371094
2012-08-08,85.43425750732422
2012-08-09,85.37281036376953
2012-08-10,85.80290985107422
2012-08-13,85.65953826904297
2012-08-14,84.49909973144531
2012-08-15,83.31135559082031
2012-08-16,82.60143280029297
2012-08-17,83.00418090820312
2012-08-20,83.17488098144531
2012-08-21,83.54342651367188
2012-08-22,84.92232513427734
2012-08-23,85.27726745605469
2012-08-24,85.19532012939453
2012-08-27,85.69364166259766
2012-08-28,85.89840698242188
2012-08-29,85.52297973632812
2012-08-30,85.96669006347656
2012-08-31,87.18173217773438
2012-09-04,87.09415435791016
2012-09-05,86.68370819091797
2012-09-06,85.2403793334961
2012-09-07,84.84358215332031
2012-09-10,85.04881286621094
2012-09-11,84.51527404785156
2012-09-12,83.46179962158203
2012-09-13,83.13346862792969
2012-09-14,80.92398834228516
2012-09-17,81.89530944824219
2012-09-18,82.3058090209961
2012-09-19,82.84619903564453
2012-09-20,83.05132293701172
2012-09-21,83.14712524414062
2012-09-24,83.79701232910156
2012-09-25,84.62471771240234
2012-09-26,85.53450775146484
2012-09-27,84.92574310302734
2012-09-28,84.97362518310547
2012-10-01,85.2889175415039
2012-10-02,85.17237854003906
2012-10-03,85.19978332519531
2012-10-04,84.1373062133789
2012-10-05,83.04734802246094
2012-10-08,83.7465591430664
2012-10-09,83.59571075439453
2012-10-10,84.18527221679688
2012-10-11,84.76795196533203
2012-10-12,84.98043823242188
2012-10-15,84.78849792480469
2012-10-16,83.61630249023438
2012-10-17,82.8416748046875
2012-10-18,82.33441162109375
2012-10-19,83.45176696777344
2012-10-22,82.91705322265625
2012-10-23,84.10298919677734
2012-10-24,83.27355194091797
2012-10-25,82.84854125976562
2012-10-26,84.0687255859375
2012-10-31,84.5622787475586
2012-11-01,83.86994171142578
2012-11-02,83.80823516845703
2012-11-05,84.28121948242188
2012-11-06,83.48607635498047
2012-11-07,85.00096130371094
2012-11-08,86.26226043701172
2012-11-09,86.35823059082031
2012-11-12,86.50225067138672
2012-11-13,86.7901382446289
2012-11-14,86.87238311767578
2012-11-15,86.70101165771484
2012-11-16,86.62564086914062
2012-11-19,86.13894653320312
2012-11-20,85.27518463134766
2012-11-21,85.22720336914062
2012-11-23,85.14496612548828
2012-11-26,85.54942321777344
2012-11-27,85.88528442382812
2012-11-28,85.76188659667969
2012-11-29,85.77565002441406
2012-11-30,85.54251098632812
2012-12-03,85.62155151367188
2012-12-04,86.11602020263672
2012-12-05,86.07481384277344
2012-12-06,86.26030731201172
2012-12-07,85.46357727050781
2012-12-10,85.84134674072266
2012-12-11,85.18881225585938
2012-12-12,84.19972229003906
2012-12-13,84.26155853271484
2012-12-14,84.89344787597656
2012-12-17,83.62281799316406
2012-12-18,82.77114868164062
2012-12-19,83.04589080810547
2012-12-20,83.05960083007812
2012-12-21,83.96620178222656
2012-12-24,83.81509399414062
2012-12-26,84.11666107177734
2012-12-27,84.39885711669922
2012-12-28,84.8807373046875
2012-12-31,83.41449737548828
2013-01-02,82.29935455322266
2013-01-03,81.18426513671875
2013-01-04,81.50088500976562
2013-01-07,81.53530883789062
2013-01-08,82.07222747802734
2013-01-09,81.99652099609375
2013-01-10,81.76933288574219
2013-01-11,82.49898529052734
2013-01-14,82.27185821533203
2013-01-15,82.65044403076172
2013-01-16,82.82252502441406
2013-01-17,81.99652099609375
2013-01-18,82.62979888916016
2013-01-22,82.7880859375
2013-01-23,82.66419982910156
2013-01-24,82.37504577636719
2013-01-25,81.24620819091797
2013-01-28,80.95022583007812
2013-01-29,80.50277709960938
2013-01-30,80.3650894165039
2013-01-31,80.7574691772461
2013-02-01,79.7088851928711
2013-02-04,80.72991180419922
2013-02-05,80.01244354248047
2013-02-06,80.66781616210938
2013-02-07,80.48844909667969
2013-02-08,80.79883575439453
2013-02-11,80.73678588867188
2013-02-12,80.53667449951172
2013-02-13,79.88131713867188
2013-02-14,80.60569763183594
2013-02-15,80.37115478515625
2013-02-19,79.97101593017578
2013-02-20,80.21248626708984
2013-02-21,80.68156433105469
2013-02-22,80.73678588867188
2013-02-25,82.32350158691406
2013-02-26,81.84747314453125
2013-02-27,81.60601806640625
2013-02-28,81.7578353881836
2013-03-01,82.20309448242188
2013-03-04,81.76744079589844
2013-03-05,81.53244018554688
2013-03-06,80.79267120361328
2013-03-07,80.17041015625
2013-03-08,79.33390045166016
2013-03-11,79.4099349975586
2013-03-12,79.98372650146484
2013-03-13,79.90079498291016
2013-03-14,79.65885162353516
2013-03-15,80.03216552734375
2013-03-18,80.64054107666016
2013-03-19,81.18673706054688
2013-03-20,80.28107452392578
2013-03-21,81.05534362792969
2013-03-22,81.11761474609375
2013-03-25,81.04157257080078
2013-03-26,81.1383056640625
2013-03-27,81.82971954345703
2013-03-28,81.4148941040039
2013-04-01,82.02810668945312
2013-04-02,81.69550323486328
2013-04-03,82.429931640625
2013-04-04,83.413818359375
2013-04-05,85.09744262695312
2013-04-08,84.44615936279297
2013-04-09,84.23829650878906
2013-04-10,83.08124542236328
2013-04-11,83.24057006835938
2013-04-12,84.48076629638672
2013-04-15,85.2152328491211
2013-04-16,84.51541137695312
2013-04-17,85.07665252685547
2013-04-18,85.2845458984375
2013-04-19,85.10440063476562
2013-04-22,85.16669464111328
2013-04-23,84.86882781982422
2013-04-24,85.0835952758789
2013-04-25,84.71640014648438
2013-04-26,85.49242401123047
2013-04-29,85.18058776855469
2013-04-30,85.22913360595703
2013-05-01,86.10468292236328
2013-05-02,85.99356842041016
2013-05-03,83.96612548828125
2013-05-06,83.7578353881836
2013-05-07,83.43143463134766
2013-05-08,83.56340789794922
2013-05-09,83.34817504882812
2013-05-10,82.45248413085938
2013-05-13,81.82064056396484
2013-05-14,80.93179321289062
2013-05-15,81.4734115600586
2013-05-16,82.32051849365234
2013-05-17,81.2790298461914
2013-05-20,81.18177032470703
2013-05-21,81.82064056396484
2013-05-22,80.60550689697266
2013-05-23,80.98741149902344
2013-05-24,81.09847259521484
2013-05-28,79.04322814941406
2013-05-29,79.93202209472656
2013-05-30,79.73761749267578
2013-05-31,79.46682739257812
2013-06-03,79.88790893554688
2013-06-04,79.1501693725586
2013-06-05,80.24283599853516
2013-06-06,80.19415283203125
2013-06-07,78.76036834716797
2013-06-10,78.38449096679688
2013-06-11,79.31713104248047
2013-06-12,78.18263244628906
2013-06-13,79.40762329101562
2013-06-14,79.21974182128906
2013-06-17,78.8021240234375
2013-06-18,78.8438491821289
2013-06-19,78.0295181274414
2013-06-20,76.74883270263672
2013-06-21,75.44734954833984
2013-06-24,75.76055145263672
2013-06-25,75.08541870117188
2013-06-26,75.57262420654297
2013-06-27,76.34520721435547
2013-06-28,76.86724090576172
2013-07-01,77.02204895019531
2013-07-02,76.9732437133789
2013-07-03,76.74305725097656
2013-07-05,74.12704467773438
2013-07-08,74.84559631347656
2013-07-09,74.92227935791016
2013-07-10,74.3363265991211
2013-07-11,75.20832824707031
2013-07-12,75.14552307128906
2013-07-15,75.54315185546875
2013-07-16,75.80125427246094
2013-07-17,75.9407958984375
2013-07-18,74.99207305908203
2013-07-19,76.17796325683594
2013-07-22,76.28961181640625
2013-07-23,75.96865844726562
2013-07-24,75.00604248046875
2013-07-25,74.9781265258789
2013-07-26,75.43852996826172
2013-07-29,74.88745880126953
2013-07-30,74.85946655273438
2013-07-31,75.13155364990234
2013-08-01,73.68395233154297
2013-08-02,74.49518585205078
2013-08-05,73.92169952392578
2013-08-06,74.13847351074219
2013-08-07,74.6910171508789
2013-08-08,74.89383697509766
2013-08-09,75.01271057128906
2013-08-12,74.50218200683594
2013-08-13,73.42515563964844
2013-08-14,73.53704071044922
2013-08-15,72.54395294189453
2013-08-16,72.29219055175781
2013-08-19,71.66280364990234
2013-08-20,72.21533203125
2013-08-21,71.42500305175781
2013-08-22,72.15232849121094
2013-08-23,72.93560028076172
2013-08-26,73.2992935180664
2013-08-27,74.22241973876953
2013-08-28,73.62095642089844
2013-08-29,74.20842742919922
2013-08-30,74.12450408935547
2013-09-03,73.07901000976562
2013-09-04,72.9177474975586
2013-09-05,71.90103912353516
2013-09-06,72.2586441040039
2013-09-09,72.29365539550781
2013-09-10,71.78881072998047
2013-09-11,72.42691040039062
2013-09-12,72.32872009277344
2013-09-13,72.60921478271484
2013-09-16,72.12540435791016
2013-09-17,72.72144317626953
2013-09-18,73.61898803710938
2013-09-19,73.1842041015625
2013-09-20,73.56985473632812
2013-09-23,74.10977935791016
2013-09-24,74.90918731689453
2013-09-25,75.06343078613281
2013-09-26,74.53752136230469
2013-09-27,74.71981811523438
2013-09-30,74.607666015625
2013-10-01,74.38127136230469
2013-10-02,74.49372863769531
2013-10-03,74.37423706054688
2013-10-04,74.31800079345703
2013-10-07,74.62024688720703
2013-10-08,74.64140319824219
2013-10-09,74.04378509521484
2013-10-10,74.1633529663086
2013-10-11,74.14225769042969
2013-10-14,73.544677734375
2013-10-15,73.49542999267578
2013-10-16,74.41633605957031
2013-10-17,75.09134674072266
2013-10-18,75.25305938720703
2013-10-21,75.01394653320312
2013-10-22,75.85059356689453
2013-10-23,76.14582824707031
2013-10-24,75.85059356689453
2013-10-25,76.13180541992188
2013-10-28,75.87169647216797
2013-10-29,75.97013092041016
2013-10-30,75.51315307617188
2013-10-31,75.67486572265625
2013-11-01,74.85570526123047
2013-11-04,74.92618560791016
2013-11-05,74.03096771240234
2013-11-06,74.06621551513672
2013-11-07,74.6935806274414
2013-11-08,72.89606475830078
2013-11-11,72.62110900878906
2013-11-12,72.95951843261719
2013-11-13,73.22736358642578
2013-11-14,73.67852783203125
2013-11-15,73.82653045654297
2013-11-18,74.27064514160156
2013-11-19,73.70671081542969
2013-11-20,72.4519271850586
2013-11-21,72.57173156738281
2013-11-22,73.24848937988281
2013-11-25,73.45999145507812
2013-11-26,73.73489379882812
2013-11-27,73.60803985595703
2013-11-29,73.62915802001953
2013-12-02,73.05651092529297
2013-12-03,73.3251724243164
2013-12-04,72.62520599365234
2013-12-05,72.4201431274414
2013-12-06,72.76666259765625
2013-12-09,72.936279296875
2013-12-10,73.45947265625
2013-12-11,72.89382934570312
2013-12-12,72.61812591552734
2013-12-13,72.97164154052734
2013-12-16,72.70297241210938
2013-12-17,73.02819061279297
2013-12-18,72.66049194335938
2013-12-19,72.58983612060547
2013-12-20,73.70693969726562
2013-12-23,73.28976440429688
2013-12-24,72.70297241210938
2013-12-26,72.42276000976562
2013-12-27,72.217041015625
2013-12-30,72.71356201171875
2013-12-31,72.25251770019531
2014-01-02,72.4724349975586
2014-01-03,72.4724349975586
2014-01-06,72.77747344970703
2014-01-07,72.96186065673828
2014-01-08,72.76326751708984
2014-01-09,73.18882751464844
2014-01-10,74.0613784790039
2014-01-13,74.4301986694336
2014-01-14,74.0897216796875
2014-01-15,74.01168060302734
2014-01-16,74.50821685791016
2014-01-17,74.82032775878906
2014-01-21,74.8770751953125
2014-01-22,74.69263458251953
2014-01-23,75.74956512451172
2014-01-24,76.23898315429688
2014-01-27,75.70699310302734
2014-01-28,75.89141082763672
2014-01-29,76.515625
2014-01-30,76.29573822021484
2014-01-31,76.80647277832031
2014-02-03,77.74232482910156
2014-02-04,76.91742706298828
2014-02-05,76.20628356933594
2014-02-06,75.87908935546875
2014-02-07,75.9431381225586
2014-02-10,76.15647888183594
2014-02-11,75.71556854248047
2014-02-12,75.324462890625
2014-02-13,75.7510986328125
2014-02-14,75.79376983642578
2014-02-18,75.96446228027344
2014-02-19,75.64445495605469
2014-02-20,75.45952606201172
2014-02-21,75.8577651977539
2014-02-24,75.66578674316406
2014-02-25,76.34137725830078
2014-02-26,76.74675750732422
2014-02-27,77.1662826538086
2014-02-28,77.20895385742188
2014-03-03,77.7243423461914
2014-03-04,76.55525207519531
2014-03-05,76.71919250488281
2014-03-06,75.96355438232422
2014-03-07,75.4859619140625
2014-03-10,75.59288024902344
2014-03-11,75.79246520996094
2014-03-12,76.31996154785156
2014-03-13,77.34654998779297
2014-03-14,77.36079406738281
2014-03-17,76.78331756591797
2014-03-18,77.06138610839844
2014-03-19,76.46256256103516
2014-03-20,76.3271484375
2014-03-21,77.15406036376953
2014-03-24,77.70299530029297
2014-03-25,77.41069793701172
2014-03-26,78.01660919189453
2014-03-27,78.40868377685547
2014-03-28,77.96674346923828
2014-03-31,77.77422332763672
2014-04-01,77.10956573486328
2014-04-02,76.6664810180664
2014-04-03,77.00237274169922
2014-04-04,77.5169448852539
2014-04-07,77.98155975341797
2014-04-08,78.16734313964844
2014-04-09,77.78138732910156
2014-04-10,78.5032730102539
2014-04-11,79.13935852050781
2014-04-14,78.9321060180664
2014-04-15,79.42524719238281
2014-04-16,79.52528381347656
2014-04-17,78.65332794189453
2014-04-21,78.58900451660156
2014-04-22,78.85347747802734
2014-04-23,79.3037338256836
2014-04-24,79.45384216308594
2014-04-25,79.56813049316406
2014-04-28,79.18222045898438
2014-04-29,79.07503509521484
2014-04-30,79.40376281738281
2014-05-01,80.25567626953125
2014-05-02,80.74995422363281
2014-05-05,80.26275634765625
2014-05-06,80.5852279663086
2014-05-07,80.29862976074219
2014-05-08,79.9547348022461
2014-05-09,79.69683074951172
2014-05-12,79.3744125366211
2014-05-13,80.06216430664062
2014-05-14,80.92909240722656
2014-05-15,81.57392120361328
2014-05-16,81.34465789794922
2014-05-19,80.7427978515625
2014-05-20,80.9218978881836
2014-05-21,80.4276123046875
2014-05-22,80.31294250488281
2014-05-23,80.7427978515625
2014-05-27,81.21568298339844
2014-05-28,82.21873474121094
2014-05-29,81.78170013427734
2014-05-30,81.74578094482422
2014-06-02,81.1381607055664
2014-06-03,80.13976287841797
2014-06-04,80.1181869506836
2014-06-05,80.15411376953125
2014-06-06,80.15411376953125
2014-06-09,80.03921508789062
2014-06-10,79.74467468261719
2014-06-11,79.88834381103516
2014-06-12,80.59939575195312
2014-06-13,80.55635070800781
2014-06-16,80.75748443603516
2014-06-17,80.1181869506836
2014-06-18,80.73591613769531
2014-06-19,79.70162963867188
2014-06-20,80.30493927001953
2014-06-23,80.05353546142578
2014-06-24,80.86520385742188
2014-06-25,81.07350158691406
2014-06-26,81.46141052246094
2014-06-27,81.33930206298828
2014-06-30,81.54039764404297
2014-07-01,80.857666015625
2014-07-02,79.9935302734375
2014-07-03,79.70549011230469
2014-07-07,80.2887954711914
2014-07-08,81.18893432617188
2014-07-09,81.25376892089844
2014-07-10,81.27539825439453
2014-07-11,81.79391479492188
2014-07-14,81.44100189208984
2014-07-15,81.27539825439453
2014-07-16,81.70745849609375
2014-07-17,82.73727416992188
2014-07-18,82.4708023071289
2014-07-21,82.8813247680664
2014-07-22,83.05411529541016
2014-07-23,82.94611358642578
2014-07-24,82.32685089111328
2014-07-25,83.29902648925781
2014-07-28,83.18377685546875
2014-07-29,83.48627471923828
2014-07-30,82.32685089111328
2014-07-31,82.0819320678711
2014-08-01,82.7173080444336
2014-08-04,82.5007553100586
2014-08-05,82.76788330078125
2014-08-06,82.8184585571289
2014-08-07,83.59103393554688
2014-08-08,83.41049194335938
2014-08-11,83.4032974243164
2014-08-12,82.86176300048828
2014-08-13,83.4032974243164
2014-08-14,84.07477569580078
2014-08-15,84.9917984008789
2014-08-18,84.14692687988281
2014-08-19,83.88707733154297
2014-08-20,83.74986267089844
2014-08-21,84.21920013427734
2014-08-22,84.68856048583984
2014-08-25,85.0062026977539
2014-08-26,84.73186492919922
2014-08-27,85.45386505126953
2014-08-28,85.90156555175781
2014-08-29,85.95934295654297
2014-09-02,84.4765396118164
2014-09-03,84.94686889648438
2014-09-04,83.91203308105469
2014-09-05,83.7528076171875
2014-09-08,83.7889175415039
2014-09-09,83.72386169433594
2014-09-10,83.19558715820312
2014-09-11,82.92053985595703
2014-09-12,82.05213928222656
2014-09-15,82.17515563964844
2014-09-16,81.84222412109375
2014-09-17,81.63240814208984
2014-09-18,81.89292907714844
2014-09-19,82.93499755859375
2014-09-22,83.03633880615234
2014-09-23,83.55016326904297
2014-09-24,83.08702087402344
2014-09-25,84.07115173339844
2014-09-26,83.94821166992188
2014-09-29,84.62117767333984
2014-09-30,84.14356994628906
2014-10-01,85.77523040771484
2014-10-02,85.0279541015625
2014-10-03,85.39073181152344
2014-10-06,85.44145202636719
2014-10-07,86.59501647949219
2014-10-08,86.61678314208984
2014-10-09,86.23953247070312
2014-10-10,87.09559631347656
2014-10-13,87.625244140625
2014-10-14,88.19835662841797
2014-10-15,88.89491271972656
2014-10-16,88.3289794921875
2014-10-17,87.83562469482422
2014-10-20,88.15484619140625
2014-10-21,87.4511489868164
2014-10-22,87.5454330444336
2014-10-23,86.76917266845703
2014-10-24,86.85621643066406
2014-10-27,87.01583099365234
2014-10-28,86.4716796875
2014-10-29,86.66759490966797
2014-10-30,86.7401123046875
2014-10-31,86.51521301269531
2014-11-03,86.51524353027344
2014-11-04,86.78433227539062
2014-11-05,86.66070556640625
2014-11-06,86.10072326660156
2014-11-07,87.08979034423828
2014-11-10,86.2897720336914
2014-11-11,86.34799194335938
2014-11-12,86.27523803710938
2014-11-13,86.4788589477539
2014-11-14,86.90068817138672
2014-11-17,86.68247985839844
2014-11-18,86.92250061035156
2014-11-19,86.36973571777344
2014-11-20,86.82071685791016
2014-11-21,87.34432220458984
2014-11-24,87.4170150756836
2014-11-25,88.14429473876953
2014-11-26,88.38433074951172
2014-11-28,89.08244323730469
2014-12-01,88.56273651123047
2014-12-02,87.70262908935547
2014-12-03,88.04528045654297
2014-12-04,88.78144836425781
2014-12-05,88.26393127441406
2014-12-08,89.34268951416016
2014-12-09,89.80184936523438
2014-12-10,90.45791625976562
2014-12-11,90.82965087890625
2014-12-12,92.0615234375
2014-12-15,91.87198638916016
2014-12-16,93.00912475585938
2014-12-17,92.17085266113281
2014-12-18,90.53079223632812
2014-12-19,91.74811553955078
2014-12-22,91.87198638916016
2014-12-23,90.04972839355469
2014-12-24,90.53986358642578
2014-12-26,90.8758544921875
2014-12-29,91.55521392822266
2014-12-30,91.80355834960938
2014-12-31,91.9788818359375
2015-01-02,93.00149536132812
2015-01-05,94.46240234375
2015-01-06,96.16433715820312
2015-01-07,95.97444915771484
2015-01-08,94.7034683227539
2015-01-09,95.74072265625
2015-01-12,96.28853607177734
2015-01-13,96.28853607177734
2015-01-14,97.01897430419922
2015-01-15,98.54566192626953
2015-01-16,97.28925323486328
2015-01-20,98.5821762084961
2015-01-21,97.44263458251953
2015-01-22,97.092041015625
2015-01-23,98.44342803955078
2015-01-26,98.14389038085938
2015-01-27,98.29730224609375
2015-01-28,99.90428924560547
2015-01-29,99.24687957763672
2015-01-30,101.00726318359375
2015-02-02,100.62590789794922
2015-02-03,98.49604797363281
2015-02-04,98.66435241699219
2015-02-05,97.58108520507812
2015-02-06,95.85375213623047
2015-02-09,95.70004272460938
2015-02-10,94.9388427734375
2015-02-11,95.11453247070312
2015-02-12,94.79978942871094
2015-02-13,93.82633972167969
2015-02-17,92.41368865966797
2015-02-18,92.96257781982422
2015-02-19,92.3478012084961
2015-02-20,92.6186294555664
2015-02-23,93.67991638183594
2015-02-24,94.9095687866211
2015-02-25,95.31942749023438
2015-02-26,94.01660919189453
2015-02-27,94.80707550048828
2015-03-02,93.0411605834961
2015-03-03,92.70378875732422
2015-03-04,92.73314666748047
2015-03-05,92.61581420898438
2015-03-06,90.56977844238281
2015-03-09,91.40579223632812
2015-03-10,92.60848236083984
2015-03-11,93.28315734863281
2015-03-12,93.2171630859375
2015-03-13,92.93111419677734
2015-03-16,93.82586669921875
2015-03-17,94.60320281982422
2015-03-18,96.42928314208984
2015-03-19,95.93788146972656
2015-03-20,96.4439468383789
2015-03-23,96.32661437988281
2015-03-24,97.25794982910156
2015-03-25,96.43663787841797
2015-03-26,94.93319702148438
2015-03-27,96.11389923095703
2015-03-30,95.63726043701172
2015-03-31,95.84256744384766
2015-04-01,97.1014404296875
2015-04-02,96.0726318359375
2015-04-06,95.53614044189453
2015-04-07,96.337158203125
2015-04-08,96.36656188964844
2015-04-09,95.11725616455078
2015-04-10,95.25689697265625
2015-04-13,95.38921356201172
2015-04-14,96.06526184082031
2015-04-15,95.98442077636719
2015-04-16,95.5067367553711
2015-04-17,96.60175323486328
2015-04-20,95.74927520751953
2015-04-21,95.3156967163086
2015-04-22,93.8606185913086
2015-04-23,94.2647705078125
2015-04-24,94.85272216796875
2015-04-27,94.85272216796875
2015-04-28,93.5445785522461
2015-04-29,92.39814758300781
2015-04-30,92.55982208251953
2015-05-01,91.31383514404297
2015-05-04,90.45227813720703
2015-05-05,90.32706451416016
2015-05-06,88.78062438964844
2015-05-07,89.97356414794922
2015-05-08,90.21662902832031
2015-05-11,88.02208709716797
2015-05-12,88.2503890991211
2015-05-13,87.54344940185547
2015-05-14,87.77909088134766
2015-05-15,89.53909301757812
2015-05-18,88.03682708740234
2015-05-19,87.25627899169922
2015-05-20,87.40352630615234
2015-05-21,88.62596130371094
2015-05-22,88.66278839111328
2015-05-26,90.1798095703125
2015-05-27,90.38592529296875
2015-05-28,90.16502380371094
2015-05-29,90.36388397216797
2015-06-01,89.3926773071289
2015-06-02,88.14545440673828
2015-06-03,86.72856140136719
2015-06-04,87.8576431274414
2015-06-05,86.78756713867188
2015-06-08,86.69161987304688
2015-06-09,86.0052719116211
2015-06-10,85.2525405883789
2015-06-11,87.04583740234375
2015-06-12,87.04583740234375
2015-06-15,87.18609619140625
2015-06-16,87.87240600585938
2015-06-17,87.1934585571289
2015-06-18,86.76544952392578
2015-06-19,87.87979125976562
2015-06-22,86.08649444580078
2015-06-23,85.56990051269531
2015-06-24,86.30791473388672
2015-06-25,86.0052719116211
2015-06-26,85.0385513305664
2015-06-29,87.28939056396484
2015-06-30,86.68428039550781
2015-07-01,85.51416778564453
2015-07-02,85.79523468017578
2015-07-06,87.38538360595703
2015-07-07,88.20636749267578
2015-07-08,88.96818542480469
2015-07-09,87.21530151367188
2015-07-10,85.83220672607422
2015-07-13,85.56590270996094
2015-07-14,85.84701538085938
2015-07-15,86.75670623779297
2015-07-16,87.35580444335938
2015-07-17,87.80699157714844
2015-07-20,87.43716430664062
2015-07-21,87.91056060791016
2015-07-22,88.45781707763672
2015-07-23,89.55987548828125
2015-07-24,89.78177642822266
2015-07-27,90.26249694824219
2015-07-28,89.60426330566406
2015-07-29,89.27143859863281
2015-07-30,89.95924377441406
2015-07-31,90.62494659423828
2015-08-03,91.57891082763672
2015-08-04,90.85250091552734
2015-08-05,90.17052459716797
2015-08-06,90.97107696533203
2015-08-07,92.16447448730469
2015-08-10,91.02294921875
2015-08-11,92.46834564208984
2015-08-12,91.96430969238281
2015-08-13,91.66783142089844
2015-08-14,91.88273620605469
2015-08-17,92.29790496826172
2015-08-18,91.57150268554688
2015-08-19,92.47578430175781
2015-08-20,93.40970611572266
2015-08-21,93.69140625
2015-08-24,93.6617660522461
2015-08-25,92.15705871582031
2015-08-26,90.37812042236328
2015-08-27,90.43000030517578
2015-08-28,90.69683074951172
2015-08-31,90.00004577636719
2015-09-01,90.64856719970703
2015-09-02,89.86856079101562
2015-09-03,90.30687713623047
2015-09-04,91.13141632080078
2015-09-08,89.78688049316406
2015-09-09,90.21771240234375
2015-09-10,89.60858154296875
2015-09-11,90.17314147949219
2015-09-14,90.31431579589844
2015-09-15,88.58346557617188
2015-09-16,88.24918365478516
2015-09-17,89.3262939453125
2015-09-18,90.70055389404297
2015-09-21,89.22229766845703
2015-09-22,90.46286010742188
2015-09-23,90.45543670654297
2015-09-24,91.0719985961914
2015-09-25,90.28455352783203
2015-09-28,91.8296890258789
2015-09-29,92.08967590332031
2015-09-30,91.77025604248047
2015-10-01,92.16175079345703
2015-10-02,92.72010803222656
2015-10-05,91.46208190917969
2015-10-06,91.85661315917969
2015-10-07,91.55139923095703
2015-10-08,90.78469848632812
2015-10-09,91.02293395996094
2015-10-12,91.71517944335938
2015-10-13,91.87145233154297
2015-10-14,92.67543029785156
2015-10-15,92.22132110595703
2015-10-16,92.2510986328125
2015-10-19,91.99809265136719
2015-10-20,91.43230438232422
2015-10-21,92.34046173095703
2015-10-22,92.49678039550781
2015-10-23,91.70771026611328
2015-10-26,92.318115234375
2015-10-27,92.54889678955078
2015-10-28,92.17665100097656
2015-10-29,90.71025848388672
2015-10-30,91.39509582519531
2015-11-02,90.97506713867188
2015-11-03,90.22911071777344
2015-11-04,90.33351135253906
2015-11-05,90.09480285644531
2015-11-06,88.77438354492188
2015-11-09,88.2745590209961
2015-11-10,88.5356674194336
2015-11-11,88.34915924072266
2015-11-12,88.77438354492188
2015-11-13,89.28165435791016
2015-11-16,89.1995849609375
2015-11-17,89.34880065917969
2015-11-18,89.53531646728516
2015-11-19,90.13209533691406
2015-11-20,89.85606384277344
2015-11-23,90.13209533691406
2015-11-24,90.1246566772461
2015-11-25,90.33351135253906
2015-11-27,90.24398040771484
2015-11-30,90.60210418701172
2015-12-01,91.82589721679688
2015-12-02,91.85576629638672
2015-12-03,89.35884094238281
2015-12-04,90.14384460449219
2015-12-07,91.01846313476562
2015-12-08,91.06332397460938
2015-12-09,90.96615600585938
2015-12-10,91.08576965332031
2015-12-11,92.52114868164062
2015-12-14,91.32495880126953
2015-12-15,90.78671264648438
2015-12-16,90.59236907958984
2015-12-17,91.61656188964844
2015-12-18,92.12492370605469
2015-12-21,92.10250091552734
2015-12-22,91.43708801269531
2015-12-23,90.74931335449219
2015-12-24,91.26927185058594
2015-12-28,91.53897857666016
2015-12-29,90.0181884765625
2015-12-30,89.92828369140625
2015-12-31,90.33284759521484
2016-01-04,90.98458099365234
2016-01-05,90.61747741699219
2016-01-06,91.83863067626953
2016-01-07,92.0033950805664
2016-01-08,92.41545867919922
2016-01-11,91.40410614013672
2016-01-12,92.72264099121094
2016-01-13,93.63662719726562
2016-01-14,92.7601089477539
2016-01-15,94.20594787597656
2016-01-19,93.91376495361328
2016-01-20,94.90264892578125
2016-01-21,94.25833129882812
2016-01-22,93.8987808227539
2016-01-25,94.40821075439453
2016-01-26,94.45317840576172
2016-01-27,94.43072509765625
2016-01-28,94.5655517578125
2016-01-29,95.36712646484375
2016-02-01,95.0751953125
2016-02-02,96.83898162841797
2016-02-03,96.0359115600586
2016-02-04,96.50128173828125
2016-02-05,96.61380767822266
2016-02-08,98.69294738769531
2016-02-09,98.79798889160156
2016-02-10,99.66868591308594
2016-02-11,100.36669921875
2016-02-12,98.70048522949219
2016-02-16,97.65714263916016
2016-02-17,97.05671691894531
2016-02-18,98.25006866455078
2016-02-19,98.33263397216797
2016-02-22,98.28009796142578
2016-02-23,98.67790222167969
2016-02-24,98.4827651977539
2016-02-25,98.83554077148438
2016-02-26,97.88233184814453
2016-02-29,98.31013488769531
2016-03-01,96.57902526855469
2016-03-02,96.97758483886719
2016-03-03,97.33103942871094
2016-03-04,96.7068862915039
2016-03-07,96.67681121826172
2016-03-08,97.74462127685547
2016-03-09,97.1505126953125
2016-03-10,96.75201416015625
2016-03-11,95.77439880371094
2016-03-14,96.07518768310547
2016-03-15,96.1654281616211
2016-03-16,96.45120239257812
2016-03-17,96.84976196289062
2016-03-18,97.05279541015625
2016-03-21,96.30829620361328
2016-03-22,96.28572082519531
2016-03-23,97.37615203857422
2016-03-24,97.41370391845703
2016-03-28,97.54158020019531
2016-03-29,98.56432342529297
2016-03-30,97.52655792236328
2016-03-31,98.2183609008789
2016-04-01,98.4745864868164
2016-04-04,98.53490447998047
2016-04-05,99.6124267578125
2016-04-06,98.8890609741211
2016-04-07,100.10984802246094
2016-04-08,99.4768295288086
2016-04-11,99.34870910644531
2016-04-12,98.66297912597656
2016-04-13,99.00963592529297
2016-04-14,98.53490447998047
2016-04-15,99.37890625
2016-04-18,98.94935607910156
2016-04-19,98.640380859375
2016-04-20,97.5552749633789
2016-04-21,96.97498321533203
2016-04-22,96.72630310058594
2016-04-25,96.3270034790039
2016-04-26,95.88988494873047
2016-04-27,96.84690856933594
2016-04-28,97.2463150024414
2016-04-29,97.4949722290039
2016-05-02,96.51339721679688
2016-05-03,97.72905731201172
2016-05-04,98.2651596069336
2016-05-05,98.92202758789062
2016-05-06,98.49920654296875
2016-05-09,98.80878448486328
2016-05-10,98.81635284423828
2016-05-11,99.37510681152344
2016-05-12,98.92202758789062
2016-05-13,99.8809814453125
2016-05-16,99.02020263671875
2016-05-17,99.18632507324219
2016-05-18,97.77435302734375
2016-05-19,98.19718933105469
2016-05-20,98.27269744873047
2016-05-23,98.49166870117188
2016-05-24,98.05375671386719
2016-05-25,97.68372344970703
2016-05-26,98.18962097167969
2016-05-27,98.04617309570312
2016-05-31,98.28023529052734
2016-06-01,98.67896270751953
2016-06-02,99.39021301269531
2016-06-03,100.8050537109375
2016-06-06,100.0560531616211
2016-06-07,100.29814147949219
2016-06-08,100.83536529541016
2016-06-09,101.4861068725586
2016-06-10,101.97789001464844
2016-06-13,102.43184661865234
2016-06-14,102.35614776611328
2016-06-15,102.74964141845703
2016-06-16,103.24899291992188
2016-06-17,102.60581970214844
2016-06-20,101.50877380371094
2016-06-21,101.03962707519531
2016-06-22,101.20613861083984
2016-06-23,100.0484390258789
2016-06-24,102.73450469970703
2016-06-27,105.29942321777344
2016-06-28,105.51889038085938
2016-06-29,104.70924377441406
2016-06-30,105.09514617919922
2016-07-01,106.55433654785156
2016-07-05,107.88847351074219
2016-07-06,108.06285858154297
2016-07-07,108.05520629882812
2016-07-08,108.85118865966797
2016-07-11,107.8960189819336
2016-07-12,106.12226104736328
2016-07-13,107.37300872802734
2016-07-14,105.81149291992188
2016-07-15,104.90188598632812
2016-07-18,104.80328369140625
2016-07-19,105.39458465576172
2016-07-20,104.8185043334961
2016-07-21,105.03076171875
2016-07-22,105.21265411376953
2016-07-25,105.13687896728516
2016-07-26,105.30360412597656
2016-07-27,106.61500549316406
2016-07-28,106.41790771484375
2016-07-29,107.30475616455078
2016-08-01,106.141357421875
2016-08-02,105.0478286743164
2016-08-03,105.10858154296875
2016-08-04,105.8983383178711
2016-08-05,104.79721069335938
2016-08-08,104.9946517944336
2016-08-09,106.02748107910156
2016-08-10,106.43753814697266
2016-08-11,105.48828887939453
2016-08-12,106.37684631347656
2016-08-15,105.37437438964844
2016-08-16,105.0934066772461
2016-08-17,105.72368621826172
2016-08-18,105.89080047607422
2016-08-19,105.3364028930664
2016-08-22,106.22496795654297
2016-08-23,106.33883666992188
2016-08-24,106.08818817138672
2016-08-25,105.68567657470703
2016-08-26,105.07062530517578
2016-08-29,106.47550201416016
2016-08-30,106.0654525756836
2016-08-31,106.21731567382812
2016-09-01,106.33450317382812
2016-09-02,105.4671401977539
2016-09-06,106.2356185913086
2016-09-07,106.15946960449219
2016-09-08,104.82816314697266
2016-09-09,103.10114288330078
2016-09-12,103.15442657470703
2016-09-13,101.98275756835938
2016-09-14,102.13497924804688
2016-09-15,101.69371032714844
2016-09-16,102.51534271240234
2016-09-19,102.18057250976562
2016-09-20,102.53813934326172
2016-09-21,103.36741638183594
2016-09-22,104.18905639648438
2016-09-23,104.09017181396484
2016-09-26,104.75206756591797
2016-09-27,105.52050018310547
2016-09-28,105.29216003417969
2016-09-29,105.55847930908203
2016-09-30,104.61515045166016
2016-10-03,104.26988983154297
2016-10-04,103.0504150390625
2016-10-05,102.57024383544922
2016-10-06,101.99867248535156
2016-10-07,102.06723022460938
2016-10-10,101.46512603759766
2016-10-11,101.23648071289062
2016-10-12,101.33555603027344
2016-10-13,101.71668243408203
2016-10-14,100.29144287109375
2016-10-17,100.93162536621094
2016-10-18,101.25934600830078
2016-10-19,101.34322357177734
2016-10-20,101.449951171875
2016-10-21,101.60233306884766
2016-10-24,101.1602783203125
2016-10-25,101.42704772949219
2016-10-26,100.7411117553711
2016-10-27,99.64360809326172
2016-10-28,99.42256927490234
2016-10-31,100.03231048583984
2016-11-01,100.03993225097656
2016-11-02,100.4751968383789
2016-11-03,99.7039566040039
2016-11-04,100.59735107421875
2016-11-07,99.74212646484375
2016-11-08,99.33743286132812
2016-11-09,95.122314453125
2016-11-10,93.71727752685547
2016-11-11,93.19038391113281
2016-11-14,92.63296508789062
2016-11-15,93.09111785888672
2016-11-16,93.93112182617188
2016-11-17,92.5489730834961
2016-11-18,92.28170013427734
2016-11-21,92.51075744628906
2016-11-22,92.48023223876953
2016-11-23,92.12134552001953
2016-11-25,92.2588119506836
2016-11-28,92.93846130371094
2016-11-29,93.32785034179688
2016-11-30,91.81592559814453
2016-12-01,90.84645080566406
2016-12-02,91.5121078491211
2016-12-05,91.41267395019531
2016-12-06,91.34379577636719
2016-12-07,92.12427520751953
2016-12-08,91.03776550292969
2016-12-09,89.90533447265625
2016-12-12,90.07367706298828
2016-12-13,90.39501953125
2016-12-14,89.38502502441406
2016-12-15,89.83650207519531
2016-12-16,89.62986755371094
2016-12-19,90.59394073486328
2016-12-20,90.14248657226562
2016-12-21,90.54039764404297
2016-12-22,90.37854766845703
2016-12-23,90.56266784667969
2016-12-27,90.2711410522461
2016-12-28,90.930908203125
2016-12-29,91.25308990478516
2016-12-30,91.39116668701172
2017-01-03,91.78240203857422
2017-01-04,92.13533020019531
2017-01-05,93.57757568359375
2017-01-06,92.71837615966797
2017-01-09,93.46247863769531
2017-01-10,93.40109252929688
2017-01-11,93.71566009521484
2017-01-12,93.50851440429688
2017-01-13,93.06359100341797
2017-01-17,94.03783416748047
2017-01-18,92.83338928222656
2017-01-19,92.19670867919922
2017-01-20,92.01260375976562
2017-01-23,92.93312072753906
2017-01-24,92.29642486572266
2017-01-25,91.1380844116211
2017-01-26,91.44486999511719
2017-01-27,91.77474975585938
2017-01-30,91.49858856201172
2017-01-31,92.13533020019531
2017-02-01,91.56561279296875
2017-02-02,91.52716827392578
2017-02-03,91.48875427246094
2017-02-06,92.0422592163086
2017-02-07,92.7188491821289
2017-02-08,93.97966766357422
2017-02-09,92.89569854736328
2017-02-10,92.84185791015625
2017-02-13,92.5496826171875
2017-02-14,91.8808364868164
2017-02-15,91.45797729492188
2017-02-16,91.9577407836914
2017-02-17,92.5035629272461
2017-02-21,92.34210968017578
2017-02-22,92.49588775634766
2017-02-23,92.77266693115234
2017-02-24,93.80290222167969
2017-02-27,93.24935150146484
2017-02-28,93.59526824951172
2017-03-01,92.02699279785156
2017-03-02,91.69576263427734
2017-03-03,91.93456268310547
2017-03-06,91.4954605102539
2017-03-07,91.21817779541016
2017-03-08,90.72515106201172
2017-03-09,90.00110626220703
2017-03-10,90.31693267822266
2017-03-13,89.74688720703125
2017-03-14,90.17826843261719
2017-03-15,91.27980041503906
2017-03-16,90.8176040649414
2017-03-17,91.38764190673828
2017-03-20,91.7804946899414
2017-03-21,92.54305267333984
2017-03-22,92.91283416748047
2017-03-23,92.78185272216797
2017-03-24,93.11308288574219
2017-03-27,93.5367660522461
2017-03-28,92.91283416748047
2017-03-29,93.46739196777344
2017-03-30,92.71248626708984
2017-03-31,92.98213958740234
2017-04-03,93.9200210571289
2017-04-04,93.4105453491211
2017-04-05,93.69617462158203
2017-04-06,93.55722045898438
2017-04-07,93.1789779663086
2017-04-10,93.61124420166016
2017-04-11,94.49899291992188
2017-04-12,95.01618194580078
2017-04-13,95.30949401855469
2017-04-17,95.01618194580078
2017-04-18,96.25894927978516
2017-04-19,95.73406219482422
2017-04-20,95.36351013183594
2017-04-21,95.36351013183594
2017-04-24,94.89264678955078
2017-04-25,93.75018310546875
2017-04-26,94.26737213134766
2017-04-27,94.23651885986328
2017-04-28,94.44493865966797
2017-05-01,93.65980529785156
2017-05-02,94.13939666748047
2017-05-03,94.20125579833984
2017-05-04,93.73715209960938
2017-05-05,93.8222427368164
2017-05-08,93.3116683959961
2017-05-09,93.30400085449219
2017-05-10,93.19569396972656
2017-05-11,93.19569396972656
2017-05-12,93.89959716796875
2017-05-15,93.64430236816406
2017-05-16,93.99237823486328
2017-05-17,95.361572265625
2017-05-18,95.46990203857422
2017-05-19,95.69420623779297
2017-05-22,95.43118286132812
2017-05-23,94.78919219970703
2017-05-24,95.32292938232422
2017-05-25,95.35385131835938
2017-05-26,95.51630401611328
2017-05-30,95.98811340332031
2017-05-31,96.22795104980469
2017-06-01,96.23802185058594
2017-06-02,97.37757110595703
2017-06-05,96.77288055419922
2017-06-06,97.30000305175781
2017-06-07,96.83488464355469
2017-06-08,96.5791015625
2017-06-09,96.43180847167969
2017-06-12,96.40082550048828
2017-06-13,96.41633605957031
2017-06-14,97.90467834472656
2017-06-15,97.74961853027344
2017-06-16,97.94341278076172
2017-06-19,97.8038558959961
2017-06-20,98.67981719970703
2017-06-21,98.88134765625
2017-06-22,99.09842681884766
2017-06-23,99.05191802978516
2017-06-26,99.42398834228516
2017-06-27,98.36198425292969
2017-06-28,98.03646087646484
2017-06-29,97.21476745605469
2017-06-30,96.98995208740234
2017-07-03,96.67766571044922
2017-07-05,96.70098876953125
2017-07-06,95.90087127685547
2017-07-07,95.32608032226562
2017-07-10,95.46587371826172
2017-07-11,95.6290512084961
2017-07-12,96.2892837524414
2017-07-13,95.68342590332031
2017-07-14,95.79994201660156
2017-07-17,96.06394958496094
2017-07-18,96.90292358398438
2017-07-19,96.94183349609375
2017-07-20,97.22142028808594
2017-07-21,97.63308715820312
2017-07-24,97.2524642944336
2017-07-25,95.986328125
2017-07-26,96.14169311523438
2017-07-27,95.66789245605469
2017-07-28,96.23490905761719
2017-07-31,96.35144805908203
2017-08-01,97.02790069580078
2017-08-02,97.08241271972656
2017-08-03,98.08663940429688
2017-08-04,97.25369262695312
2017-08-07,97.36266326904297
2017-08-08,97.01231384277344
2017-08-09,97.5417251586914
2017-08-10,98.37466430664062
2017-08-11,98.4213638305664
2017-08-14,97.91539764404297
2017-08-15,97.50277709960938
2017-08-16,97.86090850830078
2017-08-17,98.59264373779297
2017-08-18,98.56927490234375
2017-08-21,98.81057739257812
2017-08-22,98.42913818359375
2017-08-23,99.09864807128906
2017-08-24,98.7327651977539
2017-08-25,99.11420440673828
2017-08-28,99.05191802978516
2017-08-29,99.37107849121094
2017-08-30,99.33993530273438
2017-08-31,99.63574981689453
2017-09-01,98.87364959716797
2017-09-05,100.44158172607422
2017-09-06,99.82536315917969
2017-09-07,100.8471908569336
2017-09-08,100.62882232666016
2017-09-11,99.427490234375
2017-09-12,98.90486907958984
2017-09-13,98.51481628417969
2017-09-14,98.92047882080078
2017-09-15,98.95945739746094
2017-09-18,98.3899917602539
2017-09-19,98.14818572998047
2017-09-20,98.21835327148438
2017-09-21,98.16378784179688
2017-09-22,98.444580078125
2017-09-25,99.06088256835938
2017-09-26,98.88146209716797
2017-09-27,97.3915023803711
2017-09-28,97.1029281616211
2017-09-29,97.32129669189453
2017-10-02,97.14308166503906
2017-10-03,97.23689270019531
2017-10-04,97.2447280883789
2017-10-05,96.87728881835938
2017-10-06,96.60379028320312
2017-10-09,96.90857696533203
2017-10-10,97.06489562988281
2017-10-11,97.25250244140625
2017-10-12,97.66679382324219
2017-10-13,98.3702621459961
2017-10-16,98.29994201660156
2017-10-17,98.42501068115234
2017-10-18,97.77621459960938
2017-10-19,97.94817352294922
2017-10-20,96.90857696533203
2017-10-23,97.08055877685547
2017-10-24,96.47870635986328
2017-10-25,96.01751708984375
2017-10-26,95.69703674316406
2017-10-27,96.33018493652344
2017-10-30,97.25250244140625
2017-10-31,97.28376770019531
2017-11-01,97.71694946289062
2017-11-02,98.14776611328125
2017-11-03,98.41409301757812
2017-11-06,98.78218841552734
2017-11-07,99.19740295410156
2017-11-08,98.97806549072266
2017-11-09,98.69607543945312
2017-11-10,97.20780181884766
2017-11-13,97.41149139404297
2017-11-14,98.06941223144531
2017-11-15,99.13472747802734
2017-11-16,98.27307891845703
2017-11-17,99.00155639648438
2017-11-20,98.96239471435547
2017-11-21,99.27568817138672
2017-11-22,99.59684753417969
2017-11-24,99.32274627685547
2017-11-27,99.18174743652344
2017-11-28,99.31489562988281
2017-11-29,98.33577728271484
2017-11-30,98.00678253173828
2017-12-01,99.32939910888672
2017-12-04,99.37642669677734
2017-12-05,99.87089538574219
2017-12-06,100.21627807617188
2017-12-07,99.43138122558594
2017-12-08,99.43923950195312
2017-12-11,99.23513793945312
2017-12-12,99.1959228515625
2017-12-13,99.94159698486328
2017-12-14,100.36540985107422
2017-12-15,100.74214172363281
2017-12-18,99.8238296508789
2017-12-19,98.52874755859375
2017-12-20,97.437744140625
2017-12-21,98.00560760498047
2017-12-22,98.13934326171875
2017-12-26,98.43036651611328
2017-12-27,99.71246337890625
2017-12-28,99.62592315673828
2017-12-29,99.78324890136719
2018-01-02,98.70568084716797
2018-01-03,99.17759704589844
2018-01-04,99.16187286376953
2018-01-05,98.87872314453125
2018-01-08,98.8157958984375
2018-01-09,97.49432373046875
2018-01-10,97.37635803222656
2018-01-11,97.77752685546875
2018-01-12,97.94268798828125
2018-01-16,98.35169219970703
2018-01-17,98.21797943115234
2018-01-18,97.30560302734375
2018-01-19,96.79429626464844
2018-01-22,96.88868713378906
2018-01-23,97.30560302734375
2018-01-24,96.77857208251953
2018-01-25,97.57301330566406
2018-01-26,97.21121978759766
2018-01-29,96.5347900390625
2018-01-30,95.96842193603516
2018-01-31,96.5347900390625
2018-02-01,95.13570404052734
2018-02-02,94.25293731689453
2018-02-05,95.1435546875
2018-02-06,94.55242156982422
2018-02-07,93.6539306640625
2018-02-08,93.55140686035156
2018-02-09,92.96026611328125
2018-02-12,93.37016296386719
2018-02-13,93.78785705566406
2018-02-14,92.7474594116211
2018-02-15,93.062744140625
2018-02-16,93.56719207763672
2018-02-20,93.15731048583984
2018-02-21,92.01441955566406
2018-02-22,92.29029846191406
2018-02-23,93.11003112792969
2018-02-26,93.14154052734375
2018-02-27,93.00755310058594
2018-02-28,93.59871673583984
2018-03-01,94.2376480102539
2018-03-02,93.47152709960938
2018-03-05,93.21881866455078
2018-03-06,93.30567932128906
2018-03-07,93.20303344726562
2018-03-08,93.74009704589844
2018-03-09,93.12406921386719
2018-03-12,93.66108703613281
2018-03-13,94.13500213623047
2018-03-14,94.96427154541016
2018-03-15,94.96427154541016
2018-03-16,94.62467956542969
2018-03-19,94.32452392578125
2018-03-20,93.9454345703125
2018-03-21,94.0481185913086
2018-03-22,94.98006439208984
2018-03-23,94.90896606445312
2018-03-26,94.54568481445312
2018-03-27,95.55661010742188
2018-03-28,95.809326171875
2018-03-29,96.27531433105469
2018-04-02,96.46529388427734
2018-04-03,95.72129821777344
2018-04-04,95.52340698242188
2018-04-05,94.81104278564453
2018-04-06,95.84789276123047
2018-04-09,96.00623321533203
2018-04-10,95.83206939697266
2018-04-11,96.17240905761719
2018-04-12,95.46802520751953
2018-04-13,95.68960571289062
2018-04-16,95.72129821777344
2018-04-17,95.98243713378906
2018-04-18,95.21471405029297
2018-04-19,94.43907928466797
2018-04-20,93.75841522216797
2018-04-23,93.78216552734375
2018-04-24,93.35476684570312
2018-04-25,92.72947692871094
2018-04-26,93.37849426269531
2018-04-27,94.09874725341797
2018-04-30,94.26496887207031
2018-05-01,93.92546081542969
2018-05-02,93.82234191894531
2018-05-03,94.24274444580078
2018-05-04,94.38550567626953
2018-05-07,94.23483276367188
2018-05-08,94.14756774902344
2018-05-09,93.58436584472656
2018-05-10,94.33793640136719
2018-05-11,94.57588195800781
2018-05-14,94.0761489868164
2018-05-15,93.00529479980469
2018-05-16,92.64835357666016
2018-05-17,92.18041229248047
2018-05-18,92.97358703613281
2018-05-21,93.02115631103516
2018-05-22,92.8783950805664
2018-05-23,93.55264282226562
2018-05-24,94.29829406738281
2018-05-25,94.88526153564453
2018-05-29,96.9635009765625
2018-05-30,96.31307220458984
2018-05-31,96.15441131591797
2018-06-01,95.6463394165039
2018-06-04,94.95464324951172
2018-06-05,95.17724609375
2018-06-06,94.40604400634766
2018-06-07,95.32038879394531
2018-06-08,95.03414916992188
2018-06-11,94.85924530029297
2018-06-12,94.88309478759766
2018-06-13,94.83538818359375
2018-06-14,95.62250518798828
2018-06-15,95.70995330810547
2018-06-18,95.62250518798828
2018-06-19,96.1790542602539
2018-06-20,95.3362808227539
2018-06-21,95.83720397949219
2018-06-22,95.8292236328125
2018-06-25,96.04387664794922
2018-06-26,96.1790542602539
2018-06-27,97.08544921875
2018-06-28,97.1092758178711
2018-06-29,96.77535247802734
2018-07-02,96.69965362548828
2018-07-03,97.21765899658203
2018-07-05,97.49651336669922
2018-07-06,97.81529235839844
2018-07-09,97.18570709228516
2018-07-10,97.1777572631836
2018-07-11,97.55229949951172
2018-07-12,97.54436492919922
2018-07-13,97.7913818359375
2018-07-16,97.38494873046875
2018-07-17,97.2016830444336
2018-07-18,96.81121063232422
2018-07-19,97.42481231689453
2018-07-20,96.2295150756836
2018-07-23,95.04216766357422
2018-07-24,95.36892700195312
2018-07-25,95.21743774414062
2018-07-26,95.0342025756836
2018-07-27,95.19358825683594
2018-07-30,94.86686706542969
2018-07-31,95.38481140136719
2018-08-01,94.60778045654297
2018-08-02,94.74349975585938
2018-08-03,95.2147445678711
2018-08-06,95.2706069946289
2018-08-07,94.77546691894531
2018-08-08,94.87129211425781
2018-08-09,95.66991424560547
2018-08-10,96.36478424072266
2018-08-13,96.1650619506836
2018-08-14,95.94945526123047
2018-08-15,96.50856018066406
2018-08-16,96.50052642822266
2018-08-17,96.62031555175781
2018-08-20,97.2672348022461
2018-08-21,96.93978881835938
2018-08-22,97.3231201171875
2018-08-23,97.47488403320312
2018-08-24,97.66655731201172
2018-08-27,97.10750579833984
2018-08-28,96.52452087402344
2018-08-29,96.65228271484375
2018-08-30,96.85992431640625
2018-08-31,96.63631439208984
2018-09-04,96.07758331298828
2018-09-05,95.82146453857422
2018-09-06,96.17362976074219
2018-09-07,95.35721588134766
2018-09-10,95.70940399169922
2018-09-11,94.98097229003906
2018-09-12,95.20510864257812
2018-09-13,95.34921264648438
2018-09-14,94.89292907714844
2018-09-17,94.89292907714844
2018-09-18,93.9003677368164
2018-09-19,93.34004211425781
2018-09-20,93.77227783203125
2018-09-21,93.73229217529297
2018-09-24,93.4921646118164
2018-09-25,93.39608001708984
2018-09-26,94.05247497558594
2018-09-27,94.11653900146484
2018-09-28,93.86832427978516
2018-10-01,93.17923736572266
2018-10-02,93.74884796142578
2018-10-03,92.12030029296875
2018-10-04,91.4704818725586
2018-10-05,90.6843032836914
2018-10-08,90.37947082519531
2018-10-09,91.29398345947266
2018-10-10,91.04530334472656
2018-10-11,92.15237426757812
2018-10-12,91.83148193359375
2018-10-15,91.79136657714844
2018-10-16,91.99998474121094
2018-10-17,91.45443725585938
2018-10-18,91.42234802246094
2018-10-19,91.2218017578125
2018-10-22,91.10147857666016
2018-10-23,91.3902587890625
2018-10-24,92.08016967773438
2018-10-25,91.69511413574219
2018-10-26,92.2486572265625
2018-10-29,92.04004669189453
2018-10-30,91.5827865600586
2018-10-31,91.11750030517578
2018-11-01,91.20198059082031
2018-11-02,90.06803894042969
2018-11-05,90.421875
2018-11-06,90.36564636230469
2018-11-07,90.4862289428711
2018-11-08,90.47817993164062
2018-11-09,91.15373229980469
2018-11-12,91.74877166748047
2018-11-13,91.69251251220703
2018-11-14,91.74877166748047
2018-11-15,91.70855712890625
2018-11-16,92.2393569946289
2018-11-19,92.49669647216797
2018-11-20,92.5288314819336
2018-11-21,92.49669647216797
2018-11-23,92.5931625366211
2018-11-26,92.38409423828125
2018-11-27,92.48866271972656
2018-11-28,92.03832244873047
2018-11-29,92.40016174316406
2018-11-30,92.74594116210938
2018-12-03,93.40450286865234
2018-12-04,94.96827697753906
2018-12-06,95.26646423339844
2018-12-07,95.44380187988281
2018-12-10,95.8387222290039
2018-12-11,95.8226547241211
2018-12-12,95.3954086303711
2018-12-13,95.16974639892578
2018-12-14,95.500244140625
2018-12-17,96.05638122558594
2018-12-18,96.63162994384766
2018-12-19,97.90821075439453
2018-12-20,97.55274200439453
2018-12-21,97.53656768798828
2018-12-24,98.02136993408203
2018-12-26,96.97098541259766
2018-12-27,96.98716735839844
2018-12-28,97.80319213867188
2018-12-31,98.17485809326172
2019-01-02,98.69192504882812
2019-01-03,99.81499481201172
2019-01-04,98.65962219238281
2019-01-07,98.36880493164062
2019-01-08,98.1102294921875
2019-01-09,97.95671844482422
2019-01-10,97.3265380859375
2019-01-11,97.70622253417969
2019-01-14,97.34268188476562
2019-01-15,96.98716735839844
2019-01-16,97.08413696289062
2019-01-17,97.10836029052734
2019-01-18,96.59929656982422
2019-01-22,97.25379180908203
2019-01-23,97.21339416503906
2019-01-24,97.8516616821289
2019-01-25,97.38308715820312
2019-01-28,97.28609466552734
2019-01-29,97.7789535522461
2019-01-30,97.70622253417969
2019-01-31,98.54654693603516
2019-02-01,97.95135498046875
2019-02-04,97.51406860351562
2019-02-05,97.95940399169922
2019-02-06,98.00802612304688
2019-02-07,98.65585327148438
2019-02-08,99.0769271850586
2019-02-11,98.6882095336914
2019-02-12,98.43724060058594
2019-02-13,98.06468963623047
2019-02-14,98.6234359741211
2019-02-15,98.77728271484375
2019-02-19,99.02832794189453
2019-02-20,98.74491882324219
2019-02-21,97.86225128173828
2019-02-22,98.4453125
2019-02-25,98.15376281738281
2019-02-26,98.63964080810547
2019-02-27,97.52217102050781
2019-02-28,97.19010925292969
2019-03-01,96.29177856445312
2019-03-04,97.04653930664062
2019-03-05,97.24937438964844
2019-03-06,97.60641479492188
2019-03-07,98.23941040039062
2019-03-08,98.65324401855469
2019-03-11,98.36112976074219
2019-03-12,99.0509033203125
2019-03-13,98.86425018310547
2019-03-14,98.15011596679688
2019-03-15,98.79932403564453
2019-03-18,98.74252319335938
2019-03-19,98.52342987060547
2019-03-20,99.55402374267578
2019-03-21,99.77314758300781
2019-03-22,101.32308197021484
2019-03-25,101.48536682128906
2019-03-26,101.41234588623047
2019-03-27,102.3455581665039
2019-03-28,102.70259857177734
2019-03-29,102.60523223876953
2019-04-01,101.1478500366211
2019-04-02,101.33487701416016
2019-04-03,100.4565200805664
2019-04-04,100.7412109375
2019-04-05,100.87127685546875
2019-04-08,100.51345825195312
2019-04-09,100.83068084716797
2019-04-10,101.07464599609375
2019-04-11,100.4809799194336
2019-04-12,99.76525115966797
2019-04-15,100.01739501953125
2019-04-16,99.39112091064453
2019-04-17,99.43182373046875
2019-04-18,99.95233154296875
2019-04-22,99.47245025634766
2019-04-23,99.68394470214844
2019-04-24,100.4972152709961
2019-04-25,100.35079193115234
2019-04-26,100.69239044189453
2019-04-29,100.04989624023438
2019-04-30,100.56227111816406
2019-05-01,100.97710418701172
2019-05-02,100.4962387084961
2019-05-03,100.7815170288086
2019-05-06,101.05858612060547
2019-05-07,101.83283996582031
2019-05-08,101.3927230834961
2019-05-09,101.80840301513672
2019-05-10,101.66983032226562
2019-05-13,102.46852111816406
2019-05-14,102.16695404052734
2019-05-15,102.79452514648438
2019-05-16,102.45223999023438
2019-05-17,102.68043518066406
2019-05-20,102.46852111816406
2019-05-21,102.30552673339844
2019-05-22,102.89231872558594
2019-05-23,104.04961395263672
2019-05-24,104.13923645019531
2019-05-28,104.88904571533203
2019-05-29,105.20687866210938
2019-05-30,106.11150360107422
2019-05-31,107.43995666503906
2019-06-03,108.15861511230469
2019-06-04,106.92547607421875
2019-06-05,106.3211441040039
2019-06-06,106.6641616821289
2019-06-07,107.58696746826172
2019-06-10,106.57431030273438
2019-06-11,106.63964080810547
2019-06-12,106.72129821777344
2019-06-13,107.08879852294922
2019-06-14,107.35833740234375
2019-06-17,107.54610443115234
2019-06-18,108.0850830078125
2019-06-19,108.24031829833984
2019-06-20,108.52610778808594
2019-06-21,107.33378601074219
2019-06-24,108.1341552734375
2019-06-25,108.46900177001953
2019-06-26,107.77477264404297
2019-06-27,108.5343017578125
2019-06-28,108.46080017089844
2019-07-01,108.20712280273438
2019-07-02,109.04173278808594
2019-07-03,109.81909942626953
2019-07-05,108.36256408691406
2019-07-08,108.50988006591797
2019-07-09,108.46898651123047
2019-07-10,107.87161254882812
2019-07-11,106.43152618408203
2019-07-12,106.55425262451172
2019-07-15,107.16793060302734
2019-07-16,106.84880065917969
2019-07-17,108.0025634765625
2019-07-18,108.01074981689453
2019-07-19,107.75706481933594
2019-07-22,107.96165466308594
2019-07-23,107.37249755859375
2019-07-24,107.8388671875
2019-07-25,107.3233871459961
2019-07-26,107.57708740234375
2019-07-29,107.60980224609375
2019-07-30,107.87161254882812
2019-07-31,108.73898315429688
2019-08-01,110.89857482910156
2019-08-02,111.92343139648438
2019-08-05,113.8583755493164
2019-08-06,114.7684097290039
2019-08-07,114.80949401855469
2019-08-08,115.05541229248047
2019-08-09,114.82591247558594
2019-08-12,117.21994018554688
2019-08-13,116.81824493408203
2019-08-14,119.4500503540039
2019-08-15,120.77828979492188
2019-08-16,119.81080627441406
2019-08-19,118.0972671508789
2019-08-20,119.31890869140625
2019-08-21,118.52352905273438
2019-08-22,117.73652648925781
2019-08-23,119.67144775390625
2019-08-26,119.18769836425781
2019-08-27,121.02423095703125
2019-08-28,121.18002319335938
2019-08-29,120.72085571289062
2019-08-30,120.75366973876953
2019-09-03,120.90975189208984
2019-09-04,121.0904541015625
2019-09-05,118.89743041992188
2019-09-06,119.743408203125
2019-09-09,117.61615753173828
2019-09-10,115.55463409423828
2019-09-11,115.34929656982422
2019-09-12,114.59364318847656
2019-09-13,112.14600372314453
2019-09-16,113.57514190673828
2019-09-17,114.19120788574219
2019-09-18,114.67573547363281
2019-09-19,115.0207290649414
2019-09-20,116.54022216796875
2019-09-23,116.51557922363281
2019-09-24,117.92005920410156
2019-09-25,116.19525909423828
2019-09-26,116.94266510009766
2019-09-27,117.23008728027344
2019-09-30,117.51759338378906
2019-10-01,117.87144470214844
2019-10-02,118.15935516357422
2019-10-03,119.23716735839844
2019-10-04,120.11761474609375
2019-10-07,119.12198638916016
2019-10-08,119.44290161132812
2019-10-09,118.76824188232422
2019-10-10,116.999267578125
2019-10-11,115.55118560791016
2019-10-14,116.39041137695312
2019-10-15,114.98341369628906
2019-10-16,115.12337493896484
2019-10-17,114.8436050415039
2019-10-18,114.8436050415039
2019-10-21,113.97962951660156
2019-10-22,114.64605712890625
2019-10-23,114.76132202148438
2019-10-24,114.5308609008789
2019-10-25,113.97145080566406
2019-10-28,112.93473815917969
2019-10-29,113.00878143310547
2019-10-30,114.66255950927734
2019-10-31,116.20938110351562
2019-11-01,115.85167694091797
2019-11-04,114.32687377929688
2019-11-05,113.04108428955078
2019-11-06,113.72520446777344
2019-11-07,111.66468048095703
2019-11-08,111.19486236572266
2019-11-11,111.26905822753906
2019-11-12,111.7800521850586
2019-11-13,112.50536346435547
2019-11-14,113.66752624511719
2019-11-15,113.54383850097656
2019-11-18,113.7498779296875
2019-11-19,114.69779968261719
2019-11-20,115.8846664428711
2019-11-21,115.1592788696289
2019-11-22,115.30767822265625
2019-11-25,115.64559173583984
2019-11-26,116.32142639160156
2019-11-27,115.98355865478516
2019-11-29,115.73627471923828
2019-12-02,114.19316864013672
2019-12-03,116.5875015258789
2019-12-04,115.42337036132812
2019-12-05,114.86194610595703
2019-12-06,114.22622680664062
2019-12-09,114.47384643554688
2019-12-10,114.48213958740234
2019-12-11,115.3820571899414
2019-12-12,113.48314666748047
2019-12-13,114.7958984375
2019-12-16,113.7638168334961
2019-12-17,113.60699462890625
2019-12-18,112.67400360107422
2019-12-19,112.854248046875
2019-12-20,113.00308227539062
2019-12-23,112.83775329589844
2019-12-24,113.16024780273438
2019-12-26,113.43315124511719
2019-12-27,113.55719757080078
2019-12-30,113.1436996459961
2019-12-31,112.03557586669922
2020-01-02,113.30081176757812
2020-01-03,115.04570770263672
2020-01-06,114.39240264892578
2020-01-07,113.83007049560547
2020-01-08,113.07760620117188
2020-01-09,113.47450256347656
2020-01-10,114.48341369628906
2020-01-13,114.13603973388672
2020-01-14,114.72318267822266
2020-01-15,115.4839859008789
2020-01-16,115.12012481689453
2020-01-17,114.13603973388672
2020-01-21,115.33512878417969
2020-01-22,115.7403793334961
2020-01-23,116.55077362060547
2020-01-24,117.49349975585938
2020-01-27,119.32106018066406
2020-01-28,118.38662719726562
2020-01-29,119.54434967041016
2020-01-30,119.56087493896484
2020-01-31,120.65242004394531
2020-02-03,120.55474853515625
2020-02-04,118.9311752319336
2020-02-05,117.63070678710938
2020-02-06,118.16087341308594
2020-02-07,119.6352767944336
2020-02-10,119.96662902832031
2020-02-11,119.36192321777344
2020-02-12,118.75726318359375
2020-02-13,119.21282958984375
2020-02-14,119.73465728759766
2020-02-18,120.55474853515625
2020-02-19,120.54644775390625
2020-02-20,121.49071502685547
2020-02-21,122.62553405761719
2020-02-24,124.45613098144531
2020-02-25,125.11883544921875
2020-02-26,124.45613098144531
2020-02-27,125.80634307861328
2020-02-28,128.64749145507812
2020-03-02,127.70098114013672
2020-03-03,129.68353271484375
2020-03-04,128.30653381347656
2020-03-05,131.500244140625
2020-03-06,138.34408569335938
2020-03-09,142.09364318847656
2020-03-10,134.8102569580078
2020-03-11,129.84950256347656
2020-03-12,130.65419006347656
2020-03-13,127.70098114013672
2020-03-16,135.9715576171875
2020-03-17,126.90454864501953
2020-03-18,119.74557495117188
2020-03-19,123.00569915771484
2020-03-20,132.255126953125
2020-03-23,137.70533752441406
2020-03-24,135.1420135498047
2020-03-25,134.83506774902344
2020-03-26,135.49864196777344
2020-03-27,139.11553955078125
2020-03-30,137.97079467773438
2020-03-31,136.85089111328125
2020-04-01,138.76829528808594
2020-04-02,139.64883422851562
2020-04-03,139.98109436035156
2020-04-06,139.61561584472656
2020-04-07,138.1535186767578
2020-04-08,137.1482696533203
2020-04-09,137.3975372314453
2020-04-13,136.1431121826172
2020-04-14,136.1099090576172
2020-04-15,139.71527099609375
2020-04-16,141.3020477294922
2020-04-17,139.4079132080078
2020-04-20,140.52944946289062
2020-04-21,142.29893493652344
2020-04-22,140.84510803222656
2020-04-23,141.59280395507812
2020-04-24,141.9251251220703
2020-04-27,139.2833709716797
2020-04-28,140.88662719726562
2020-04-29,140.15560913085938
2020-04-30,138.51901245117188
2020-05-01,139.70518493652344
2020-05-04,139.04803466796875
2020-05-05,138.1580352783203
2020-05-06,135.92877197265625
2020-05-07,138.19961547851562
2020-05-08,136.4029541015625
2020-05-11,135.33819580078125
2020-05-12,136.72732543945312
2020-05-13,137.6838836669922
2020-05-14,139.03146362304688
2020-05-15,138.67379760742188
2020-05-18,135.62930297851562
2020-05-19,136.13673400878906
2020-05-20,136.5442352294922
2020-05-21,136.88534545898438
2020-05-22,137.7088165283203
2020-05-26,135.8622283935547
2020-05-27,135.61260986328125
2020-05-28,135.11349487304688
2020-05-29,136.07846069335938
2020-06-01,135.16226196289062
2020-06-02,134.67092895507812
2020-06-03,132.88015747070312
2020-06-04,130.9561309814453
2020-06-05,130.0232696533203
2020-06-08,130.5230255126953
2020-06-09,132.00563049316406
2020-06-10,133.96292114257812
2020-06-11,136.49497985839844
2020-06-12,135.178955078125
2020-06-15,135.25389099121094
2020-06-16,133.1799774169922
2020-06-17,133.7296600341797
2020-06-18,135.1455535888672
2020-06-19,135.25389099121094
2020-06-22,135.27052307128906
2020-06-23,134.34600830078125
2020-06-24,135.7869415283203
2020-06-25,136.1783905029297
2020-06-26,137.635986328125
2020-06-29,137.202880859375
2020-06-30,136.53659057617188
2020-07-01,136.27139282226562
2020-07-02,136.4131317138672
2020-07-06,135.85440063476562
2020-07-07,137.7639923095703
2020-07-08,137.21363830566406
2020-07-09,139.39837646484375
2020-07-10,138.69789123535156
2020-07-13,139.1565704345703
2020-07-14,139.35659790039062
2020-07-15,138.70628356933594
2020-07-16,139.36508178710938
2020-07-17,139.07321166992188
2020-07-20,139.4150848388672
2020-07-21,139.49851989746094
2020-07-22,139.91543579101562
2020-07-23,141.5497589111328
2020-07-24,141.54141235351562
2020-07-27,141.01611328125
2020-07-28,141.9917755126953
2020-07-29,141.74989318847656
2020-07-30,142.6839141845703
2020-07-31,142.59219360351562
2020-08-03,141.87417602539062
2020-08-04,143.22653198242188
2020-08-05,141.9743194580078
2020-08-06,142.76747131347656
2020-08-07,141.81578063964844
2020-08-10,141.1812744140625
2020-08-11,139.50340270996094
2020-08-12,138.2344207763672
2020-08-13,136.7568817138672
2020-08-14,136.22259521484375
2020-08-17,136.56480407714844
2020-08-18,137.5415802001953
2020-08-19,136.68179321289062
2020-08-20,137.917236328125
2020-08-21,138.74371337890625
2020-08-24,138.51829528808594
2020-08-25,137.45811462402344
2020-08-26,136.9322052001953
2020-08-27,134.60308837890625
2020-08-28,134.5029296875
2020-08-31,135.3961639404297
2020-09-01,136.9447784423828
2020-09-02,138.24862670898438
2020-09-03,138.641357421875
2020-09-04,136.0087432861328
2020-09-08,136.84449768066406
2020-09-09,136.47677612304688
2020-09-10,137.17041015625
2020-09-11,137.46292114257812
2020-09-14,137.45458984375
2020-09-15,137.12033081054688
2020-09-16,136.71083068847656
2020-09-17,137.12860107421875
2020-09-18,136.7024383544922
2020-09-21,137.39610290527344
2020-09-22,137.28741455078125
2020-09-23,137.4712677001953
2020-09-24,137.99783325195312
2020-09-25,137.99783325195312
2020-09-28,137.60501098632812
2020-09-29,137.76377868652344
2020-09-30,136.443359375
2020-10-01,136.66839599609375
2020-10-02,136.15809631347656
2020-10-05,133.49761962890625
2020-10-06,134.21713256835938
2020-10-07,133.23831176757812
2020-10-08,133.9577178955078
2020-10-09,133.9326934814453
2020-10-12,134.35928344726562
2020-10-13,135.32142639160156
2020-10-14,135.6310272216797
2020-10-15,135.396728515625
2020-10-16,135.02027893066406
2020-10-19,134.5098876953125
2020-10-20,133.22994995117188
2020-10-21,132.76983642578125
2020-10-22,131.38941955566406
2020-10-23,132.1924591064453
2020-10-26,133.4223175048828
2020-10-27,134.31752014160156
2020-10-28,134.44300842285156
2020-10-29,133.13790893554688
2020-10-30,131.8244171142578
2020-11-02,132.81187438964844
2020-11-03,132.04129028320312
2020-11-04,134.90557861328125
2020-11-05,135.14015197753906
2020-11-06,133.5069580078125
2020-11-09,130.70127868652344
2020-11-10,129.9475555419922
2020-11-11,130.4165802001953
2020-11-12,132.63592529296875
2020-11-13,132.4601287841797
2020-11-16,132.14178466796875
2020-11-17,133.0045166015625
2020-11-18,133.3897247314453
2020-11-19,134.0764923095703
2020-11-20,135.26573181152344
2020-11-23,134.64599609375
2020-11-24,133.30592346191406
2020-11-25,132.8955535888672
2020-11-27,134.185302734375
2020-11-30,134.0178680419922
2020-12-01,132.04183959960938
2020-12-02,130.99392700195312
2020-12-03,132.0502166748047
2020-12-04,130.1135711669922
2020-12-07,131.28736877441406
2020-12-08,131.90768432617188
2020-12-09,131.4717559814453
2020-12-10,132.63706970214844
2020-12-11,133.10658264160156
2020-12-14,132.7376708984375
2020-12-15,132.2933807373047
2020-12-16,131.94122314453125
2020-12-17,131.59214782714844
2020-12-18,131.19769287109375
2020-12-21,131.71800231933594
2020-12-22,132.39772033691406
2020-12-23,131.4830322265625
2020-12-24,132.00332641601562
2020-12-28,132.06210327148438
2020-12-29,131.89422607421875
2020-12-30,132.17959594726562
2020-12-31,132.37258911132812
2021-01-04,132.213134765625
2021-01-05,131.2312774658203
2021-01-06,128.53729248046875
2021-01-07,127.40435028076172
2021-01-08,126.9931411743164
2021-01-11,126.78333282470703
2021-01-12,126.68262481689453
2021-01-13,128.1092529296875
2021-01-14,126.90913391113281
2021-01-15,127.41271209716797
2021-01-19,127.8239517211914
2021-01-20,127.94987487792969
2021-01-21,127.05187225341797
2021-01-22,127.46309661865234
2021-01-25,128.96527099609375
2021-01-26,128.72198486328125
2021-01-27,129.04925537109375
2021-01-28,128.33587646484375
2021-01-29,127.56373596191406
2021-02-01,127.71165466308594
2021-02-02,126.88825988769531
2021-02-03,125.76237487792969
2021-02-04,125.42630004882812
2021-02-05,124.37605285644531
2021-02-08,124.92220306396484
2021-02-09,125.01461791992188
2021-02-10,125.84636688232422
2021-02-11,125.15739440917969
2021-02-12,123.60304260253906
2021-02-16,121.72095489501953
2021-02-17,122.4939956665039
2021-02-18,121.99824523925781
2021-02-19,120.37663269042969
2021-02-22,119.46078491210938
2021-02-23,119.11631774902344
2021-02-24,118.33492279052734
2021-02-25,116.40248107910156
2021-02-26,120.25060272216797
2021-03-01,118.66236877441406
2021-03-02,118.67080688476562
2021-03-03,117.38374328613281
2021-03-04,116.62662506103516
2021-03-05,116.85379028320312
2021-03-08,115.9452133178711
2021-03-09,117.55198669433594
2021-03-10,117.78754425048828
2021-03-11,116.93787384033203
2021-03-12,114.4562759399414
2021-03-15,115.1292495727539
2021-03-16,114.6666030883789
2021-03-17,113.80856323242188
2021-03-18,112.65607452392578
2021-03-19,113.35429382324219
2021-03-22,114.62450408935547
2021-03-23,115.65922546386719
2021-03-24,116.28172302246094
2021-03-25,115.36479949951172
2021-03-26,114.96099853515625
2021-03-29,113.98523712158203
2021-03-30,114.5824966430664
2021-03-31,113.9431381225586
2021-04-01,115.8342514038086
2021-04-05,115.3288803100586
2021-04-06,116.11225128173828
2021-04-07,115.30360412597656
2021-04-08,116.25543975830078
2021-04-09,115.8342514038086
2021-04-12,115.78373718261719
2021-04-13,116.65131378173828
2021-04-14,116.28074645996094
2021-04-15,118.22657012939453
2021-04-16,117.30841064453125
2021-04-19,116.97145080566406
2021-04-20,117.51061248779297
2021-04-21,117.74640655517578
2021-04-22,118.26033020019531
2021-04-23,117.98230743408203
2021-04-26,117.8138198852539
2021-04-27,116.78614807128906
2021-04-28,116.86202239990234
2021-04-29,116.51657104492188
2021-04-30,116.78614807128906
2021-05-03,116.85620880126953
2021-05-04,117.64917755126953
2021-05-05,117.8431625366211
2021-05-06,118.0372085571289
2021-05-07,117.45513916015625
2021-05-10,116.26567077636719
2021-05-11,115.607666015625
2021-05-12,114.39287567138672
2021-05-13,114.56999969482422
2021-05-14,115.641357421875
2021-05-17,115.39669036865234
2021-05-18,115.1014404296875
2021-05-19,114.82307434082031
2021-05-20,115.76789093017578
2021-05-21,116.13910675048828
2021-05-24,116.56934356689453
2021-05-25,117.64917755126953
2021-05-26,117.44667053222656
2021-05-27,116.97429656982422
2021-05-28,116.7887191772461
2021-06-01,116.76253509521484
2021-06-02,117.0328140258789
2021-06-03,116.59351348876953
2021-06-04,118.19024658203125
2021-06-07,117.82689666748047
2021-06-08,118.65489959716797
2021-06-09,119.70246887207031
2021-06-10,120.4205322265625
2021-06-11,120.22626495361328
2021-06-14,119.30540466308594
2021-06-15,119.16177368164062
2021-06-16,119.06039428710938
2021-06-17,120.84295654296875
2021-06-18,123.11553955078125
2021-06-21,121.05415344238281
2021-06-22,121.34988403320312
2021-06-23,121.03727722167969
2021-06-24,121.23164367675781
2021-06-25,119.97281646728516
2021-06-28,121.20625305175781
2021-06-29,121.40904998779297
2021-06-30,121.94974517822266
2021-07-01,121.9564437866211
2021-07-02,122.69235229492188
2021-07-06,124.13043975830078
2021-07-07,125.2301025390625
2021-07-08,125.72080993652344
2021-07-09,123.95281982421875
2021-07-12,123.7921371459961
2021-07-13,122.84465789794922
2021-07-14,124.24038696289062
2021-07-15,125.61080932617188
2021-07-16,125.3740005493164
2021-07-19,128.1232452392578
2021-07-20,126.88818359375
2021-07-21,125.28092956542969
2021-07-22,126.46517181396484
2021-07-23,125.6192626953125
2021-07-26,125.24710083007812
2021-07-27,126.5836410522461
2021-07-28,126.59210205078125
2021-07-29,125.89002990722656
2021-07-30,126.48210144042969
2021-08-02,127.61030578613281
2021-08-03,127.67790222167969
2021-08-04,127.94056701660156
2021-08-05,127.28843688964844
2021-08-06,125.16254425048828
2021-08-09,124.71368408203125
2021-08-10,124.1377944946289
2021-08-11,124.06149291992188
2021-08-12,123.85826873779297
2021-08-13,125.81471252441406
2021-08-16,126.11961364746094
2021-08-17,126.06879425048828
2021-08-18,126.49234008789062
2021-08-19,127.42391967773438
2021-08-20,127.5086441040039
2021-08-23,127.42391967773438
2021-08-24,126.43292999267578
2021-08-25,125.38270568847656
2021-08-26,125.73004913330078
2021-08-27,126.58551788330078
2021-08-30,126.91576385498047
2021-08-31,126.05188751220703
2021-09-01,126.26299285888672
2021-09-02,126.81423950195312
2021-09-03,125.6609115600586
2021-09-07,124.60095977783203
2021-09-08,125.44893646240234
2021-09-09,126.96686553955078
2021-09-10,125.84747314453125
2021-09-13,126.61071014404297
2021-09-14,128.14566040039062
2021-09-15,127.69619750976562
2021-09-16,127.11106872558594
2021-09-17,126.50048828125
2021-09-20,128.0694122314453
2021-09-21,127.9590835571289
2021-09-22,128.72230529785156
2021-09-23,125.81358337402344
2021-09-24,124.583984375
2021-09-27,124.1259765625
2021-09-28,122.19244384765625
2021-09-29,122.40447998046875
2021-09-30,122.38758087158203
2021-10-01,123.41743469238281
2021-10-04,123.10333251953125
2021-10-05,121.9145736694336
2021-10-06,122.60238647460938
2021-10-07,121.32022857666016
2021-10-08,120.47115325927734
2021-10-11,120.16542053222656
2021-10-12,122.22032165527344
2021-10-13,123.40898895263672
2021-10-14,123.8675765991211
2021-10-15,123.1457748413086
2021-10-18,123.72322082519531
2021-10-19,122.01646423339844
2021-10-20,121.19285583496094
2021-10-21,121.04846954345703
2021-10-22,122.381591796875
2021-10-25,122.1948013305664
2021-10-26,123.20524597167969
2021-10-27,125.44686126708984
2021-10-28,125.02227783203125
2021-10-29,125.40444946289062
2021-11-01,124.50146484375
2021-11-02,125.05409240722656
2021-11-03,123.7618637084961
2021-11-04,125.06265258789062
2021-11-05,126.93306732177734
2021-11-08,126.69501495361328
2021-11-09,128.34426879882812
2021-11-10,125.99784851074219
2021-11-11,125.81078338623047
2021-11-12,125.25814819335938
2021-11-15,123.6853256225586
2021-11-16,123.37078094482422
2021-11-17,124.34845733642578
2021-11-18,124.81608581542969
2021-11-19,126.13384246826172
2021-11-22,124.65449523925781
2021-11-23,122.85220336914062
2021-11-24,124.82459259033203
2021-11-26,127.97877502441406
2021-11-29,126.95001983642578
2021-11-30,128.8800048828125
2021-12-01,129.67498779296875
2021-12-02,129.83668518066406
2021-12-03,131.385986328125
2021-12-06,129.5814208984375
2021-12-07,128.5343475341797
2021-12-08,126.31271362304688
2021-12-09,127.0191650390625
2021-12-10,126.71272277832031
2021-12-13,128.58547973632812
2021-12-14,128.279052734375
2021-12-15,127.04476165771484
2021-12-16,127.09416961669922
2021-12-17,128.53433227539062
2021-12-20,127.5714340209961
2021-12-21,127.08568572998047
2021-12-22,127.67361450195312
2021-12-23,126.56581115722656
2021-12-27,126.87263488769531
2021-12-28,126.36979675292969
2021-12-29,124.98929595947266
2021-12-30,126.03746795654297
2021-12-31,126.28466033935547
2022-01-03,122.96961975097656
2022-01-04,122.45832061767578
2022-01-05,121.79357147216797
2022-01-06,122.10894012451172
2022-01-07,121.23114776611328
2022-01-10,121.52943420410156
2022-01-11,122.3389663696289
2022-01-12,121.87032318115234
2022-01-13,122.95259094238281
2022-01-14,121.09481048583984
2022-01-18,119.39044952392578
2022-01-19,120.21710205078125
2022-01-20,120.95848846435547
2022-01-21,122.3986587524414
2022-01-24,121.39307403564453
2022-01-25,121.19712829589844
2022-01-26,119.73131561279297
2022-01-27,121.92997741699219
2022-01-28,121.97256469726562
2022-01-31,121.34197998046875
2022-02-01,120.93914794921875
2022-02-02,121.34876251220703
2022-02-03,120.4015121459961
2022-02-04,118.62654113769531
2022-02-07,118.70333862304688
2022-02-08,117.90974426269531
2022-02-09,118.13159942626953
2022-02-10,116.25418853759766
2022-02-11,117.97803497314453
2022-02-14,116.51020812988281
2022-02-15,115.18748474121094
2022-02-16,115.87016296386719
2022-02-17,116.73204040527344
2022-02-18,117.9609146118164
2022-02-22,118.26812744140625
2022-02-23,116.63819122314453
2022-02-24,116.71500396728516
2022-02-25,116.80033111572266
2022-02-28,119.36048126220703
2022-03-01,120.74042510986328
2022-03-02,116.61318969726562
2022-03-03,117.80096435546875
2022-03-04,119.83470153808594
2022-03-07,118.92037963867188
2022-03-08,117.72412109375
2022-03-09,116.57048034667969
2022-03-10,114.89569854736328
2022-03-11,115.28022766113281
2022-03-14,112.58857727050781
2022-03-15,112.39202117919922
2022-03-16,113.49431610107422
2022-03-17,112.64836883544922
2022-03-18,114.02413177490234
2022-03-21,111.38370513916016
2022-03-22,109.9566650390625
2022-03-23,112.36639404296875
2022-03-24,111.48625183105469
2022-03-25,109.93958282470703
2022-03-28,110.87953186035156
2022-03-29,111.71696472167969
2022-03-30,112.58857727050781
2022-03-31,112.86198425292969
2022-04-01,113.2916259765625
2022-04-04,112.50425720214844
2022-04-05,109.9625244140625
2022-04-06,109.07247924804688
2022-04-07,108.25092315673828
2022-04-08,107.07843017578125
2022-04-11,105.38394927978516
2022-04-12,105.23844909667969
2022-04-13,105.45244598388672
2022-04-14,103.33857727050781
2022-04-18,102.8250961303711
2022-04-19,102.05485534667969
2022-04-20,104.10881805419922
2022-04-21,103.33857727050781
2022-04-22,102.6881332397461
2022-04-25,103.71512603759766
2022-04-26,104.75920104980469
2022-04-27,103.41557312011719
2022-04-28,103.56964111328125
2022-04-29,102.22603607177734
2022-05-02,100.45409393310547
2022-05-03,101.13128662109375
2022-05-04,101.68852996826172
2022-05-05,98.90243530273438
2022-05-06,97.44508361816406
2022-05-09,98.30235290527344
2022-05-10,99.19389343261719
2022-05-11,101.1055679321289
2022-05-12,100.9169921875
2022-05-13,99.42534637451172
2022-05-16,99.3224868774414
2022-05-17,98.12229919433594
2022-05-18,100.21405029296875
2022-05-19,100.45409393310547
2022-05-20,101.59425354003906
2022-05-23,99.92256927490234
2022-05-24,101.89427947998047
2022-05-25,102.29716491699219
2022-05-26,101.8342514038086
2022-05-27,102.08285522460938
2022-05-31,99.92256927490234
2022-06-01,99.80836486816406
2022-06-02,99.85987091064453
2022-06-03,99.64517211914062
2022-06-06,97.80734252929688
2022-06-07,98.86370849609375
2022-06-08,97.98773193359375
2022-06-09,98.3140640258789
2022-06-10,97.70430755615234
2022-06-13,94.63845825195312
2022-06-14,93.44473266601562
2022-06-15,95.18806457519531
2022-06-16,95.94381713867188
2022-06-17,96.25296020507812
2022-06-21,94.62128448486328
2022-06-22,97.223388671875
2022-06-23,98.02206420898438
2022-06-24,96.66517639160156
2022-06-27,95.84075927734375
2022-06-28,96.2873306274414
2022-06-29,97.79016876220703
2022-06-30,98.64899444580078
2022-07-01,99.66175842285156
2022-07-05,100.44483184814453
2022-07-06,98.75827026367188
2022-07-07,97.88916778564453
2022-07-08,96.8049545288086
2022-07-11,98.47433471679688
2022-07-12,99.05945587158203
2022-07-13,100.1952896118164
2022-07-14,99.37779235839844
2022-07-15,99.93714141845703
2022-07-18,98.89595031738281
2022-07-19,98.36241149902344
2022-07-20,98.6205825805664
2022-07-21,100.32433319091797
2022-07-22,102.01091003417969
2022-07-25,101.01274108886719
2022-07-26,101.09019470214844
2022-07-27,100.52226257324219
2022-07-28,101.32251739501953
2022-07-29,101.04717254638672
2022-08-01,103.4807357788086
2022-08-02,101.29115295410156
2022-08-03,102.88591003417969
2022-08-04,102.8514404296875
2022-08-05,100.40319061279297
2022-08-08,102.02384185791016
2022-08-09,101.62733459472656
2022-08-10,100.96355438232422
2022-08-11,98.61014556884766
2022-08-12,99.6101303100586
2022-08-15,99.52391815185547
2022-08-16,99.93769073486328
2022-08-17,98.89461517333984
2022-08-18,99.04115295410156
2022-08-19,97.44637298583984
2022-08-22,97.1187744140625
2022-08-23,96.58431243896484
2022-08-24,95.87741088867188
2022-08-25,97.21360778808594
2022-08-26,97.94637298583984
2022-08-29,97.13603973388672
2022-08-30,97.37741088867188
2022-08-31,96.44640350341797
2022-09-01,94.68063354492188
2022-09-02,95.21623229980469
2022-09-06,92.85787200927734
2022-09-07,94.32642364501953
2022-09-08,93.35890197753906
2022-09-09,93.56621551513672
2022-09-12,92.79737091064453
2022-09-13,93.01335906982422
2022-09-14,93.3329849243164
2022-09-15,93.27249145507812
2022-09-16,92.49501037597656
2022-09-19,92.71099090576172
2022-09-20,91.78665161132812
2022-09-21,93.32437133789062
2022-09-22,90.94005584716797
2022-09-23,91.3115234375
2022-09-26,89.5665054321289
2022-09-27,87.2081298828125
2022-09-28,90.1280288696289
2022-09-29,89.66150665283203
2022-09-30,88.50393676757812
2022-10-03,89.91021728515625
2022-10-04,89.65908813476562
2022-10-05,88.80181121826172
2022-10-06,88.30823516845703
2022-10-07,87.45093536376953
2022-10-10,86.09141540527344
2022-10-11,86.47242736816406
2022-10-12,86.89671325683594
2022-10-13,86.06544494628906
2022-10-14,85.35538482666016
2022-10-17,84.9397201538086
2022-10-18,85.138916015625
2022-10-19,83.58888244628906
2022-10-20,82.16006469726562
2022-10-21,80.6793212890625
2022-10-24,80.01254272460938
2022-10-25,82.34194946289062
2022-10-26,83.52824401855469
2022-10-27,84.40284729003906
2022-10-28,83.82267761230469
2022-10-31,83.2251968383789
2022-11-01,84.00294494628906
2022-11-02,83.63835144042969
2022-11-03,83.18698120117188
2022-11-04,81.7894058227539
2022-11-07,80.9734115600586
2022-11-08,81.85883331298828
2022-11-09,82.1279525756836
2022-11-10,85.28768157958984
2022-11-11,84.97520446777344
2022-11-14,84.76687622070312
2022-11-15,86.1384048461914
2022-11-16,88.02208709716797
2022-11-17,87.09329223632812
2022-11-18,86.49432373046875
2022-11-21,86.85891723632812
2022-11-22,88.09158325195312
2022-11-23,89.62803649902344
2022-11-25,89.32421875
2022-11-28,89.57598876953125
2022-11-29,88.52558898925781
2022-11-30,89.17668151855469
2022-12-01,92.02545928955078
2022-12-02,93.18276977539062
2022-12-05,91.87753295898438
2022-12-06,93.06095123291016
2022-12-07,95.25369262695312
2022-12-08,94.99263763427734
2022-12-09,92.5214614868164
2022-12-12,92.81729888916016
2022-12-13,93.71353912353516
2022-12-14,94.11377716064453
2022-12-15,94.48101043701172
2022-12-16,93.42562103271484
2022-12-19,91.85557556152344
2022-12-20,90.2244644165039
2022-12-21,90.45124816894531
2022-12-22,90.4338150024414
2022-12-23,89.1080093383789
2022-12-27,87.34610748291016
2022-12-28,86.83148956298828
2022-12-29,87.81709289550781
2022-12-30,86.8401870727539
2023-01-03,88.49742889404297
2023-01-04,89.70985412597656
2023-01-05,90.08493041992188
2023-01-06,91.74217987060547
2023-01-09,92.2306137084961
2023-01-10,90.70421600341797
2023-01-11,92.17831420898438
2023-01-12,93.99254608154297
2023-01-13,93.11160278320312
2023-01-17,92.50975036621094
2023-01-18,94.75139617919922
2023-01-19,94.15828704833984
2023-01-20,92.63185119628906
2023-01-23,92.19574737548828
2023-01-24,93.52155303955078
2023-01-25,93.74833679199219
2023-01-26,93.31221008300781
2023-01-27,93.07673645019531
2023-01-30,92.73653411865234
2023-01-31,93.47793579101562
2023-02-01,94.6016616821289
2023-02-02,94.72407531738281
2023-02-03,93.30741119384766
2023-02-06,92.61656951904297
2023-02-07,91.8732681274414
2023-02-08,92.31048583984375
2023-02-09,91.43600463867188
2023-02-10,90.41288757324219
2023-02-13,91.17367553710938
2023-02-14,90.96378326416016
2023-02-15,90.11553955078125
2023-02-16,88.83882904052734
2023-02-17,89.52964782714844
2023-02-21,87.78942108154297
2023-02-22,88.59394073486328
2023-02-23,89.45968627929688
2023-02-24,88.2966079711914
2023-02-27,88.5414810180664
2023-02-28,88.94374084472656
2023-03-01,87.98822021484375
2023-03-02,87.20797729492188
2023-03-03,89.32071685791016
2023-03-06,88.62815856933594
2023-03-07,89.17166137695312
2023-03-08,89.25932312011719
2023-03-09,89.478515625
2023-03-10,92.56425476074219
2023-03-13,92.77464294433594
2023-03-14,91.24927520751953
2023-03-15,93.01134490966797
2023-03-16,92.28374481201172
2023-03-17,93.66883087158203
2023-03-20,92.84478759765625
2023-03-21,92.04704284667969
2023-03-22,93.2743148803711
2023-03-23,93.2743148803711
2023-03-24,93.66883087158203
2023-03-27,91.46844482421875
2023-03-28,91.635009765625
2023-03-29,91.45092010498047
2023-03-30,91.8717041015625
2023-03-31,93.2480239868164
2023-04-03,93.68657684326172
2023-04-04,94.15238952636719
2023-04-05,95.13672637939453
2023-04-06,95.38280487060547
2023-04-10,93.84476470947266
2023-04-11,94.03813171386719
2023-04-12,93.94146728515625
2023-04-13,93.20321655273438
2023-04-14,92.3507080078125
2023-04-17,91.25214385986328
2023-04-18,91.57733154296875
2023-04-19,91.48944854736328
2023-04-20,92.27162170410156
2023-04-21,91.75308990478516
2023-04-24,92.64073181152344
2023-04-25,94.00299072265625
2023-04-26,93.00108337402344
2023-04-27,92.07830047607422
2023-04-28,93.56355285644531
2023-05-01,90.86565399169922
2023-05-02,93.13006591796875
2023-05-03,93.64989471435547
2023-05-04,92.72476196289062
2023-05-05,92.41637420654297
2023-05-08,91.1211929321289
2023-05-09,90.7951889038086
2023-05-10,91.67625427246094
2023-05-11,92.64546966552734
2023-05-12,91.87007141113281
2023-05-15,90.91856384277344
2023-05-16,90.64541625976562
2023-05-17,90.38108825683594
2023-05-18,89.71147918701172
2023-05-19,89.07708740234375
2023-05-22,88.75989532470703
2023-05-23,89.01541900634766
2023-05-24,88.57488250732422
2023-05-25,88.35459899902344
2023-05-26,89.06830596923828
2023-05-30,89.95819091796875
2023-05-31,90.7423095703125
2023-06-01,91.09835052490234
2023-06-02,90.1000747680664
2023-06-05,89.9322280883789
2023-06-06,90.46229553222656
2023-06-07,89.11946105957031
2023-06-08,90.16191864013672
2023-06-09,90.03826141357422
2023-06-12,90.30326080322266
2023-06-13,89.41101837158203
2023-06-14,90.12660217285156
2023-06-15,90.99234771728516
2023-06-16,90.63896179199219
2023-06-20,91.26618194580078
2023-06-21,91.487060546875
2023-06-22,90.38277435302734
2023-06-23,91.28387451171875
2023-06-26,91.38105773925781
2023-06-27,91.14252471923828
2023-06-28,91.5312271118164
2023-06-29,89.87919616699219
2023-06-30,90.93932342529297
2023-07-03,90.4238052368164
2023-07-05,89.5645523071289
2023-07-06,88.29783630371094
2023-07-07,87.766357421875
2023-07-10,87.88152313232422
2023-07-11,88.333251953125
2023-07-12,89.31653594970703
2023-07-13,90.2555160522461
2023-07-14,89.72400665283203
2023-07-17,89.76830291748047
2023-07-18,90.17576599121094
2023-07-19,91.19446563720703
2023-07-20,90.0871810913086
2023-07-21,90.11377716064453
2023-07-24,89.7860107421875
2023-07-25,89.61770629882812
2023-07-26,89.70626831054688
2023-07-27,87.96124267578125
2023-07-28,88.41300201416016
2023-07-31,88.62562561035156
2023-08-01,87.17327880859375
2023-08-02,86.24063110351562
2023-08-03,84.25093078613281
2023-08-04,85.74320220947266
2023-08-07,84.89936065673828
2023-08-08,85.88534545898438
2023-08-09,86.32947540283203
2023-08-10,84.90824127197266
2023-08-11,84.71282958984375
2023-08-14,84.52632141113281
2023-08-15,84.01111602783203
2023-08-16,83.35382080078125
2023-08-17,82.99848937988281
2023-08-18,83.2916259765625
2023-08-21,82.18128967285156
2023-08-22,82.81196594238281
2023-08-23,84.86383056640625
2023-08-24,84.30425262451172
2023-08-25,84.57959747314453
2023-08-28,84.66841888427734
2023-08-29,85.54778289794922
2023-08-30,85.45894622802734
2023-08-31,85.84091186523438
2023-09-01,84.50363159179688
2023-09-05,83.3187026977539
2023-09-06,83.52362823486328
2023-09-07,83.75528717041016
2023-09-08,84.07601165771484
2023-09-11,83.4701919555664
2023-09-12,83.95128631591797
2023-09-13,83.93346405029297
2023-09-14,83.32760620117188
2023-09-15,82.81983184814453
2023-09-18,83.29197692871094
2023-09-19,82.6772689819336
2023-09-20,82.93561553955078
2023-09-21,80.80634307861328
2023-09-22,81.45671081542969
2023-09-25,79.4521484375
2023-09-26,79.17591857910156
2023-09-27,78.76611328125
2023-09-28,79.00666046142578
2023-09-29,79.01557159423828
2023-10-02,77.69287109375
2023-10-03,76.02156066894531
2023-10-04,77.09403228759766
2023-10-05,76.70974731445312
2023-10-06,75.7802505493164
2023-10-09,77.55877685546875
2023-10-10,77.4515609741211
2023-10-11,79.06920623779297
2023-10-12,76.92424011230469
2023-10-13,78.30062103271484
2023-10-16,77.0404052734375
2023-10-17,76.19136810302734
2023-10-18,75.52105712890625
2023-10-19,73.97488403320312
2023-10-20,74.39496612548828
2023-10-23,75.2886734008789
2023-10-24,76.2807388305664
2023-10-25,74.5826416015625
2023-10-26,75.72660064697266
2023-10-27,75.40487670898438
2023-10-30,75.06526947021484
2023-10-31,74.69883728027344
2023-11-01,76.31846618652344
2023-11-02,78.05828857421875
2023-11-03,78.58738708496094
2023-11-06,77.8250961303711
2023-11-07,78.97300720214844
2023-11-08,80.3182144165039
2023-11-09,78.47079467773438
2023-11-10,78.91022491455078
2023-11-13,78.73088836669922
2023-11-14,80.51551818847656
2023-11-15,79.38555145263672
2023-11-16,80.37202453613281
2023-11-17,80.74869537353516
2023-11-20,81.24192810058594
2023-11-21,81.2060546875
2023-11-22,81.4930419921875
2023-11-24,80.533447265625
2023-11-27,81.8786849975586
2023-11-28,82.04009246826172
2023-11-29,83.07142639160156
2023-11-30,82.11186218261719
2023-12-01,83.65834045410156
2023-12-04,83.32549285888672
2023-12-05,85.1157455444336
2023-12-06,86.24935913085938
2023-12-07,85.75452423095703
2023-12-08,85.05280303955078
2023-12-11,84.87287139892578
2023-12-12,85.12477111816406
2023-12-13,87.12199401855469
2023-12-14,89.38827514648438
2023-12-15,89.48758697509766
2023-12-18,88.77455139160156
2023-12-19,89.25291442871094
2023-12-20,89.85760498046875
2023-12-21,89.28901672363281
2023-12-22,88.88285827636719
2023-12-26,89.13557434082031
2023-12-27,90.71503448486328
2023-12-28,90.05615997314453
2023-12-29,89.24388122558594
2024-01-02,88.72943878173828
2024-01-03,89.09947967529297
2024-01-04,87.74565124511719
2024-01-05,86.90629577636719
2024-01-08,87.7636947631836
2024-01-09,87.2041244506836
2024-01-10,86.7979736328125
2024-01-11,87.28533935546875
2024-01-12,87.11387634277344
2024-01-16,85.57952117919922
2024-01-17,85.44418334960938
2024-01-18,84.64990234375
2024-01-19,84.92068481445312
2024-01-22,85.42611694335938
2024-01-23,84.74921417236328
2024-01-24,84.2528076171875
2024-01-25,84.8033676147461
2024-01-26,84.64089965820312
2024-01-29,85.61563873291016
2024-01-30,86.391845703125
2024-01-31,87.24024963378906
2024-02-01,88.95155334472656
2024-02-02,86.98670196533203
2024-02-05,85.2301254272461
2024-02-06,86.0631332397461
2024-02-07,85.64663696289062
2024-02-08,85.14862060546875
2024-02-09,84.97657775878906
2024-02-12,85.07621002197266
2024-02-13,83.6184310913086
2024-02-14,84.04398345947266
2024-02-15,84.47860717773438
2024-02-16,83.9896469116211
2024-02-20,84.06208038330078
2024-02-21,83.4645004272461
2024-02-22,83.87197875976562
2024-02-23,84.99470520019531
2024-02-26,84.74116516113281
2024-02-27,84.14358520507812
2024-02-28,84.67781829833984
2024-02-29,85.27542877197266
2024-03-01,85.8067398071289
2024-03-04,85.46160888671875
2024-03-05,86.67871856689453
2024-03-06,87.18733978271484
2024-03-07,87.10559844970703
2024-03-08,86.95121765136719
2024-03-11,86.90580749511719
2024-03-12,86.17915344238281
2024-03-13,85.76133728027344
2024-03-14,84.44429016113281
2024-03-15,84.41707611083984
2024-03-18,84.16273498535156
2024-03-19,84.39889526367188
2024-03-20,84.37166595458984
2024-03-21,84.55329895019531
2024-03-22,85.36170959472656
2024-03-25,84.93479919433594
2024-03-26,85.17093658447266
2024-03-27,86.01565551757812
2024-03-28,85.9429931640625
2024-04-01,84.34095764160156
2024-04-02,83.87615966796875
2024-04-03,83.85794830322266
2024-04-04,84.4593734741211
2024-04-05,83.2838134765625
2024-04-08,83.27470397949219
2024-04-09,84.04932403564453
2024-04-10,82.21759796142578
2024-04-11,81.84396362304688
2024-04-12,82.2813720703125
2024-04-15,81.00556945800781
2024-04-16,80.4679183959961
2024-04-17,81.36097717285156
2024-04-18,80.95087432861328
2024-04-19,81.24252319335938
2024-04-22,81.10581970214844
2024-04-23,81.13313293457031
2024-04-24,80.55901336669922
2024-04-25,79.99402618408203
2024-04-26,80.41321563720703
2024-04-29,81.08758544921875
2024-04-30,80.39500427246094
2024-05-01,80.98757934570312
2024-05-02,81.3351058959961
2024-05-03,82.15812683105469
2024-05-06,82.47821807861328
2024-05-07,82.98116302490234
2024-05-08,82.47821807861328
2024-05-09,82.88058471679688
2024-05-10,82.41419219970703
2024-05-13,82.62454986572266
2024-05-14,83.0909194946289
2024-05-15,84.22489929199219
2024-05-16,84.14259338378906
2024-05-17,83.57562255859375
2024-05-20,83.32872009277344
2024-05-21,83.75849151611328
2024-05-22,83.85909271240234
2024-05-23,83.31956481933594
2024-05-24,83.56645202636719
2024-05-28,82.36848449707031
2024-05-29,81.37168884277344
2024-05-30,82.15812683105469
2024-05-31,82.71597290039062
2024-06-03,84.0538558959961
2024-06-04,85.03571319580078
2024-06-05,85.65971374511719
2024-06-06,85.53125
2024-06-07,83.96210479736328
2024-06-10,83.40237426757812
2024-06-11,84.26493072509766
2024-06-12,84.8980712890625
2024-06-13,86.14604949951172
2024-06-14,86.87094116210938
2024-06-17,86.0083999633789
2024-06-18,86.79756927490234
2024-06-20,86.21944427490234
2024-06-21,86.21944427490234
2024-06-24,86.5681381225586
2024-06-25,86.71497344970703
2024-06-26,85.47618103027344
2024-06-27,85.8156967163086
2024-06-28,84.21903228759766
2024-07-01,82.76549530029297
2024-07-02,83.40990447998047
2024-07-03,84.50533294677734
2024-07-05,85.20492553710938
2024-07-08,85.38905334472656
2024-07-09,85.0116195678711
2024-07-10,85.27859497070312
2024-07-11,86.10707092285156
2024-07-12,86.47529602050781
2024-07-15,85.48109436035156
2024-07-16,86.68697357177734
2024-07-17,86.7054214477539
2024-07-18,86.0426254272461
2024-07-19,85.53631591796875
2024-07-22,85.28777313232422
2024-07-23,85.1680908203125
2024-07-24,84.2475814819336
2024-07-25,84.93798065185547
2024-07-26,85.60075378417969
2024-07-29,86.06104278564453
2024-07-30,86.39242553710938
2024-07-31,87.2761459350586
2024-08-01,88.02890014648438
2024-08-02,90.77198028564453
2024-08-05,91.25225067138672
2024-08-06,89.2110824584961
2024-08-07,88.58305358886719
2024-08-08,88.03811645507812
2024-08-09,88.90632629394531
2024-08-12,89.22956085205078
2024-08-13,89.84838104248047
2024-08-14,90.41179656982422
2024-08-15,89.68212890625
2024-08-16,89.99616241455078
2024-08-19,90.41179656982422
2024-08-20,91.1322021484375
2024-08-21,91.18762969970703
2024-08-22,90.28248596191406
2024-08-23,90.87360382080078
2024-08-26,90.64269256591797
2024-08-27,90.48567199707031
2024-08-28,90.37483978271484
2024-08-29,90.07927703857422
2024-08-30,89.11874389648438
2024-09-03,90.57630157470703
2024-09-04,91.74383544921875
2024-09-05,92.26272583007812
2024-09-06,92.25347900390625
2024-09-09,92.65190887451172
2024-09-10,93.300537109375
2024-09-11,93.22638702392578
2024-09-12,92.79090118408203
2024-09-13,93.04109191894531
2024-09-16,93.89356231689453
2024-09-17,93.43951416015625
2024-09-18,92.28125762939453
2024-09-19,91.97547149658203
2024-09-20,91.62335968017578
2024-09-23,91.42878723144531
2024-09-24,91.41024017333984
2024-09-25,90.65042114257812
2024-09-26,90.86355590820312
2024-09-27,91.33612823486328
2024-09-30,90.90059661865234
2024-10-01,91.55692291259766
2024-10-02,90.78534698486328
2024-10-03,89.93010711669922
2024-10-04,88.82388305664062
2024-10-07,88.1545639038086
2024-10-08,88.30327606201172
2024-10-09,87.80130004882812
2024-10-10,87.45735168457031
2024-10-11,87.10408782958984
2024-10-14,87.16917419433594
2024-10-15,88.22892761230469
2024-10-16,88.60077667236328
2024-10-17,87.1970443725586
2024-10-18,87.26213073730469
2024-10-21,85.73759460449219
2024-10-22,85.82125091552734
2024-10-23,85.58882904052734
2024-10-24,86.1373062133789
2024-10-25,85.65392303466797
2024-10-28,85.4215316772461
2024-10-29,85.55164337158203
2024-10-30,85.80265808105469
2024-10-31,85.94207000732422
2024-11-01,84.73045349121094
2024-11-04,86.0456314086914
2024-11-05,86.5026626586914
2024-11-06,84.13349914550781
2024-11-07,85.18751525878906
2024-11-08,86.26947784423828
2024-11-11,85.84974670410156
2024-11-12,84.56257629394531
2024-11-13,83.76041412353516
2024-11-14,84.24542999267578
2024-11-15,84.02156829833984
2024-11-18,84.17080688476562
2024-11-19,84.59986114501953
2024-11-20,84.32939147949219
2024-11-21,84.26407623291016
2024-11-22,84.31072235107422
2024-11-25,86.49333953857422
2024-11-26,86.15754699707031
2024-11-27,86.75453186035156
2024-11-29,87.64996337890625
2024-12-02,87.86054992675781
2024-12-03,87.1023941040039
2024-12-04,88.03836822509766
2024-12-05,88.21621704101562
2024-12-06,88.34725189208984
2024-12-09,87.53295135498047
2024-12-10,87.12112426757812
2024-12-11,86.2974624633789
2024-12-12,85.24915313720703
2024-12-13,84.37869262695312
2024-12-16,84.63141632080078
2024-12-17,84.83732604980469
2024-12-18,83.7764892578125
2024-12-19,82.50800323486328
2024-12-20,82.97781372070312
2024-12-23,82.21671295166016
2024-12-24,82.56438446044922
2024-12-26,82.51741790771484
2024-12-27,81.84086608886719
2024-12-30,82.4986343383789
2024-12-31,82.0569839477539
2025-01-02,82.28250885009766
2025-01-03,82.0194091796875
2025-01-06,81.65296173095703
2025-01-07,80.73211669921875
2025-01-08,80.83547973632812
2025-01-10,80.29989624023438
2025-01-13,80.27169036865234
2025-01-14,80.14017486572266
2025-01-15,81.52142333984375
2025-01-16,81.78450775146484
2025-01-17,81.92545318603516
2025-01-21,82.65835571289062
2025-01-22,82.22612762451172
2025-01-23,81.5871810913086
2025-01-24,81.95364379882812
2025-01-27,82.92143249511719
2025-01-28,82.86505889892578
2025-01-29,82.69593811035156
2025-01-30,83.00599670410156
2025-01-31,82.4610366821289
2025-02-03,83.13243103027344
2025-02-04,83.38703155517578
2025-02-05,84.76376342773438
2025-02-06,84.7260513305664
2025-02-07,84.17912292480469
2025-02-10,83.92452239990234
2025-02-11,83.38703155517578
2025-02-12,82.25545501708984
2025-02-13,83.6227798461914
2025-02-14,84.06597900390625
2025-02-18,83.07584381103516
2025-02-19,83.17957305908203
2025-02-20,83.4907455444336
2025-02-21,84.4997329711914
2025-02-24,84.74490356445312
2025-02-25,86.20652770996094
2025-02-26,86.71572875976562
2025-02-27,86.102783203125
2025-02-28,87.15890502929688
2025-03-03,87.56568145751953
2025-03-04,86.48729705810547
2025-03-05,85.7967529296875
2025-03-06,85.51298522949219
2025-03-07,85.2386474609375
2025-03-10,86.12784576416016
2025-03-11,85.51298522949219
2025-03-12,85.00218200683594
2025-03-13,85.74947357177734
2025-03-14,85.29542541503906
2025-03-17,85.72109985351562
2025-03-18,85.80623626708984
2025-03-19,86.25082397460938
2025-03-20,86.30756378173828
2025-03-21,85.7967529296875
2025-03-24,84.91703033447266
2025-03-25,84.9075927734375
2025-03-26,84.34945678710938
2025-03-27,84.10353088378906
2025-03-28,85.26703643798828
2025-03-31,86.10892486572266
2025-04-01,86.8551025390625
2025-04-02,86.79813385009766
2025-04-03,87.19684600830078
2025-04-04,88.14620971679688
2025-04-07,85.48805236816406
2025-04-08,83.87417602539062
2025-04-09,84.36784362792969
2025-04-10,82.04193878173828
2025-04-11,82.4881591796875
2025-04-14,83.07672882080078
2025-04-15,83.37104034423828
2025-04-16,83.8362045288086
2025-04-17,83.0957260131836
2025-04-21,81.64323425292969
2025-04-22,82.09893035888672
2025-04-23,82.89635467529297
2025-04-24,83.76972961425781
2025-04-25,84.3868179321289
2025-04-28,84.91845703125
2025-04-29,85.63046264648438
2025-04-30,84.93743133544922
2025-05-01,84.50675964355469
2025-05-02,83.592041015625
2025-05-05,83.1251449584961
2025-05-06,83.40148162841797
2025-05-07,83.75402069091797
2025-05-08,82.82025146484375
2025-05-09,82.94412231445312
2025-05-12,82.17230987548828
2025-05-13,81.83882141113281
2025-05-14,81.29570007324219
2025-05-15,82.01034545898438
2025-05-16,82.22948455810547
2025-05-19,81.99128723144531
2025-05-20,81.4005126953125
2025-05-21,80.00938415527344
2025-05-22,80.42863464355469
2025-05-23,80.56204223632812
2025-05-27,81.68636322021484
2025-05-28,81.3338394165039
2025-05-29,82.0865707397461
2025-05-30,82.21041870117188
2025-06-02,81.4453353881836
2025-06-03,81.30187225341797
2025-06-04,82.62167358398438
2025-06-05,82.6790542602539
2025-06-06,81.62702941894531
2025-06-09,81.71309661865234
2025-06-10,82.13391876220703
2025-06-11,82.38258361816406
2025-06-12,83.36764526367188
2025-06-13,82.56429290771484
2025-06-16,81.73223876953125
2025-06-17,82.72687530517578
2025-06-18,82.8703384399414
2025-06-20,82.7173080444336
2025-06-23,82.9850845336914
2025-06-24,83.58763122558594
2025-06-25,83.69281005859375
2025-06-26,84.11360168457031
2025-06-27,83.57805633544922
2025-06-30,84.40052795410156
2025-07-01,84.60980987548828
2025-07-02,84.07223510742188
2025-07-03,83.48666381835938
2025-07-07,82.68991088867188
2025-07-08,82.58431243896484
2025-07-09,83.44827270507812
2025-07-10,83.505859375
2025-07-11,82.35392761230469
2025-07-14,82.18113708496094
2025-07-15,81.60517883300781
2025-07-16,81.72034454345703
2025-07-17,81.70115661621094
2025-07-18,81.82595825195312
2025-07-21,82.5555191040039
2025-07-22,83.0546875
2025-07-23,82.59393310546875
2025-07-24,82.4499282836914
2025-07-25,82.9682846069336
2025-07-28,82.43074035644531
2025-07-29,83.8226547241211
2025-07-30,83.39066314697266
2025-07-31,83.43867492675781
2025-08-01,84.62489318847656
2025-08-04,84.85614776611328
2025-08-05,85.1163330078125
2025-08-06,84.62489318847656
2025-08-07,84.48033142089844
2025-08-08,84.1141586303711
2025-08-11,84.21051788330078
2025-08-12,83.78653717041016
2025-08-13,84.48033142089844
2025-08-14,83.85398864746094
2025-08-15,83.25654602050781
2025-08-18,83.0156478881836
2025-08-19,83.49745178222656
2025-08-20,83.68053436279297
2025-08-21,83.26618194580078
2025-08-22,83.88289642333984
2025-08-25,83.64199829101562
2025-08-26,83.59381103515625
2025-08-27,83.49745178222656
2025-08-28,84.04670715332031
2025-08-29,83.44927215576172
2025-09-02,82.82828521728516
2025-09-03,83.73751831054688
2025-09-04,84.37592315673828
2025-09-05,85.66241455078125
2025-09-08,86.80379486083984
2025-09-09,86.31049346923828
2025-09-10,86.80379486083984
2025-09-11,87.38416290283203
2025-09-12,87.00691223144531
2025-09-15,87.2100601196289
2025-09-16,87.39384460449219
2025-09-17,87.17135620117188
2025-09-18,86.27179718017578
2025-09-19,86.10734558105469
2025-09-22,85.7978286743164
2025-09-23,86.39755249023438
2025-09-24,86.06866455078125
2025-09-25,86.06866455078125
2025-09-26,85.99128723144531
2025-09-29,86.69739532470703
2025-09-30,86.44590759277344
2025-10-01,86.6691665649414
2025-10-02,86.9215316772461
2025-10-03,86.75650787353516
2025-10-06,86.06735229492188
2025-10-07,86.56238555908203
2025-10-08,86.63032531738281
2025-10-09,86.56238555908203
2025-10-10,87.96012115478516
2025-10-13,87.91159057617188
2025-10-14,88.19307708740234
2025-10-15,87.99894714355469
2025-10-16,88.65898132324219
2025-10-17,88.52308654785156
2025-10-20,88.8628158569336
2025-10-21,89.29962158203125
2025-10-22,89.35785675048828
2025-10-23,88.74633026123047
2025-10-24,88.78516387939453
2025-10-27,89.0860824584961
2025-10-28,89.31902313232422
2025-10-29,88.41632843017578
2025-10-30,87.90187072753906
2025-10-31,87.63980102539062
2025-11-03,87.42061614990234
2025-11-04,87.61544799804688
2025-11-05,86.66078186035156
2025-11-06,87.44009399414062
2025-11-07,87.25501251220703
2025-11-10,87.23553466796875
2025-11-11,87.63494110107422
2025-11-12,87.7907943725586
2025-11-13,87.06991577148438
2025-11-14,86.57310485839844
2025-11-17,86.78742218017578
2025-11-18,86.7582015991211
2025-11-19,86.58283996582031
2025-11-20,86.9238052368164
2025-11-21,87.18681335449219
2025-11-24,87.68363952636719
2025-11-25,87.9076919555664
2025-11-26,88.29736328125
2025-11-28,87.87846374511719
2025-12-01,86.78449249267578
2025-12-02,86.82360076904297
2025-12-03,87.0680160522461
2025-12-04,86.5987548828125
2025-12-05,86.19791412353516
2025-12-08,85.9144058227539
2025-12-09,86.00238800048828
2025-12-10,86.33478546142578
2025-12-11,86.21746826171875
2025-12-12,85.38648986816406
2025-12-15,85.44515228271484
2025-12-16,85.9144058227539
2025-12-17,85.83619689941406
2025-12-18,86.2468032836914
2025-12-19,85.92488861083984
2025-12-22,85.73841094970703
2025-12-23,85.87581634521484
2025-12-24,86.3959732055664
2025-12-26,86.1113510131836
2025-12-29,86.43524169921875
2025-12-30,86.2291259765625
2025-12-31,85.5421371459961
2026-01-02,85.41454315185547
2026-01-05,85.83656311035156
2026-01-06,85.65990447998047
2026-01-07,86.16043853759766
2026-01-08,85.72860717773438
2026-01-09,86.29783630371094
2026-01-12,86.04266357421875
2026-01-13,86.18988800048828
2026-01-14,86.69042205810547
2026-01-15,86.67078399658203
2026-01-16,86.17024993896484
2026-01-20,85.0416030883789
2026-01-21,85.68934631347656
2026-01-22,86.06228637695312
2026-01-23,86.29783630371094
2026-01-26,86.71004486083984
2026-01-27,86.17024993896484
2026-01-28,85.97396850585938
2026-01-29,85.99359130859375
2026-01-30,85.51268005371094
2026-02-02,85.26836395263672
2026-02-03,85.47525787353516
2026-02-04,85.25851440429688
2026-02-05,86.1845932006836
2026-02-06,86.24370574951172
2026-02-09,86.22399139404297
2026-02-10,87.21903991699219
2026-02-11,86.75599670410156
2026-02-12,87.90868377685547
2026-02-13,88.39141845703125
2026-02-17,88.5392074584961
2026-02-18,88.20423126220703
2026-02-19,88.29290008544922
2026-02-20,88.08601379394531
2026-02-23,88.41112518310547
2026-02-24,88.56875610351562
2026-02-25,88.57860565185547
2026-02-26,88.93326568603516
2026-02-27,89.47512817382812
2026-03-02,88.57660675048828
2026-03-03,88.39868927001953
2026-03-04,88.12191772460938
2026-03-05,87.76606750488281
2026-03-06,87.43987274169922
2026-03-09,88.20100402832031
2026-03-10,87.26194763183594
2026-03-11,86.13509368896484
2026-03-12,85.96705627441406
2026-03-13,85.54202270507812
2026-03-16,86.20428466796875
2026-03-17,86.44152069091797
2026-03-18,85.95716857910156
2026-03-19,86.48106384277344
2026-03-20,84.8402099609375
2026-03-23,85.39374542236328
2026-03-24,85.01812744140625
2026-03-25,85.83855438232422
2026-03-26,85.11697387695312
2026-03-27,84.65238952636719
2026-03-30,85.77924346923828
2026-03-31,85.6902847290039
2026-04-01,85.6059341430664
2026-04-02,86.13191223144531
2026-04-06,85.99297332763672
2026-04-07,85.98304748535156
2026-04-08,86.26092529296875
2026-04-09,86.04259490966797
2026-04-10,85.83418273925781
2026-04-13,86.09221649169922
2026-04-14,86.5487289428711
2026-04-15,86.1716079711914
2026-04-16,85.62577819824219
2026-04-17,86.40978240966797
2026-04-20,86.38994598388672
2026-04-21,85.91357421875
2026-04-22,86.08228302001953
2026-04-23,85.89373016357422
2026-04-24,86.05252075195312
2026-04-27,85.62577819824219
2026-04-28,85.71509552001953
2026-04-29,85.0501708984375
2026-04-30,84.97077941894531
2026-05-01,85.27458953857422
2026-05-04,84.62712860107422
2026-05-05,85.09529113769531
2026-05-06,85.74274444580078
2026-05-07,85.3144302368164
2026-05-08,85.74274444580078
2026-05-11,85.22477722167969
2026-05-12,84.65701293945312
2026-05-13,84.46776580810547
2026-05-14,84.58728790283203
2026-05-15,83.33222961425781
2026-05-18,83.23261260986328
2026-05-19,82.69473266601562
2026-05-20,83.58125305175781
2026-05-21,83.89002990722656
2026-05-22,84.34822845458984
2026-05-26,84.7665786743164
2026-05-27,84.96580505371094
2026-05-28,85.4040756225586
2026-05-29,85.42400360107422
2026-06-01,85.47000122070312
2026-06-02,85.6500015258789
2026-06-03,85.30999755859375
2026-06-04,85.5
2026-06-05,85.05999755859375
2026-06-08,84.62000274658203
