date,adj_close
2005-01-03,39.9681282043457
2005-01-04,39.43612289428711
2005-01-05,39.16331100463867
2005-01-06,39.350868225097656
2005-01-07,39.22467803955078
2005-01-10,39.381561279296875
2005-01-11,39.14284896850586
2005-01-12,39.31678771972656
2005-01-13,39.009849548339844
2005-01-14,39.183773040771484
2005-01-18,39.61004638671875
2005-01-19,39.2553825378418
2005-01-20,39.01667785644531
2005-01-21,38.815467834472656
2005-01-24,38.6074333190918
2005-01-25,38.70635223388672
2005-01-26,38.94505310058594
2005-01-27,38.999629974365234
2005-01-28,38.856388092041016
2005-01-31,39.251991271972656
2005-02-01,39.47364807128906
2005-02-02,39.65439224243164
2005-02-03,39.45659637451172
2005-02-04,39.951087951660156
2005-02-07,39.93404006958008
2005-02-08,40.002235412597656
2005-02-09,39.62709426879883
2005-02-10,39.763511657714844
2005-02-11,40.087501525878906
2005-02-14,40.097713470458984
2005-02-15,40.2409553527832
2005-02-16,40.24776840209961
2005-02-17,39.98517990112305
2005-02-18,39.9681282043457
2005-02-22,39.36451721191406
2005-02-23,39.57252883911133
2005-02-24,39.87263107299805
2005-02-25,40.271629333496094
2005-02-28,40.07045364379883
2005-03-01,40.298919677734375
2005-03-02,40.264827728271484
2005-03-03,40.30915832519531
2005-03-04,40.7149658203125
2005-03-07,40.81729507446289
2005-03-08,40.55810546875
2005-03-09,40.1898078918457
2005-03-10,40.118167877197266
2005-03-11,39.98858642578125
2005-03-14,40.1863899230957
2005-03-15,39.97494125366211
2005-03-16,39.63051223754883
2005-03-17,39.67826843261719
2005-03-18,39.593013763427734
2005-03-21,39.47023391723633
2005-03-22,39.13261413574219
2005-03-23,39.10194778442383
2005-03-24,39.111515045166016
2005-03-28,39.14573287963867
2005-03-29,38.817100524902344
2005-03-30,39.344295501708984
2005-03-31,39.320316314697266
2005-04-01,39.15259552001953
2005-04-04,39.28268814086914
2005-04-05,39.40591812133789
2005-04-06,39.49492263793945
2005-04-07,39.71059036254883
2005-04-08,39.36826705932617
2005-04-11,39.337459564208984
2005-04-12,39.53942108154297
2005-04-13,39.111515045166016
2005-04-14,38.649375915527344
2005-04-15,38.03315734863281
2005-04-18,38.17008972167969
2005-04-19,38.49188995361328
2005-04-20,37.944156646728516
2005-04-21,38.66305160522461
2005-04-22,38.409732818603516
2005-04-25,38.78629684448242
2005-04-26,38.36864471435547
2005-04-27,38.509010314941406
2005-04-28,37.998931884765625
2005-04-29,38.4542236328125
2005-05-02,38.649375915527344
2005-05-03,38.7691764831543
2005-05-04,39.10124588012695
2005-05-05,39.02934265136719
2005-05-06,39.01908874511719
2005-05-09,39.23474884033203
2005-05-10,38.87873458862305
2005-05-11,39.0738525390625
2005-05-12,38.628822326660156
2005-05-13,38.46449279785156
2005-05-16,38.84790802001953
2005-05-17,39.11494445800781
2005-05-18,39.587345123291016
2005-05-19,39.765377044677734
2005-05-20,39.71059036254883
2005-05-23,39.91599655151367
2005-05-24,39.91599655151367
2005-05-25,39.76877975463867
2005-05-26,39.994728088378906
2005-05-27,40.05634307861328
2005-05-31,39.94679641723633
2005-06-01,40.278873443603516
2005-06-02,40.34047317504883
2005-06-03,40.10770034790039
2005-06-06,40.1727409362793
2005-06-07,40.200130462646484
2005-06-08,40.10770034790039
2005-06-09,40.31654357910156
2005-06-10,40.265174865722656
2005-06-13,40.35758972167969
2005-06-14,40.494544982910156
2005-06-15,40.54930114746094
2005-06-16,40.73758316040039
2005-06-17,40.91218185424805
2005-06-20,40.90875244140625
2005-06-21,40.83001708984375
2005-06-22,40.90875244140625
2005-06-23,40.412376403808594
2005-06-24,40.07002258300781
2005-06-27,40.108856201171875
2005-06-28,40.51764678955078
2005-06-29,40.44894790649414
2005-06-30,40.24972152709961
2005-07-01,40.39741897583008
2005-07-05,40.74781036376953
2005-07-06,40.435203552246094
2005-07-07,40.551998138427734
2005-07-08,41.05009841918945
2005-07-11,41.34210205078125
2005-07-12,41.41079330444336
2005-07-13,41.46233367919922
2005-07-14,41.50353240966797
2005-07-15,41.53788757324219
2005-07-18,41.366111755371094
2005-07-19,41.63750076293945
2005-07-20,41.77147674560547
2005-07-21,41.51726150512695
2005-07-22,41.798973083496094
2005-07-25,41.695892333984375
2005-07-26,41.747432708740234
2005-07-27,41.91232681274414
2005-07-28,42.20087432861328
2005-07-29,42.011932373046875
2005-08-01,41.953548431396484
2005-08-02,42.21116638183594
2005-08-03,42.245521545410156
2005-08-04,41.87111282348633
2005-08-05,41.548194885253906
2005-08-08,41.41079330444336
2005-08-09,41.623748779296875
2005-08-10,41.68559646606445
2005-08-11,41.88825988769531
2005-08-12,41.630645751953125
2005-08-15,41.84362030029297
2005-08-16,41.29741668701172
2005-08-17,41.29398727416992
2005-08-18,41.24933624267578
2005-08-19,41.393611907958984
2005-08-22,41.355812072753906
2005-08-23,41.30086135864258
2005-08-24,41.02947998046875
2005-08-25,41.16001892089844
2005-08-26,40.878326416015625
2005-08-29,41.16347122192383
2005-08-30,41.02604675292969
2005-08-31,41.5550651550293
2005-09-01,41.5516242980957
2005-09-02,41.44512939453125
2005-09-06,41.926055908203125
2005-09-07,42.063453674316406
2005-09-08,41.91574478149414
2005-09-09,42.20087432861328
2005-09-12,42.21116638183594
2005-09-13,41.943241119384766
2005-09-14,41.77147674560547
2005-09-15,41.781776428222656
2005-09-16,42.0669059753418
2005-09-19,41.91232681274414
2005-09-20,41.50009536743164
2005-09-21,41.10504150390625
2005-09-22,41.24589920043945
2005-09-23,41.32833480834961
2005-09-26,41.38010787963867
2005-09-27,41.38010787963867
2005-09-28,41.418060302734375
2005-09-29,41.763214111328125
2005-09-30,41.88401794433594
2005-10-03,41.90474319458008
2005-10-04,41.3939323425293
2005-10-05,40.755401611328125
2005-10-06,40.5897102355957
2005-10-07,40.734683990478516
2005-10-10,40.37916564941406
2005-10-11,40.241111755371094
2005-10-12,39.940834045410156
2005-10-13,39.909759521484375
2005-10-14,40.33430862426758
2005-10-17,40.441307067871094
2005-10-18,40.03055953979492
2005-10-19,40.61734390258789
2005-10-20,40.00986099243164
2005-10-21,40.17208480834961
2005-10-24,40.87274169921875
2005-10-25,40.77265548706055
2005-10-26,40.62078857421875
2005-10-27,40.085792541503906
2005-10-28,40.7139778137207
2005-10-31,40.900360107421875
2005-11-01,40.97627639770508
2005-11-02,41.469852447509766
2005-11-03,41.62172317504883
2005-11-04,41.61825942993164
2005-11-07,41.64932632446289
2005-11-08,41.62516784667969
2005-11-09,41.72528076171875
2005-11-10,41.973758697509766
2005-11-11,42.16015625
2005-11-14,42.073856353759766
2005-11-15,41.908199310302734
2005-11-16,41.98759078979492
2005-11-17,42.38105773925781
2005-11-18,42.653724670410156
2005-11-21,42.84355545043945
2005-11-22,43.08171081542969
2005-11-23,43.281883239746094
2005-11-25,43.340576171875
2005-11-28,42.9505500793457
2005-11-29,42.95744705200195
2005-11-30,42.788333892822266
2005-12-01,43.323299407958984
2005-12-02,43.33710861206055
2005-12-05,43.240478515625
2005-12-06,43.23358154296875
2005-12-07,43.050655364990234
2005-12-08,43.05753707885742
2005-12-09,43.157649993896484
2005-12-12,43.2301139831543
2005-12-13,43.47518539428711
2005-12-14,43.56145477294922
2005-12-15,43.45102310180664
2005-12-16,43.39923095703125
2005-12-19,43.033382415771484
2005-12-20,43.067909240722656
2005-12-21,43.22322082519531
2005-12-22,43.423397064208984
2005-12-23,43.45102310180664
2005-12-27,43.05265426635742
2005-12-28,43.1151123046875
2005-12-29,42.955509185791016
2005-12-30,42.79588317871094
2006-01-03,43.427425384521484
2006-01-04,43.74317169189453
2006-01-05,43.715431213378906
2006-01-06,44.145721435546875
2006-01-09,44.308807373046875
2006-01-10,44.37126541137695
2006-01-11,44.49618148803711
2006-01-12,44.242881774902344
2006-01-13,44.29146194458008
2006-01-17,44.13530731201172
2006-01-18,43.999977111816406
2006-01-19,44.239402770996094
2006-01-20,43.46212387084961
2006-01-23,43.59050369262695
2006-01-24,43.72237014770508
2006-01-25,43.62522506713867
2006-01-26,43.99650573730469
2006-01-27,44.34697341918945
2006-01-30,44.39208221435547
2006-01-31,44.17346954345703
2006-02-01,44.343505859375
2006-02-02,43.94792938232422
2006-02-03,43.73279571533203
2006-02-06,43.836891174316406
2006-02-07,43.410064697265625
2006-02-08,43.72237014770508
2006-02-09,43.639095306396484
2006-02-10,43.729312896728516
2006-02-13,43.53152084350586
2006-02-14,43.94446563720703
2006-02-15,44.111019134521484
2006-02-16,44.45454406738281
2006-02-17,44.40250778198242
2006-02-21,44.277587890625
2006-02-22,44.624568939208984
2006-02-23,44.51354217529297
2006-02-24,44.582942962646484
2006-02-27,44.71133804321289
2006-02-28,44.27064514160156
2006-03-01,44.659278869628906
2006-03-02,44.62805938720703
2006-03-03,44.555179595947266
2006-03-06,44.229000091552734
2006-03-07,44.048561096191406
2006-03-08,44.17346954345703
2006-03-09,43.93751907348633
2006-03-10,44.28105545043945
2006-03-13,44.38862228393555
2006-03-14,44.84667205810547
2006-03-15,45.04793930053711
2006-03-16,45.14509201049805
2006-03-17,45.17977523803711
2006-03-20,45.08433151245117
2006-03-21,44.8334846496582
2006-03-22,45.105220794677734
2006-03-23,45.094764709472656
2006-03-24,45.154014587402344
2006-03-27,45.122642517089844
2006-03-28,44.857852935791016
2006-03-29,45.275943756103516
2006-03-30,45.154014587402344
2006-03-31,45.17839813232422
2006-04-03,45.129608154296875
2006-04-04,45.390926361083984
2006-04-05,45.55814743041992
2006-04-06,45.53723907470703
2006-04-07,45.04949188232422
2006-04-10,45.10871505737305
2006-04-11,44.70109558105469
2006-04-12,44.79165267944336
2006-04-13,44.78120040893555
2006-04-17,44.71153259277344
2006-04-18,45.48151397705078
2006-04-19,45.61738204956055
2006-04-20,45.68009948730469
2006-04-21,45.659202575683594
2006-04-24,45.52680587768555
2006-04-25,45.38045883178711
2006-04-26,45.390926361083984
2006-04-27,45.5233268737793
2006-04-28,45.61040496826172
2006-05-01,45.390926361083984
2006-05-02,45.659202575683594
2006-05-03,45.52680587768555
2006-05-04,45.73933410644531
2006-05-05,46.129573822021484
2006-05-08,46.1713752746582
2006-05-09,46.167884826660156
2006-05-10,46.10515213012695
2006-05-11,45.5093879699707
2006-05-12,44.89966583251953
2006-05-15,44.948448181152344
2006-05-16,44.80559539794922
2006-05-17,43.986820220947266
2006-05-18,43.7812614440918
2006-05-19,44.028656005859375
2006-05-22,43.76732635498047
2006-05-23,43.425880432128906
2006-05-24,43.575714111328125
2006-05-25,44.17845916748047
2006-05-26,44.4293212890625
2006-05-30,43.6245002746582
2006-05-31,44.140132904052734
2006-06-01,44.70109558105469
2006-06-02,44.78818130493164
2006-06-05,44.035614013671875
2006-06-06,43.837005615234375
2006-06-07,43.55131530761719
2006-06-08,43.50950622558594
2006-06-09,43.34228515625
2006-06-12,42.77436447143555
2006-06-13,42.26568603515625
2006-06-14,42.53395080566406
2006-06-15,43.51647186279297
2006-06-16,43.290008544921875
2006-06-19,42.854496002197266
2006-06-20,42.864952087402344
2006-06-21,43.34228515625
2006-06-22,43.105350494384766
2006-06-23,43.171546936035156
2006-06-26,43.38323974609375
2006-06-27,42.9703483581543
2006-06-28,43.274776458740234
2006-06-29,44.21955871582031
2006-06-30,44.19857406616211
2006-07-03,44.538002014160156
2006-07-05,44.1740608215332
2006-07-06,44.31753921508789
2006-07-07,43.950103759765625
2006-07-10,44.00261306762695
2006-07-11,44.16357421875
2006-07-12,43.69118881225586
2006-07-13,43.04032897949219
2006-07-14,42.78840255737305
2006-07-17,42.71490478515625
2006-07-18,42.858367919921875
2006-07-19,43.565208435058594
2006-07-20,43.12080001831055
2006-07-21,42.77788162231445
2006-07-24,43.610694885253906
2006-07-25,43.757667541503906
2006-07-26,43.87663650512695
2006-07-27,43.76467514038086
2006-07-28,44.149566650390625
2006-07-31,44.1461067199707
2006-08-01,43.91864013671875
2006-08-02,44.195064544677734
2006-08-03,44.293033599853516
2006-08-04,44.27204895019531
2006-08-07,44.12507247924805
2006-08-08,43.922119140625
2006-08-09,43.698177337646484
2006-08-10,43.866146087646484
2006-08-11,43.72967529296875
2006-08-14,43.810150146484375
2006-08-15,44.37003707885742
2006-08-16,44.80392837524414
2006-08-17,44.90541458129883
2006-08-18,45.0838623046875
2006-08-21,44.91240692138672
2006-08-22,44.9264030456543
2006-08-23,44.7094612121582
2006-08-24,44.70596694946289
2006-08-25,44.723453521728516
2006-08-28,44.98240280151367
2006-08-29,45.06986999511719
2006-08-30,45.1678466796875
2006-08-31,45.16085433959961
2006-09-01,45.42327880859375
2006-09-05,45.51426696777344
2006-09-06,45.02788543701172
2006-09-07,44.859920501708984
2006-09-08,44.95090103149414
2006-09-11,44.964900970458984
2006-09-12,45.47578811645508
2006-09-13,45.71720886230469
2006-09-14,45.619239807128906
2006-09-15,45.727718353271484
2006-09-18,45.7627067565918
2006-09-19,45.643741607666016
2006-09-20,45.91667556762695
2006-09-21,45.62974166870117
2006-09-22,45.51426696777344
2006-09-25,45.903907775878906
2006-09-26,46.22365951538086
2006-09-27,46.27985763549805
2006-09-28,46.32555389404297
2006-09-29,46.18148422241211
2006-10-02,46.051490783691406
2006-10-03,46.12175369262695
2006-10-04,46.610137939453125
2006-10-05,46.834999084472656
2006-10-06,46.74363708496094
2006-10-09,46.78933334350586
2006-10-10,46.89473342895508
2006-10-11,46.81040954589844
2006-10-12,47.277687072753906
2006-10-13,47.442840576171875
2006-10-16,47.57282638549805
2006-10-17,47.386600494384766
2006-10-18,47.453365325927734
2006-10-19,47.50607681274414
2006-10-20,47.49205017089844
2006-10-23,47.69579315185547
2006-10-24,47.81177520751953
2006-10-25,47.969852447509766
2006-10-26,48.22282791137695
2006-10-27,47.85392379760742
2006-10-30,47.87147903442383
2006-10-31,47.81177520751953
2006-11-01,47.425262451171875
2006-11-02,47.39716339111328
2006-11-03,47.3901481628418
2006-11-06,47.91716384887695
2006-11-07,48.08229064941406
2006-11-08,48.205291748046875
2006-11-09,47.94175338745117
2006-11-10,48.05067825317383
2006-11-13,48.159568786621094
2006-11-14,48.5355339050293
2006-11-15,48.71822738647461
2006-11-16,48.823631286621094
2006-11-17,48.79906463623047
2006-11-20,48.827152252197266
2006-11-21,48.953643798828125
2006-11-22,49.09067153930664
2006-11-24,48.94662857055664
2006-11-27,48.170127868652344
2006-11-28,48.35282897949219
2006-11-29,48.84824752807617
2006-11-30,48.925533294677734
2006-12-01,48.788509368896484
2006-12-04,49.26633071899414
2006-12-05,49.44554138183594
2006-12-06,49.417415618896484
2006-12-07,49.19609069824219
2006-12-08,49.2803840637207
2006-12-11,49.38581085205078
2006-12-12,49.3084831237793
2006-12-13,49.392822265625
2006-12-14,49.768775939941406
2006-12-15,49.78282165527344
2006-12-18,49.57904815673828
2006-12-19,49.64931106567383
2006-12-20,49.62822723388672
2006-12-21,49.43498992919922
2006-12-22,49.15671157836914
2006-12-26,49.442771911621094
2006-12-27,49.781795501708984
2006-12-28,49.711151123046875
2006-12-29,49.513389587402344
2007-01-03,49.42156219482422
2007-01-04,49.52045440673828
2007-01-05,49.12846374511719
2007-01-08,49.308570861816406
2007-01-09,49.308570861816406
2007-01-10,49.41802215576172
2007-01-11,49.79237365722656
2007-01-12,50.12080001831055
2007-01-16,50.02542495727539
2007-01-17,50.06074523925781
2007-01-18,49.79237365722656
2007-01-19,49.98659896850586
2007-01-22,49.78883743286133
2007-01-23,49.930084228515625
2007-01-24,50.37152862548828
2007-01-25,49.80648422241211
2007-01-26,49.77470779418945
2007-01-29,49.785301208496094
2007-01-30,50.07133865356445
2007-01-31,50.435081481933594
2007-02-01,50.724647521972656
2007-02-02,50.788211822509766
2007-02-05,50.84823226928711
2007-02-06,50.851768493652344
2007-02-07,51.017738342285156
2007-02-08,50.954166412353516
2007-02-09,50.56927490234375
2007-02-12,50.3891716003418
2007-02-13,50.81647872924805
2007-02-14,51.155460357666016
2007-02-15,51.16606521606445
2007-02-16,51.201385498046875
2007-02-20,51.35319900512695
2007-02-21,51.37443542480469
2007-02-22,51.35676193237305
2007-02-23,51.1907844543457
2007-02-26,51.123714447021484
2007-02-27,49.22733688354492
2007-02-28,49.61579132080078
2007-03-01,49.47456359863281
2007-03-02,48.76826858520508
2007-03-05,48.2032356262207
2007-03-06,49.01548385620117
2007-03-07,48.976627349853516
2007-03-08,49.38628005981445
2007-03-09,49.403926849365234
2007-03-12,49.534584045410156
2007-03-13,48.644683837890625
2007-03-14,48.89185333251953
2007-03-15,49.086082458496094
2007-03-16,48.874202728271484
2007-03-19,49.43216323852539
2007-03-20,49.757041931152344
2007-03-21,50.55160903930664
2007-03-22,50.579856872558594
2007-03-23,50.67873764038086
2007-03-26,50.59397888183594
2007-03-27,50.391845703125
2007-03-28,50.06202697753906
2007-03-29,50.2003173828125
2007-03-30,50.17195129394531
2007-04-02,50.29608917236328
2007-04-03,50.75357437133789
2007-04-04,50.80677795410156
2007-04-05,50.948638916015625
2007-04-09,51.00890350341797
2007-04-10,51.150779724121094
2007-04-11,50.82449722290039
2007-04-12,51.15785217285156
2007-04-13,51.32810974121094
2007-04-16,51.84589767456055
2007-04-17,51.92745590209961
2007-04-18,51.97356033325195
2007-04-19,51.8778190612793
2007-04-20,52.33884048461914
2007-04-23,52.23600769042969
2007-04-24,52.22891616821289
2007-04-25,52.693511962890625
2007-04-26,52.711238861083984
2007-04-27,52.65447998046875
2007-04-30,52.18991470336914
2007-05-01,52.30693054199219
2007-05-02,52.693511962890625
2007-05-03,52.92753601074219
2007-05-04,53.08361053466797
2007-05-07,53.168739318847656
2007-05-08,53.11552047729492
2007-05-09,53.303504943847656
2007-05-10,52.63319778442383
2007-05-11,53.12617111206055
2007-05-14,52.966583251953125
2007-05-15,52.8246955871582
2007-05-16,53.27865982055664
2007-05-17,53.1509895324707
2007-05-18,53.54819107055664
2007-05-21,53.7006950378418
2007-05-22,53.69358825683594
2007-05-23,53.66522979736328
2007-05-24,53.11552047729492
2007-05-25,53.374420166015625
2007-05-29,53.58718490600586
2007-05-30,54.048248291015625
2007-05-31,54.133365631103516
2007-06-01,54.35325241088867
2007-06-04,54.4419059753418
2007-06-05,54.16530227661133
2007-06-06,53.6120491027832
2007-06-07,52.5551872253418
2007-06-08,53.27511978149414
2007-06-11,53.338951110839844
2007-06-12,52.682865142822266
2007-06-13,53.50566101074219
2007-06-14,53.888671875
2007-06-15,54.175926208496094
2007-06-18,54.09079360961914
2007-06-19,54.23976516723633
2007-06-20,53.52692413330078
2007-06-21,53.792884826660156
2007-06-22,53.338951110839844
2007-06-25,52.96196365356445
2007-06-26,52.53120040893555
2007-06-27,53.307273864746094
2007-06-28,53.300148010253906
2007-06-29,53.179115295410156
2007-07-02,53.794979095458984
2007-07-03,54.02640151977539
2007-07-05,53.997894287109375
2007-07-06,54.29692840576172
2007-07-09,54.26846694946289
2007-07-10,53.52442169189453
2007-07-11,53.91600036621094
2007-07-12,54.731258392333984
2007-07-13,54.895042419433594
2007-07-16,54.855865478515625
2007-07-17,54.823829650878906
2007-07-18,54.699214935302734
2007-07-19,54.83095932006836
2007-07-20,54.339656829833984
2007-07-23,54.446468353271484
2007-07-24,53.49238586425781
2007-07-25,53.503082275390625
2007-07-26,52.23571014404297
2007-07-27,51.2531852722168
2007-07-30,52.01143264770508
2007-07-31,51.2994384765625
2007-08-01,51.6020393371582
2007-08-02,52.03990173339844
2007-08-03,50.6871337890625
2007-08-06,51.541500091552734
2007-08-07,51.92955017089844
2007-08-08,52.712730407714844
2007-08-09,51.281639099121094
2007-08-10,51.16415023803711
2007-08-13,51.26383972167969
2007-08-14,50.37028884887695
2007-08-15,49.697452545166016
2007-08-16,50.0178337097168
2007-08-17,50.9291877746582
2007-08-20,51.0359992980957
2007-08-21,51.04309844970703
2007-08-22,51.755126953125
2007-08-23,51.67324447631836
2007-08-24,52.27842330932617
2007-08-27,51.733760833740234
2007-08-28,50.672855377197266
2007-08-29,51.68034744262695
2007-08-30,51.545066833496094
2007-08-31,52.054141998291016
2007-09-04,52.659366607666016
2007-09-05,52.19655227661133
2007-09-06,52.35319519042969
2007-09-07,51.59492492675781
2007-09-10,51.37418746948242
2007-09-11,52.047035217285156
2007-09-12,52.22502517700195
2007-09-13,52.42082977294922
2007-09-14,52.467132568359375
2007-09-17,52.18942642211914
2007-09-18,53.645450592041016
2007-09-19,54.03352355957031
2007-09-20,53.70598602294922
2007-09-21,53.83416748046875
2007-09-24,53.6811408996582
2007-09-25,53.555992126464844
2007-09-26,53.949256896972656
2007-09-27,54.245994567871094
2007-09-28,54.05653381347656
2007-10-01,54.753662109375
2007-10-02,54.664302825927734
2007-10-03,54.5785026550293
2007-10-04,54.68217849731445
2007-10-05,55.27565002441406
2007-10-08,55.20414733886719
2007-10-09,55.59029006958008
2007-10-10,55.48300552368164
2007-10-11,55.168392181396484
2007-10-12,55.44370651245117
2007-10-15,55.01109313964844
2007-10-16,54.621395111083984
2007-10-17,54.66072082519531
2007-10-18,54.675018310546875
2007-10-19,53.269981384277344
2007-10-22,53.53095245361328
2007-10-23,53.91350173950195
2007-10-24,53.87774658203125
2007-10-25,53.84202194213867
2007-10-26,54.489112854003906
2007-10-29,54.70718765258789
2007-10-30,54.3175163269043
2007-10-31,55.025413513183594
2007-11-01,53.63107681274414
2007-11-02,53.62034225463867
2007-11-05,53.198486328125
2007-11-06,53.934959411621094
2007-11-07,52.447689056396484
2007-11-08,52.37977600097656
2007-11-09,51.68977355957031
2007-11-12,51.017635345458984
2007-11-13,52.508460998535156
2007-11-14,52.326141357421875
2007-11-15,51.5717658996582
2007-11-16,51.77557373046875
2007-11-19,50.928253173828125
2007-11-20,51.124900817871094
2007-11-21,50.2310791015625
2007-11-23,50.981868743896484
2007-11-26,49.984405517578125
2007-11-27,50.59575271606445
2007-11-28,52.14381408691406
2007-11-29,52.16883087158203
2007-11-30,52.53709030151367
2007-12-03,52.21887969970703
2007-12-04,51.88279724121094
2007-12-05,52.65863037109375
2007-12-06,53.420127868652344
2007-12-07,53.48447799682617
2007-12-10,53.9421272277832
2007-12-11,52.47271728515625
2007-12-12,52.8051872253418
2007-12-13,52.81237030029297
2007-12-14,52.090179443359375
2007-12-17,51.29291915893555
2007-12-18,51.661155700683594
2007-12-19,51.6075325012207
2007-12-20,51.96733093261719
2007-12-21,52.76887893676758
2007-12-24,53.261295318603516
2007-12-26,53.30440139770508
2007-12-27,52.63587188720703
2007-12-28,52.43458557128906
2007-12-31,52.17220687866211
2008-01-02,51.55397033691406
2008-01-03,51.49287796020508
2008-01-04,50.11623001098633
2008-01-07,50.14139175415039
2008-01-08,49.242794036865234
2008-01-09,49.76399230957031
2008-01-10,50.0910530090332
2008-01-11,49.620216369628906
2008-01-14,50.0982551574707
2008-01-15,48.88336944580078
2008-01-16,48.58861541748047
2008-01-17,47.251522064208984
2008-01-18,46.93162155151367
2008-01-22,46.410438537597656
2008-01-23,47.625335693359375
2008-01-24,47.93086624145508
2008-01-25,47.233543395996094
2008-01-28,48.221988677978516
2008-01-29,48.41968536376953
2008-01-30,47.98118591308594
2008-01-31,48.95524978637695
2008-02-01,49.74601364135742
2008-02-04,49.156532287597656
2008-02-05,47.76192092895508
2008-02-06,47.39889144897461
2008-02-07,47.83381652832031
2008-02-08,47.5534553527832
2008-02-11,47.830238342285156
2008-02-12,48.27228927612305
2008-02-13,48.822269439697266
2008-02-14,48.18966293334961
2008-02-15,48.200435638427734
2008-02-19,48.354984283447266
2008-02-20,48.58143997192383
2008-02-21,48.038673400878906
2008-02-22,48.261531829833984
2008-02-25,49.07028579711914
2008-02-26,49.386539459228516
2008-02-27,49.3074951171875
2008-02-28,48.81147766113281
2008-02-29,47.7331657409668
2008-03-03,47.564231872558594
2008-03-04,47.41326904296875
2008-03-05,47.67924880981445
2008-03-06,46.6907958984375
2008-03-07,46.18758010864258
2008-03-10,45.48307800292969
2008-03-11,47.0933837890625
2008-03-12,46.644073486328125
2008-03-13,46.94599151611328
2008-03-14,46.08335876464844
2008-03-17,45.551387786865234
2008-03-18,47.44562911987305
2008-03-19,46.176815032958984
2008-03-20,47.143699645996094
2008-03-24,48.16448974609375
2008-03-25,48.23417663574219
2008-03-26,47.66722869873047
2008-03-27,47.490291595458984
2008-03-28,47.06776809692383
2008-03-31,47.30611801147461
2008-04-01,48.920284271240234
2008-04-02,48.952796936035156
2008-04-03,49.010581970214844
2008-04-04,49.02863693237305
2008-04-07,49.053916931152344
2008-04-08,48.96363067626953
2008-04-09,48.52307891845703
2008-04-10,48.768638610839844
2008-04-11,47.77193832397461
2008-04-14,47.609474182128906
2008-04-15,47.83694076538086
2008-04-16,49.02141571044922
2008-04-17,49.08280563354492
2008-04-18,49.75810241699219
2008-04-21,49.65337371826172
2008-04-22,49.238094329833984
2008-04-23,49.38975524902344
2008-04-24,49.66420364379883
2008-04-25,50.04697799682617
2008-04-28,50.025306701660156
2008-04-29,49.815860748291016
2008-04-30,49.61724853515625
2008-05-01,50.49115753173828
2008-05-02,50.63560485839844
2008-05-05,50.375614166259766
2008-05-06,50.80532455444336
2008-05-07,50.09031295776367
2008-05-08,49.98921203613281
2008-05-09,49.96031951904297
2008-05-12,50.47671890258789
2008-05-13,50.53448486328125
2008-05-14,50.69337844848633
2008-05-15,51.2314453125
2008-05-16,51.321712493896484
2008-05-19,51.401153564453125
2008-05-20,50.97865295410156
2008-05-21,50.12282180786133
2008-05-22,50.292564392089844
2008-05-23,49.566688537597656
2008-05-27,50.000038146972656
2008-05-28,50.29977798461914
2008-05-29,50.520057678222656
2008-05-30,50.617530822753906
2008-06-02,50.21308135986328
2008-06-03,49.9422607421875
2008-06-04,50.03254318237305
2008-06-05,51.007545471191406
2008-06-06,49.469207763671875
2008-06-09,49.50889587402344
2008-06-10,49.259742736816406
2008-06-11,48.515846252441406
2008-06-12,48.66030502319336
2008-06-13,49.38252258300781
2008-06-16,49.4655876159668
2008-06-17,49.11170959472656
2008-06-18,48.75058364868164
2008-06-19,48.89501190185547
2008-06-20,48.1005973815918
2008-06-23,47.956138610839844
2008-06-24,47.71883773803711
2008-06-25,48.059898376464844
2008-06-26,46.66664123535156
2008-06-27,46.60133743286133
2008-06-30,46.50699996948242
2008-07-01,46.72469711303711
2008-07-02,45.76683807373047
2008-07-03,45.72328186035156
2008-07-07,45.280643463134766
2008-07-08,46.11515426635742
2008-07-09,45.17905044555664
2008-07-10,45.462059020996094
2008-07-11,45.06295394897461
2008-07-14,44.620296478271484
2008-07-15,44.04705047607422
2008-07-16,45.06295394897461
2008-07-17,45.53463363647461
2008-07-18,45.78858947753906
2008-07-21,45.9119873046875
2008-07-22,46.521522521972656
2008-07-23,46.7464599609375
2008-07-24,45.65072250366211
2008-07-25,45.78858947753906
2008-07-28,45.17180252075195
2008-07-29,46.12965774536133
2008-07-30,46.7464599609375
2008-07-31,46.21673583984375
2008-08-01,46.01355743408203
2008-08-04,45.62894821166992
2008-08-05,46.79725646972656
2008-08-06,46.85530471801758
2008-08-07,46.187713623046875
2008-08-08,47.16734313964844
2008-08-11,47.63901901245117
2008-08-12,47.116546630859375
2008-08-13,47.0077018737793
2008-08-14,47.254451751708984
2008-08-15,47.53017044067383
2008-08-18,46.83353042602539
2008-08-19,46.34009552001953
2008-08-20,46.50699996948242
2008-08-21,46.630367279052734
2008-08-22,47.283447265625
2008-08-25,46.289302825927734
2008-08-26,46.44169616699219
2008-08-27,46.75373077392578
2008-08-28,47.51567077636719
2008-08-29,46.891597747802734
2008-09-02,46.69567108154297
2008-09-03,46.60859680175781
2008-09-04,45.17905044555664
2008-09-05,45.44755554199219
2008-09-08,46.23849868774414
2008-09-09,44.63481903076172
2008-09-10,44.93231964111328
2008-09-11,45.56366729736328
2008-09-12,46.01355743408203
2008-09-15,43.90190887451172
2008-09-16,44.467918395996094
2008-09-17,42.479644775390625
2008-09-18,43.90190887451172
2008-09-19,46.020809173583984
2008-09-22,44.431636810302734
2008-09-23,43.67695236206055
2008-09-24,43.6375846862793
2008-09-25,44.41786575317383
2008-09-26,44.38140106201172
2008-09-29,41.4571533203125
2008-09-30,42.55832290649414
2008-10-01,42.50725173950195
2008-10-02,40.59667205810547
2008-10-03,39.976806640625
2008-10-06,38.58396911621094
2008-10-07,36.22850799560547
2008-10-08,35.5357551574707
2008-10-09,33.30428695678711
2008-10-10,32.34170150756836
2008-10-13,36.491050720214844
2008-10-14,36.17747116088867
2008-10-15,32.793819427490234
2008-10-16,34.30332565307617
2008-10-17,33.98247146606445
2008-10-20,35.725341796875
2008-10-21,34.64608383178711
2008-10-22,32.713600158691406
2008-10-23,33.12197494506836
2008-10-24,31.5322265625
2008-10-27,30.511301040649414
2008-10-28,33.5740966796875
2008-10-29,33.2386474609375
2008-10-30,34.36167907714844
2008-10-31,35.120079040527344
2008-11-03,35.00340270996094
2008-11-04,36.264976501464844
2008-11-05,34.471065521240234
2008-11-06,32.779239654541016
2008-11-07,33.625144958496094
2008-11-10,33.25323486328125
2008-11-11,32.494815826416016
2008-11-12,30.832176208496094
2008-11-13,32.866729736328125
2008-11-14,31.46660614013672
2008-11-17,30.642566680908203
2008-11-18,30.926971435546875
2008-11-19,29.05281639099121
2008-11-20,27.113059997558594
2008-11-21,28.651742935180664
2008-11-24,30.358156204223633
2008-11-25,30.781110763549805
2008-11-26,31.91872215270996
2008-11-28,32.30522537231445
2008-12-01,29.417434692382812
2008-12-02,30.57694435119629
2008-12-03,31.364501953125
2008-12-04,30.431087493896484
2008-12-05,31.51035499572754
2008-12-08,32.713600158691406
2008-12-09,32.115631103515625
2008-12-10,32.480247497558594
2008-12-11,31.56870460510254
2008-12-12,31.88226890563965
2008-12-15,31.357221603393555
2008-12-16,33.00529861450195
2008-12-17,32.764644622802734
2008-12-18,32.19584655761719
2008-12-19,32.166664123535156
2008-12-22,31.714759826660156
2008-12-23,31.376741409301758
2008-12-24,31.50166130065918
2008-12-26,31.832326889038086
2008-12-29,31.589845657348633
2008-12-30,32.42019271850586
2008-12-31,32.875770568847656
2009-01-02,33.82368850708008
2009-01-05,33.81633377075195
2009-01-06,34.095577239990234
2009-01-07,33.14030075073242
2009-01-08,33.28726577758789
2009-01-09,32.47161102294922
2009-01-12,31.758846282958984
2009-01-13,31.802936553955078
2009-01-14,30.766845703125
2009-01-15,30.8770694732666
2009-01-16,31.1048526763916
2009-01-20,29.488252639770508
2009-01-21,30.693363189697266
2009-01-22,30.164289474487305
2009-01-23,30.347991943359375
2009-01-26,30.51700782775879
2009-01-27,30.8770694732666
2009-01-28,31.942550659179688
2009-01-29,30.89175796508789
2009-01-30,30.230422973632812
2009-02-02,30.178991317749023
2009-02-03,30.605186462402344
2009-02-04,30.443525314331055
2009-02-05,30.92851448059082
2009-02-06,31.817649841308594
2009-02-09,31.82497787475586
2009-02-10,30.37004280090332
2009-02-11,30.55374526977539
2009-02-12,30.63458251953125
2009-02-13,30.325956344604492
2009-02-17,29.017974853515625
2009-02-18,28.922443389892578
2009-02-19,28.613821029663086
2009-02-20,28.275814056396484
2009-02-23,27.313188552856445
2009-02-24,28.305194854736328
2009-02-25,28.08475112915039
2009-02-26,27.570388793945312
2009-02-27,27.048664093017578
2009-03-02,25.792123794555664
2009-03-03,25.571683883666992
2009-03-04,26.130136489868164
2009-03-05,25.07200050354004
2009-03-06,25.064645767211914
2009-03-09,24.763376235961914
2009-03-10,26.34324073791504
2009-03-11,26.438764572143555
2009-03-12,27.526294708251953
2009-03-13,27.820205688476562
2009-03-16,27.665918350219727
2009-03-17,28.54033851623535
2009-03-18,29.15024185180664
2009-03-19,28.856325149536133
2009-03-20,28.24641227722168
2009-03-23,30.208375930786133
2009-03-24,29.605819702148438
2009-03-25,29.915117263793945
2009-03-26,30.662446975708008
2009-03-27,30.08530616760254
2009-03-30,29.02720069885254
2009-03-31,29.28618812561035
2009-04-01,29.87071990966797
2009-04-02,30.766029357910156
2009-04-03,31.15079116821289
2009-04-06,30.847415924072266
2009-04-07,30.063095092773438
2009-04-08,30.48487091064453
2009-04-09,31.72052574157715
2009-04-13,31.764934539794922
2009-04-14,31.17299461364746
2009-04-15,31.50595474243164
2009-04-16,32.04609680175781
2009-04-17,32.26067352294922
2009-04-20,30.89182472229004
2009-04-21,31.50595474243164
2009-04-22,31.372766494750977
2009-04-23,31.594741821289062
2009-04-24,32.149688720703125
2009-04-27,31.816713333129883
2009-04-28,31.757530212402344
2009-04-29,32.51225280761719
2009-04-30,32.50484085083008
2009-05-01,32.6898307800293
2009-05-04,33.8071174621582
2009-05-05,33.688720703125
2009-05-06,34.214073181152344
2009-05-07,33.68132400512695
2009-05-08,34.44343566894531
2009-05-11,33.85152053833008
2009-05-12,33.76272201538086
2009-05-13,32.80081558227539
2009-05-14,33.133792877197266
2009-05-15,32.7860107421875
2009-05-18,33.79232406616211
2009-05-19,33.79972457885742
2009-05-20,33.60734176635742
2009-05-21,33.0006103515625
2009-05-22,33.02280044555664
2009-05-26,33.910701751708984
2009-05-27,33.34095764160156
2009-05-28,33.755313873291016
2009-05-29,34.28066635131836
2009-06-01,35.13156509399414
2009-06-02,35.27217102050781
2009-06-03,34.843013763427734
2009-06-04,35.190773010253906
2009-06-05,35.124176025390625
2009-06-08,35.027992248535156
2009-06-09,35.21297073364258
2009-06-10,35.124176025390625
2009-06-11,35.331363677978516
2009-06-12,35.360958099365234
2009-06-15,34.53964614868164
2009-06-16,34.058685302734375
2009-06-17,34.0142936706543
2009-06-18,34.19927215576172
2009-06-19,34.325069427490234
2009-06-22,33.33356475830078
2009-06-23,33.33356475830078
2009-06-24,33.5960578918457
2009-06-25,34.376834869384766
2009-06-26,34.30991744995117
2009-06-29,34.63709259033203
2009-06-30,34.40659713745117
2009-07-01,34.607364654541016
2009-07-02,33.70016098022461
2009-07-06,33.57375717163086
2009-07-07,32.882198333740234
2009-07-08,32.837581634521484
2009-07-09,32.904510498046875
2009-07-10,32.82270431518555
2009-07-13,33.5811767578125
2009-07-14,33.81916046142578
2009-07-15,34.8304443359375
2009-07-16,35.1724967956543
2009-07-17,35.18737030029297
2009-07-20,35.58148193359375
2009-07-21,35.737648010253906
2009-07-22,35.75994873046875
2009-07-23,36.607666015625
2009-07-24,36.726646423339844
2009-07-27,36.88277816772461
2009-07-28,36.793556213378906
2009-07-29,36.615089416503906
2009-07-30,37.00920486450195
2009-07-31,37.06869125366211
2009-08-03,37.69330596923828
2009-08-04,37.834598541259766
2009-08-05,37.74538040161133
2009-08-06,37.48509216308594
2009-08-07,38.0130615234375
2009-08-10,37.923831939697266
2009-08-11,37.43305206298828
2009-08-12,37.84202575683594
2009-08-13,38.17664337158203
2009-08-14,37.827152252197266
2009-08-17,36.845611572265625
2009-08-18,37.23228073120117
2009-08-19,37.552032470703125
2009-08-20,37.908966064453125
2009-08-21,38.61539077758789
2009-08-24,38.667442321777344
2009-08-25,38.74178695678711
2009-08-26,38.71205139160156
2009-08-27,38.84591293334961
2009-08-28,38.816162109375
2009-08-31,38.44435501098633
2009-09-01,37.596649169921875
2009-09-02,37.440494537353516
2009-09-03,37.782562255859375
2009-09-04,38.265892028808594
2009-09-08,38.65255355834961
2009-09-09,39.03922653198242
2009-09-10,39.440792083740234
2009-09-11,39.47053909301758
2009-09-14,39.67875289916992
2009-09-15,39.87208557128906
2009-09-16,40.4967155456543
2009-09-17,40.42234420776367
2009-09-18,40.4818229675293
2009-09-21,40.370296478271484
2009-09-22,40.60824966430664
2009-09-23,40.19184112548828
2009-09-24,39.764530181884766
2009-09-25,39.51053237915039
2009-09-28,40.250099182128906
2009-09-29,40.18286895751953
2009-09-30,40.03345489501953
2009-10-01,38.972679138183594
2009-10-02,38.7411003112793
2009-10-05,39.3387336730957
2009-10-06,39.92141342163086
2009-10-07,40.01105499267578
2009-10-08,40.36215591430664
2009-10-09,40.638545989990234
2009-10-12,40.787960052490234
2009-10-13,40.67591094970703
2009-10-14,41.400508880615234
2009-10-15,41.54248809814453
2009-10-16,41.23617172241211
2009-10-19,41.572349548339844
2009-10-20,41.318363189697266
2009-10-21,40.914974212646484
2009-10-22,41.3557014465332
2009-10-23,40.82532501220703
2009-10-26,40.36215591430664
2009-10-27,40.145511627197266
2009-10-28,39.271480560302734
2009-10-29,40.0633430480957
2009-10-30,38.98015213012695
2009-11-02,39.196800231933594
2009-11-03,39.37606430053711
2009-11-04,39.44330978393555
2009-11-05,40.197811126708984
2009-11-06,40.302398681640625
2009-11-09,41.206298828125
2009-11-10,41.22124099731445
2009-11-11,41.4304084777832
2009-11-12,40.96723937988281
2009-11-13,41.206298828125
2009-11-16,41.82633590698242
2009-11-17,41.871158599853516
2009-11-18,41.84128189086914
2009-11-19,41.24365997314453
2009-11-20,41.11665725708008
2009-11-23,41.60222244262695
2009-11-24,41.63210678100586
2009-11-25,41.79645538330078
2009-11-27,41.09423065185547
2009-11-30,41.19882583618164
2009-12-01,41.706817626953125
2009-12-02,41.82633590698242
2009-12-03,41.452823638916016
2009-12-04,41.75910949707031
2009-12-07,41.706817626953125
2009-12-08,41.27354431152344
2009-12-09,41.407989501953125
2009-12-10,41.6171760559082
2009-12-11,41.82633590698242
2009-12-14,42.14009094238281
2009-12-15,41.96080780029297
2009-12-16,42.06538009643555
2009-12-17,41.59475326538086
2009-12-18,41.8487548828125
2009-12-21,42.259620666503906
2009-12-22,42.47613525390625
2009-12-23,42.618961334228516
2009-12-24,42.83698272705078
2009-12-28,42.889625549316406
2009-12-29,42.81443786621094
2009-12-30,42.79939270019531
2009-12-31,42.37841033935547
2010-01-04,43.0850944519043
2010-01-05,43.25048065185547
2010-01-06,43.310604095458984
2010-01-07,43.49104690551758
2010-01-08,43.63390350341797
2010-01-11,43.694034576416016
2010-01-12,43.24296951293945
2010-01-13,43.64891815185547
2010-01-14,43.724098205566406
2010-01-15,43.227928161621094
2010-01-19,43.79928970336914
2010-01-20,43.39332580566406
2010-01-21,42.59642028808594
2010-01-22,41.65668487548828
2010-01-25,41.83710861206055
2010-01-26,41.6491584777832
2010-01-27,41.85213851928711
2010-01-28,41.35596466064453
2010-01-29,40.86730194091797
2010-02-01,41.49128723144531
2010-02-02,42.02506637573242
2010-02-03,41.814571380615234
2010-02-04,40.513954162597656
2010-02-05,40.58163070678711
2010-02-08,40.265869140625
2010-02-09,40.799644470214844
2010-02-10,40.73948669433594
2010-02-11,41.1755485534668
2010-02-12,41.1755485534668
2010-02-16,41.86716842651367
2010-02-17,42.10023498535156
2010-02-18,42.3408088684082
2010-02-19,42.49116516113281
2010-02-22,42.42351531982422
2010-02-23,41.91228485107422
2010-02-24,42.288185119628906
2010-02-25,42.27314758300781
2010-02-26,42.27314758300781
2010-03-01,42.776859283447266
2010-03-02,42.912166595458984
2010-03-03,42.96479797363281
2010-03-04,43.077579498291016
2010-03-05,43.761695861816406
2010-03-08,43.769203186035156
2010-03-09,43.85942077636719
2010-03-10,44.09248733520508
2010-03-11,44.25787353515625
2010-03-12,44.25787353515625
2010-03-15,44.24283981323242
2010-03-16,44.603702545166016
2010-03-17,44.88937759399414
2010-03-18,44.836761474609375
2010-03-19,44.54356384277344
2010-03-22,44.85930633544922
2010-03-23,45.17506790161133
2010-03-24,44.91192626953125
2010-03-25,44.83345031738281
2010-03-26,44.825889587402344
2010-03-29,45.0900764465332
2010-03-30,45.11269760131836
2010-03-31,44.97684097290039
2010-04-01,45.301395416259766
2010-04-05,45.73915100097656
2010-04-06,45.867488861083984
2010-04-07,45.625946044921875
2010-04-08,45.73161697387695
2010-04-09,46.04106140136719
2010-04-12,46.146728515625
2010-04-13,46.19202423095703
2010-04-14,46.758113861083984
2010-04-15,46.8184928894043
2010-04-16,46.08635711669922
2010-04-19,46.20711898803711
2010-04-20,46.64488983154297
2010-04-21,46.60715103149414
2010-04-22,46.833595275878906
2010-04-23,47.15060043334961
2010-04-26,46.984527587890625
2010-04-27,45.852378845214844
2010-04-28,46.154293060302734
2010-04-29,46.758113861083984
2010-04-30,45.958045959472656
2010-05-03,46.57696533203125
2010-05-04,45.444793701171875
2010-05-05,45.07495880126953
2010-05-06,43.55788040161133
2010-05-07,42.73516845703125
2010-05-10,44.69758987426758
2010-05-11,44.659820556640625
2010-05-12,45.37687301635742
2010-05-13,44.83345031738281
2010-05-14,44.025814056396484
2010-05-17,44.0560302734375
2010-05-18,43.4295539855957
2010-05-19,43.12010192871094
2010-05-20,41.44451141357422
2010-05-21,42.04832077026367
2010-05-24,41.519996643066406
2010-05-25,41.519996643066406
2010-05-26,41.34638977050781
2010-05-27,42.79554748535156
2010-05-28,42.33513641357422
2010-06-01,41.45960235595703
2010-06-02,42.53893280029297
2010-06-03,42.765357971191406
2010-06-04,41.26335906982422
2010-06-07,40.591609954833984
2010-06-08,40.93880844116211
2010-06-09,40.75011444091797
2010-06-10,42.0030517578125
2010-06-11,42.259674072265625
2010-06-14,42.267215728759766
2010-06-15,43.218231201171875
2010-06-16,43.17294692993164
2010-06-17,43.248409271240234
2010-06-18,43.27861022949219
2010-06-21,43.1125602722168
2010-06-22,42.37287521362305
2010-06-23,42.20683670043945
2010-06-24,41.53866958618164
2010-06-25,41.75102615356445
2010-06-28,41.61450958251953
2010-06-29,40.30242919921875
2010-06-30,39.86256790161133
2010-07-01,39.68812561035156
2010-07-02,39.49851989746094
2010-07-06,39.6198616027832
2010-07-07,40.909183502197266
2010-07-08,41.31113815307617
2010-07-09,41.62968063354492
2010-07-12,41.64484405517578
2010-07-13,42.327430725097656
2010-07-14,42.3198356628418
2010-07-15,42.357749938964844
2010-07-16,41.129119873046875
2010-07-19,41.364227294921875
2010-07-20,41.842018127441406
2010-07-21,41.318702697753906
2010-07-22,42.236392974853516
2010-07-23,42.6687126159668
2010-07-26,43.19200897216797
2010-07-27,43.13892364501953
2010-07-28,42.8355598449707
2010-07-29,42.615623474121094
2010-07-30,42.6611328125
2010-08-02,43.578819274902344
2010-08-03,43.34370803833008
2010-08-04,43.68499755859375
2010-08-05,43.59397888183594
2010-08-06,43.43471145629883
2010-08-09,43.6622428894043
2010-08-10,43.38920211791992
2010-08-11,42.10747528076172
2010-08-12,41.87236022949219
2010-08-13,41.713096618652344
2010-08-16,41.675174713134766
2010-08-17,42.26675796508789
2010-08-18,42.36534881591797
2010-08-19,41.622108459472656
2010-08-20,41.47797393798828
2010-08-23,41.25804901123047
2010-08-24,40.66648483276367
2010-08-25,40.79541015625
2010-08-26,40.545135498046875
2010-08-27,41.24288558959961
2010-08-30,40.643714904785156
2010-08-31,40.65130615234375
2010-09-01,41.842018127441406
2010-09-02,42.28190994262695
2010-09-03,42.8431510925293
2010-09-07,42.38050842285156
2010-09-08,42.60044479370117
2010-09-09,42.81281661987305
2010-09-10,42.99483108520508
2010-09-13,43.5408935546875
2010-09-14,43.53329849243164
2010-09-15,43.67741394042969
2010-09-16,43.6622428894043
2010-09-17,43.68499755859375
2010-09-20,44.405487060546875
2010-09-21,44.2993049621582
2010-09-22,44.064208984375
2010-09-23,43.68499755859375
2010-09-24,44.61277389526367
2010-09-27,44.42218780517578
2010-09-28,44.673770904541016
2010-09-29,44.597537994384766
2010-09-30,44.49842834472656
2010-10-01,44.6966438293457
2010-10-04,44.30021667480469
2010-10-05,45.22266387939453
2010-10-06,45.17691421508789
2010-10-07,45.11591339111328
2010-10-08,45.420875549316406
2010-10-11,45.489471435546875
2010-10-12,45.649566650390625
2010-10-13,46.00786590576172
2010-10-14,45.88591003417969
2010-10-15,45.924015045166016
2010-10-18,46.17558670043945
2010-10-19,45.50471115112305
2010-10-20,45.962127685546875
2010-10-21,46.038368225097656
2010-10-22,46.17558670043945
2010-10-25,46.32807159423828
2010-10-26,46.3204345703125
2010-10-27,46.22896194458008
2010-10-28,46.22896194458008
2010-10-29,46.28993606567383
2010-11-01,46.29755783081055
2010-11-02,46.66349411010742
2010-11-03,46.85407257080078
2010-11-04,47.76890563964844
2010-11-05,47.98237991333008
2010-11-08,47.921382904052734
2010-11-09,47.54783630371094
2010-11-10,47.753662109375
2010-11-11,47.62406921386719
2010-11-12,47.02180480957031
2010-11-15,46.95320129394531
2010-11-16,46.20608139038086
2010-11-17,46.28232192993164
2010-11-18,46.93031311035156
2010-11-19,47.120906829833984
2010-11-22,47.128517150878906
2010-11-23,46.457664489746094
2010-11-24,47.20476531982422
2010-11-26,46.88457107543945
2010-11-29,46.81597137451172
2010-11-30,46.52627182006836
2010-12-01,47.524967193603516
2010-12-02,48.134822845458984
2010-12-03,48.28730773925781
2010-12-06,48.272064208984375
2010-12-07,48.325408935546875
2010-12-08,48.462642669677734
2010-12-09,48.63798904418945
2010-12-10,48.950557708740234
2010-12-13,48.965824127197266
2010-12-14,48.981048583984375
2010-12-15,48.767578125
2010-12-16,49.057273864746094
2010-12-17,49.14876937866211
2010-12-20,49.27837371826172
2010-12-21,49.575679779052734
2010-12-22,49.764217376708984
2010-12-23,49.69524002075195
2010-12-27,49.72589874267578
2010-12-28,49.771881103515625
2010-12-29,49.848533630371094
2010-12-30,49.787208557128906
2010-12-31,49.764217376708984
2011-01-03,50.27772903442383
2011-01-04,50.17809295654297
2011-01-05,50.454010009765625
2011-01-06,50.339054107666016
2011-01-07,50.224082946777344
2011-01-10,50.26239013671875
2011-01-11,50.461669921875
2011-01-12,50.913875579833984
2011-01-13,50.83720397949219
2011-01-14,51.16679382324219
2011-01-18,51.29706954956055
2011-01-19,50.68392562866211
2011-01-20,50.53064727783203
2011-01-21,50.61494445800781
2011-01-24,50.898536682128906
2011-01-25,50.92919158935547
2011-01-26,51.220428466796875
2011-01-27,51.37372589111328
2011-01-28,50.454010009765625
2011-01-31,50.78357696533203
2011-02-01,51.61897659301758
2011-02-02,51.557655334472656
2011-02-03,51.67261505126953
2011-02-04,51.818241119384766
2011-02-07,52.163124084472656
2011-02-08,52.42372131347656
2011-02-09,52.285762786865234
2011-02-10,52.34707260131836
2011-02-11,52.691986083984375
2011-02-14,52.82991409301758
2011-02-15,52.66131591796875
2011-02-16,53.0062141418457
2011-02-17,53.19782257080078
2011-02-18,53.29745864868164
2011-02-22,52.15547180175781
2011-02-23,51.71862030029297
2011-02-24,51.72625732421875
2011-02-25,52.377750396728516
2011-02-28,52.66131591796875
2011-03-01,51.772281646728516
2011-03-02,51.87956619262695
2011-03-03,52.82228469848633
2011-03-04,52.46969985961914
2011-03-07,51.99452209472656
2011-03-08,52.4620475769043
2011-03-09,52.3853874206543
2011-03-10,51.381378173828125
2011-03-11,51.72625732421875
2011-03-14,51.41204071044922
2011-03-15,50.867889404296875
2011-03-16,49.98648452758789
2011-03-17,50.561309814453125
2011-03-18,50.79889678955078
2011-03-21,51.59598159790039
2011-03-22,51.42735290527344
2011-03-23,51.54999542236328
2011-03-24,52.04051971435547
2011-03-25,52.2275390625
2011-03-28,52.104400634765625
2011-03-29,52.48920822143555
2011-03-30,52.88173294067383
2011-03-31,52.88173294067383
2011-04-01,53.135704040527344
2011-04-04,53.1818733215332
2011-04-05,53.212677001953125
2011-04-06,53.35121154785156
2011-04-07,53.19728088378906
2011-04-08,52.97407531738281
2011-04-11,52.78166961669922
2011-04-12,52.33528137207031
2011-04-13,52.36606979370117
2011-04-14,52.39686965942383
2011-04-15,52.65084457397461
2011-04-18,52.01972961425781
2011-04-19,52.31989288330078
2011-04-20,53.08182144165039
2011-04-21,53.34348678588867
2011-04-25,53.28964614868164
2011-04-26,53.759124755859375
2011-04-27,54.1131477355957
2011-04-28,54.27476119995117
2011-04-29,54.413299560546875
2011-05-02,54.32095718383789
2011-05-03,54.02077865600586
2011-05-04,53.62059020996094
2011-05-05,53.1895866394043
2011-05-06,53.42047882080078
2011-05-09,53.70524597167969
2011-05-10,54.182403564453125
2011-05-11,53.62828826904297
2011-05-12,53.88225173950195
2011-05-13,53.389686584472656
2011-05-16,53.020267486572266
2011-05-17,52.97407531738281
2011-05-18,53.48204803466797
2011-05-19,53.61288833618164
2011-05-20,53.212677001953125
2011-05-23,52.535400390625
2011-05-24,52.481502532958984
2011-05-25,52.6970100402832
2011-05-26,53.012569427490234
2011-05-27,53.25883483886719
2011-05-31,53.83607864379883
2011-06-01,52.61235046386719
2011-06-02,52.51231002807617
2011-06-03,51.97356414794922
2011-06-06,51.37324142456055
2011-06-07,51.35013961791992
2011-06-08,51.080787658691406
2011-06-09,51.4424934387207
2011-06-10,50.71134567260742
2011-06-13,50.703651428222656
2011-06-14,51.40403366088867
2011-06-15,50.488162994384766
2011-06-16,50.57280731201172
2011-06-17,50.73444747924805
2011-06-20,50.973026275634766
2011-06-21,51.75035095214844
2011-06-22,51.46559143066406
2011-06-23,51.380943298339844
2011-06-24,50.79583740234375
2011-06-27,51.228675842285156
2011-06-28,51.93975830078125
2011-06-29,52.3957633972168
2011-06-30,52.86724853515625
2011-07-01,53.62471008300781
2011-07-05,53.616966247558594
2011-07-06,53.725181579589844
2011-07-07,54.304866790771484
2011-07-08,53.91841125488281
2011-07-11,52.92133712768555
2011-07-12,52.689491271972656
2011-07-13,52.89042282104492
2011-07-14,52.44215774536133
2011-07-15,52.77450180053711
2011-07-18,52.28754425048828
2011-07-19,53.16868591308594
2011-07-20,53.13776779174805
2011-07-21,53.78702163696289
2011-07-22,53.8797492980957
2011-07-25,53.53194808959961
2011-07-26,53.307796478271484
2011-07-27,52.132999420166016
2011-07-28,51.9552116394043
2011-07-29,51.66922378540039
2011-08-01,51.4373664855957
2011-08-02,50.0770263671875
2011-08-03,50.355289459228516
2011-08-04,47.827857971191406
2011-08-05,47.626888275146484
2011-08-08,44.32656478881836
2011-08-09,46.544822692871094
2011-08-10,44.566165924072266
2011-08-11,46.606651306152344
2011-08-12,46.91581344604492
2011-08-15,47.936073303222656
2011-08-16,47.48004150390625
2011-08-17,47.487770080566406
2011-08-18,45.369991302490234
2011-08-19,44.55843734741211
2011-08-22,44.566165924072266
2011-08-23,46.09651565551758
2011-08-24,46.75350570678711
2011-08-25,45.972869873046875
2011-08-26,46.73802947998047
2011-08-29,48.1988639831543
2011-08-30,48.33024978637695
2011-08-31,48.523475646972656
2011-09-01,47.97471618652344
2011-09-02,46.6607551574707
2011-09-06,46.36704635620117
2011-09-07,47.75056457519531
2011-09-08,47.17861557006836
2011-09-09,45.94968032836914
2011-09-12,46.274314880371094
2011-09-13,46.73802947998047
2011-09-14,47.402767181396484
2011-09-15,48.229759216308594
2011-09-16,48.461647033691406
2011-09-19,47.951515197753906
2011-09-20,47.78146743774414
2011-09-21,46.227935791015625
2011-09-22,44.805755615234375
2011-09-23,45.066856384277344
2011-09-26,46.1313591003418
2011-09-27,46.714115142822266
2011-09-28,45.64960479736328
2011-09-29,45.983707427978516
2011-09-30,44.84928894042969
2011-10-03,43.36518478393555
2011-10-04,44.45298385620117
2011-10-05,45.362117767333984
2011-10-06,46.240135192871094
2011-10-07,45.820552825927734
2011-10-10,47.39787292480469
2011-10-11,47.43674087524414
2011-10-12,47.88740539550781
2011-10-13,47.82524490356445
2011-10-14,48.69549560546875
2011-10-17,47.70869827270508
2011-10-18,48.67219924926758
2011-10-19,48.02726364135742
2011-10-20,48.24483108520508
2011-10-21,49.15393829345703
2011-10-24,49.97757339477539
2011-10-25,48.95967102050781
2011-10-26,49.4880485534668
2011-10-27,51.197486877441406
2011-10-28,51.24409866333008
2011-10-31,49.94648742675781
2011-11-01,48.6177978515625
2011-11-02,49.41811752319336
2011-11-03,50.381622314453125
2011-11-04,50.10965347290039
2011-11-07,50.36607360839844
2011-11-08,50.97216033935547
2011-11-09,49.02962112426758
2011-11-10,49.46474838256836
2011-11-11,50.44377136230469
2011-11-14,49.94648742675781
2011-11-15,50.24952697753906
2011-11-16,49.41035461425781
2011-11-17,48.602264404296875
2011-11-18,48.53233337402344
2011-11-21,47.63098907470703
2011-11-22,47.4056510925293
2011-11-23,46.34891891479492
2011-11-25,46.20128631591797
2011-11-28,47.59212112426758
2011-11-29,47.739768981933594
2011-11-30,49.760009765625
2011-12-01,49.760009765625
2011-12-02,49.73671340942383
2011-12-05,50.280609130859375
2011-12-06,50.30392074584961
2011-12-07,50.43601989746094
2011-12-08,49.29380416870117
2011-12-09,50.17181396484375
2011-12-12,49.402584075927734
2011-12-13,48.874210357666016
2011-12-14,48.314754486083984
2011-12-15,48.493473052978516
2011-12-16,48.65663146972656
2011-12-19,48.08940505981445
2011-12-20,49.59684371948242
2011-12-21,49.69139099121094
2011-12-22,50.20713806152344
2011-12-23,50.59004211425781
2011-12-27,50.59785842895508
2011-12-28,49.980525970458984
2011-12-29,50.47280502319336
2011-12-30,50.2462158203125
2012-01-03,50.95732116699219
2012-01-04,50.98075485229492
2012-01-05,51.20738220214844
2012-01-06,51.09015655517578
2012-01-09,51.20738220214844
2012-01-10,51.715309143066406
2012-01-11,51.80907440185547
2012-01-12,51.9340934753418
2012-01-13,51.69184875488281
2012-01-17,51.80907440185547
2012-01-18,52.43422317504883
2012-01-19,52.7546272277832
2012-01-20,52.770233154296875
2012-01-23,52.78588104248047
2012-01-24,52.77806091308594
2012-01-25,53.26255798339844
2012-01-26,52.98903274536133
2012-01-27,53.028114318847656
2012-01-30,52.81713104248047
2012-01-31,52.793670654296875
2012-02-01,53.403221130371094
2012-02-02,53.49696731567383
2012-02-03,54.29403305053711
2012-02-06,54.26276779174805
2012-02-07,54.38779830932617
2012-02-08,54.505008697509766
2012-02-09,54.59098434448242
2012-02-10,54.16117858886719
2012-02-13,54.57536315917969
2012-02-14,54.497215270996094
2012-02-15,54.26276779174805
2012-02-16,54.9113655090332
2012-02-17,54.989501953125
2012-02-21,54.96608352661133
2012-02-22,54.794158935546875
2012-02-23,55.098907470703125
2012-02-24,55.17706298828125
2012-02-27,55.22395324707031
2012-02-28,55.38022994995117
2012-02-29,55.020748138427734
2012-03-01,55.44273376464844
2012-03-02,55.169254302978516
2012-03-05,54.919189453125
2012-03-06,54.036163330078125
2012-03-07,54.505008697509766
2012-03-08,55.06765365600586
2012-03-09,55.341156005859375
2012-03-12,55.302085876464844
2012-03-13,56.325767517089844
2012-03-14,56.20855712890625
2012-03-15,56.53675079345703
2012-03-16,56.622703552246094
2012-03-19,56.833709716796875
2012-03-20,56.63833236694336
2012-03-21,56.57582092285156
2012-03-22,56.12258529663086
2012-03-23,56.34920120239258
2012-03-26,57.132423400878906
2012-03-27,56.94406509399414
2012-03-28,56.66155242919922
2012-03-29,56.55953598022461
2012-03-30,56.708641052246094
2012-04-02,57.1873664855957
2012-04-03,56.999019622802734
2012-04-04,56.36332321166992
2012-04-05,56.32410430908203
2012-04-09,55.66487121582031
2012-04-10,54.6211051940918
2012-04-11,55.0762939453125
2012-04-12,55.90816116333008
2012-04-13,55.22539138793945
2012-04-16,55.170448303222656
2012-04-17,56.01018142700195
2012-04-18,55.81398010253906
2012-04-19,55.492218017578125
2012-04-20,55.57856369018555
2012-04-23,55.099822998046875
2012-04-24,55.28032684326172
2012-04-25,56.09650802612305
2012-04-26,56.50459289550781
2012-04-27,56.63800048828125
2012-04-30,56.347633361816406
2012-05-01,56.708641052246094
2012-05-02,56.58307647705078
2012-05-03,56.088661193847656
2012-05-04,55.154754638671875
2012-05-07,55.194026947021484
2012-05-08,54.989967346191406
2012-05-09,54.66035461425781
2012-05-10,54.80160903930664
2012-05-11,54.652503967285156
2012-05-14,54.03250503540039
2012-05-15,53.742156982421875
2012-05-16,53.49103546142578
2012-05-17,52.564979553222656
2012-05-18,52.125484466552734
2012-05-21,53.09077453613281
2012-05-22,53.106468200683594
2012-05-23,53.20064163208008
2012-05-24,53.30266571044922
2012-05-25,53.17711639404297
2012-05-29,53.82062530517578
2012-05-30,52.97304916381836
2012-05-31,52.83965301513672
2012-06-01,51.48196792602539
2012-06-04,51.43488693237305
2012-06-05,51.8272590637207
2012-06-06,53.035850524902344
2012-06-07,52.97304916381836
2012-06-08,53.43608474731445
2012-06-11,52.6905403137207
2012-06-12,53.26344299316406
2012-06-13,52.87102508544922
2012-06-14,53.42039108276367
2012-06-15,53.9697380065918
2012-06-18,54.12668991088867
2012-06-19,54.69959259033203
2012-06-20,54.59757614135742
2012-06-21,53.36545944213867
2012-06-22,53.79707717895508
2012-06-25,52.918392181396484
2012-06-26,53.17079162597656
2012-06-27,53.68349075317383
2012-06-28,53.57307052612305
2012-06-29,54.97707748413086
2012-07-02,55.12696075439453
2012-07-03,55.57653045654297
2012-07-05,55.347816467285156
2012-07-06,54.827205657958984
2012-07-09,54.693092346191406
2012-07-10,54.204097747802734
2012-07-11,54.164634704589844
2012-07-12,53.951683044433594
2012-07-13,54.79567337036133
2012-07-16,54.661598205566406
2012-07-17,55.0244026184082
2012-07-18,55.41879653930664
2012-07-19,55.513431549072266
2012-07-20,55.00863265991211
2012-07-23,54.40127182006836
2012-07-24,53.9122314453125
2012-07-25,53.920127868652344
2012-07-26,54.7404670715332
2012-07-27,55.821048736572266
2012-07-30,55.76585388183594
2012-07-31,55.4582405090332
2012-08-01,55.23736572265625
2012-08-02,54.858760833740234
2012-08-03,55.97092056274414
2012-08-06,56.112892150878906
2012-08-07,56.45205307006836
2012-08-08,56.52305603027344
2012-08-09,56.57039260864258
2012-08-10,56.68082046508789
2012-08-13,56.63349151611328
2012-08-14,56.617733001708984
2012-08-15,56.74391174316406
2012-08-16,57.17776107788086
2012-08-17,57.288177490234375
2012-08-20,57.28028869628906
2012-08-21,57.161949157714844
2012-08-22,57.090965270996094
2012-08-23,56.66500473022461
2012-08-24,56.98845672607422
2012-08-27,56.98052978515625
2012-08-28,56.972679138183594
2012-08-29,57.043643951416016
2012-08-30,56.617733001708984
2012-08-31,56.95686721801758
2012-09-04,56.917442321777344
2012-09-05,56.917442321777344
2012-09-06,58.05324935913086
2012-09-07,58.33722686767578
2012-09-10,57.99017333984375
2012-09-11,58.11638641357422
2012-09-12,58.36090850830078
2012-09-13,59.23642349243164
2012-09-14,59.55192947387695
2012-09-17,59.30738830566406
2012-09-18,59.204872131347656
2012-09-19,59.2522087097168
2012-09-20,59.17331314086914
2012-09-21,59.1890754699707
2012-09-24,59.057518005371094
2012-09-25,58.455142974853516
2012-09-26,58.06675720214844
2012-09-27,58.64537811279297
2012-09-28,58.37586975097656
2012-10-01,58.47890090942383
2012-10-02,58.56611251831055
2012-10-03,58.78010177612305
2012-10-04,59.2239990234375
2012-10-05,59.20812225341797
2012-10-08,58.978275299072266
2012-10-09,58.38380813598633
2012-10-10,58.04298400878906
2012-10-11,58.13017272949219
2012-10-12,57.876529693603516
2012-10-15,58.35208511352539
2012-10-16,58.954498291015625
2012-10-17,59.23189163208008
2012-10-18,59.112979888916016
2012-10-19,58.09052658081055
2012-10-22,58.09052658081055
2012-10-23,57.353424072265625
2012-10-24,57.194881439208984
2012-10-25,57.353424072265625
2012-10-26,57.28998565673828
2012-10-31,57.32169723510742
2012-11-01,58.04298400878906
2012-11-02,57.44057083129883
2012-11-05,57.622886657714844
2012-11-06,58.058841705322266
2012-11-07,56.758949279785156
2012-11-08,56.037681579589844
2012-11-09,56.09314727783203
2012-11-12,56.1248664855957
2012-11-13,55.91084671020508
2012-11-14,55.126163482666016
2012-11-15,54.9835090637207
2012-11-16,55.28469467163086
2012-11-19,56.42605972290039
2012-11-20,56.489444732666016
2012-11-21,56.63214874267578
2012-11-23,57.36925506591797
2012-11-26,57.29791259765625
2012-11-27,56.9967155456543
2012-11-28,57.44853591918945
2012-11-29,57.781410217285156
2012-11-30,57.765560150146484
2012-12-03,57.51191711425781
2012-12-04,57.43266296386719
2012-12-05,57.54361343383789
2012-12-06,57.72596740722656
2012-12-07,57.89237594604492
2012-12-10,57.963722229003906
2012-12-11,58.32831573486328
2012-12-12,58.35208511352539
2012-12-13,58.01920700073242
2012-12-14,57.773468017578125
2012-12-17,58.4947624206543
2012-12-18,59.1764030456543
2012-12-19,58.81181335449219
2012-12-20,59.135196685791016
2012-12-21,58.63215255737305
2012-12-24,58.43253707885742
2012-12-26,58.153099060058594
2012-12-27,58.105159759521484
2012-12-28,57.47437286376953
2012-12-31,58.512386322021484
2013-01-02,59.9975700378418
2013-01-03,59.90972900390625
2013-01-04,60.213157653808594
2013-01-07,60.05344009399414
2013-01-08,59.89376449584961
2013-01-09,60.077388763427734
2013-01-10,60.492610931396484
2013-01-11,60.50056838989258
2013-01-14,60.43673324584961
2013-01-15,60.54850387573242
2013-01-16,60.50056838989258
2013-01-17,60.91581344604492
2013-01-18,61.0834846496582
2013-01-22,61.402896881103516
2013-01-23,61.47473907470703
2013-01-24,61.546592712402344
2013-01-25,61.88991165161133
2013-01-28,61.834041595458984
2013-01-29,62.041656494140625
2013-01-30,61.794124603271484
2013-01-31,61.68232727050781
2013-02-01,62.28120040893555
2013-02-04,61.62644958496094
2013-02-05,62.20933532714844
2013-02-06,62.321128845214844
2013-02-07,62.20933532714844
2013-02-08,62.58462142944336
2013-02-11,62.552696228027344
2013-02-12,62.656497955322266
2013-02-13,62.74430465698242
2013-02-14,62.82415771484375
2013-02-15,62.752281188964844
2013-02-19,63.191444396972656
2013-02-20,62.35307693481445
2013-02-21,61.92985916137695
2013-02-22,62.528751373291016
2013-02-25,61.37893295288086
2013-02-26,61.770179748535156
2013-02-27,62.528751373291016
2013-02-28,62.47283172607422
2013-03-01,62.616546630859375
2013-03-04,62.904022216796875
2013-03-05,63.5348014831543
2013-03-06,63.630619049072266
2013-03-07,63.782318115234375
2013-03-08,64.09373474121094
2013-03-11,64.27738952636719
2013-03-12,64.16561889648438
2013-03-13,64.28535461425781
2013-03-14,64.6446762084961
2013-03-15,64.57283782958984
2013-03-18,64.22152709960938
2013-03-19,64.04582977294922
2013-03-20,64.52493286132812
2013-03-21,64.00592041015625
2013-03-22,64.40216827392578
2013-03-25,64.1855697631836
2013-03-26,64.66683959960938
2013-03-27,64.71499633789062
2013-03-28,64.93956756591797
2013-04-01,64.59468841552734
2013-04-02,64.78715515136719
2013-04-03,64.08131408691406
2013-04-04,64.362060546875
2013-04-05,64.13748931884766
2013-04-08,64.53050994873047
2013-04-09,64.71499633789062
2013-04-10,65.54920959472656
2013-04-11,65.79784393310547
2013-04-12,65.56522369384766
2013-04-15,63.96903991699219
2013-04-16,64.91552734375
2013-04-17,63.9449577331543
2013-04-18,63.54389953613281
2013-04-19,64.15349578857422
2013-04-22,64.42623901367188
2013-04-23,65.12406921386719
2013-04-24,65.22030639648438
2013-04-25,65.4850082397461
2013-04-26,65.36467742919922
2013-04-29,65.78179168701172
2013-04-30,65.98235321044922
2013-05-01,65.30852508544922
2013-05-02,65.99034881591797
2013-05-03,66.60797882080078
2013-05-06,66.86465454101562
2013-05-07,67.23362731933594
2013-05-08,67.54642486572266
2013-05-09,67.32185363769531
2013-05-10,67.61864471435547
2013-05-13,67.63468933105469
2013-05-14,68.33255767822266
2013-05-15,68.62934112548828
2013-05-16,68.34860229492188
2013-05-17,69.04641723632812
2013-05-20,69.0384292602539
2013-05-21,69.15068054199219
2013-05-22,68.46887969970703
2013-05-23,68.34056854248047
2013-05-24,68.25230407714844
2013-05-28,68.69348907470703
2013-05-29,68.22827911376953
2013-05-30,68.5090103149414
2013-05-31,67.5946044921875
2013-06-03,67.8673095703125
2013-06-04,67.53840637207031
2013-06-05,66.58390045166016
2013-06-06,67.20956420898438
2013-06-07,68.04378509521484
2013-06-10,68.06785583496094
2013-06-11,67.37799072265625
2013-06-12,66.80853271484375
2013-06-13,67.8432388305664
2013-06-14,67.45820617675781
2013-06-17,67.93144226074219
2013-06-18,68.44483184814453
2013-06-19,67.57049560546875
2013-06-20,65.89412689208984
2013-06-21,66.0625228881836
2013-06-24,65.21311950683594
2013-06-25,65.86589050292969
2013-06-26,66.47838592529297
2013-06-27,66.969970703125
2013-06-28,66.6234359741211
2013-07-01,67.17950439453125
2013-07-02,67.10698699951172
2013-07-03,67.20369720458984
2013-07-05,67.92091369628906
2013-07-08,68.2835922241211
2013-07-09,68.7671127319336
2013-07-10,68.79933166503906
2013-07-11,69.79864501953125
2013-07-12,69.8631362915039
2013-07-15,70.12907409667969
2013-07-16,69.81477355957031
2013-07-17,70.04042053222656
2013-07-18,70.43535614013672
2013-07-19,70.54008483886719
2013-07-22,70.69324493408203
2013-07-23,70.56429290771484
2013-07-24,70.28223419189453
2013-07-25,70.54008483886719
2013-07-26,70.54813385009766
2013-07-29,70.30638122558594
2013-07-30,70.37890625
2013-07-31,70.4514389038086
2013-08-01,71.34598541259766
2013-08-02,71.37821960449219
2013-08-05,71.38627624511719
2013-08-06,70.91886901855469
2013-08-07,70.63680267333984
2013-08-08,70.92692565917969
2013-08-09,70.74962615966797
2013-08-12,70.70128631591797
2013-08-13,70.8543930053711
2013-08-14,70.48367309570312
2013-08-15,69.43603515625
2013-08-16,69.21037292480469
2013-08-19,68.74296569824219
2013-08-20,69.19425964355469
2013-08-21,68.79129028320312
2013-08-22,69.40377044677734
2013-08-23,69.69393157958984
2013-08-26,69.51661682128906
2013-08-27,68.2835922241211
2013-08-28,68.53341674804688
2013-08-29,68.71876525878906
2013-08-30,68.31583404541016
2013-09-03,68.662353515625
2013-09-04,69.27481842041016
2013-09-05,69.35543060302734
2013-09-06,69.4118423461914
2013-09-09,70.19355773925781
2013-09-10,70.7415771484375
2013-09-11,70.92692565917969
2013-09-12,70.70934295654297
2013-09-13,70.8543930053711
2013-09-16,71.2654037475586
2013-09-17,71.64417266845703
2013-09-18,72.48228454589844
2013-09-19,72.3694839477539
2013-09-20,71.88594055175781
2013-09-23,71.56121826171875
2013-09-24,71.44786071777344
2013-09-25,71.31830596923828
2013-09-26,71.59362030029297
2013-09-27,71.3101806640625
2013-09-30,70.97816467285156
2013-10-01,71.59362030029297
2013-10-02,71.47215270996094
2013-10-03,70.86480712890625
2013-10-04,71.38306427001953
2013-10-07,70.74334716796875
2013-10-08,69.80399322509766
2013-10-09,69.75538635253906
2013-10-10,71.3263931274414
2013-10-11,71.82846069335938
2013-10-14,72.14427947998047
2013-10-15,71.59362030029297
2013-10-16,72.59776306152344
2013-10-17,73.13220977783203
2013-10-18,73.6504898071289
2013-10-21,73.61000061035156
2013-10-22,74.03107452392578
2013-10-23,73.6828842163086
2013-10-24,73.96627807617188
2013-10-25,74.23352813720703
2013-10-28,74.29020690917969
2013-10-29,74.6627197265625
2013-10-30,74.22542572021484
2013-10-31,74.00677490234375
2013-11-01,74.10397338867188
2013-11-04,74.4440689086914
2013-11-05,74.22542572021484
2013-11-06,74.41976928710938
2013-11-07,73.43183898925781
2013-11-08,74.41169738769531
2013-11-11,74.46025085449219
2013-11-12,74.34691619873047
2013-11-13,74.97853088378906
2013-11-14,75.33484649658203
2013-11-15,75.66687774658203
2013-11-18,75.31053161621094
2013-11-19,75.09188842773438
2013-11-20,74.85707092285156
2013-11-21,75.5291976928711
2013-11-22,75.90170288085938
2013-11-25,75.82072448730469
2013-11-26,75.89361572265625
2013-11-27,76.11223602294922
2013-11-29,76.00695037841797
2013-12-02,75.8449935913086
2013-12-03,75.55348205566406
2013-12-04,75.44819641113281
2013-12-05,75.22956848144531
2013-12-06,76.00695037841797
2013-12-09,76.17706298828125
2013-12-10,75.92599487304688
2013-12-11,74.98662567138672
2013-12-12,74.84894561767578
2013-12-13,74.8732681274414
2013-12-16,75.39961242675781
2013-12-17,75.17286682128906
2013-12-18,76.38758087158203
2013-12-19,76.28231048583984
2013-12-20,76.79027557373047
2013-12-23,77.24615478515625
2013-12-24,77.45777130126953
2013-12-26,77.82412719726562
2013-12-27,77.7752914428711
2013-12-30,77.79969787597656
2013-12-31,78.0846176147461
2014-01-02,77.40081024169922
2014-01-03,77.384521484375
2014-01-06,77.18101501464844
2014-01-07,77.67759704589844
2014-01-08,77.73461151123047
2014-01-09,77.79969787597656
2014-01-10,78.01952362060547
2014-01-13,77.03450775146484
2014-01-14,77.881103515625
2014-01-15,78.27185821533203
2014-01-16,78.21488952636719
2014-01-17,77.91368865966797
2014-01-21,78.17415618896484
2014-01-22,78.3207015991211
2014-01-23,77.64502716064453
2014-01-24,75.96807098388672
2014-01-27,75.47965240478516
2014-01-28,76.00875854492188
2014-01-29,75.22726440429688
2014-01-30,76.10645294189453
2014-01-31,75.60991668701172
2014-02-03,73.83525085449219
2014-02-04,74.39692687988281
2014-02-05,74.28297424316406
2014-02-06,75.18659210205078
2014-02-07,76.15530395507812
2014-02-10,76.24482727050781
2014-02-11,77.11589050292969
2014-02-12,77.22174835205078
2014-02-13,77.69389343261719
2014-02-14,78.0683364868164
2014-02-18,78.29627990722656
2014-02-19,77.7752914428711
2014-02-20,78.29627990722656
2014-02-21,78.2311782836914
2014-02-24,78.67889404296875
2014-02-25,78.64634704589844
2014-02-26,78.72771453857422
2014-02-27,79.14290618896484
2014-02-28,79.28943634033203
2014-03-03,78.71144104003906
2014-03-04,79.94880676269531
2014-03-05,79.96510314941406
2014-03-06,80.11163330078125
2014-03-07,80.08723449707031
2014-03-10,80.03020477294922
2014-03-11,79.58251190185547
2014-03-12,79.6395034790039
2014-03-13,78.71959686279297
2014-03-14,78.62190246582031
2014-03-17,79.24873352050781
2014-03-18,79.92438507080078
2014-03-19,79.46854400634766
2014-03-20,79.86743927001953
2014-03-21,79.5743637084961
2014-03-24,79.11036682128906
2014-03-25,79.39078521728516
2014-03-26,78.72850036621094
2014-03-27,78.56501770019531
2014-03-28,78.91656494140625
2014-03-31,79.69329071044922
2014-04-01,80.31470489501953
2014-04-02,80.56816101074219
2014-04-03,80.3473892211914
2014-04-04,79.24360656738281
2014-04-07,78.29515838623047
2014-04-08,78.6385726928711
2014-04-09,79.57881164550781
2014-04-10,77.82913970947266
2014-04-11,77.06057739257812
2014-04-14,77.58386993408203
2014-04-15,78.11529541015625
2014-04-16,78.93292999267578
2014-04-17,79.08824157714844
2014-04-21,79.40716552734375
2014-04-22,79.81596374511719
2014-04-23,79.61154174804688
2014-04-24,79.71785736083984
2014-04-25,78.94110870361328
2014-04-28,79.05555725097656
2014-04-29,79.44799041748047
2014-04-30,79.74234008789062
2014-05-01,79.76688385009766
2014-05-02,79.70148468017578
2014-05-05,79.8322982788086
2014-05-06,79.09644317626953
2014-05-07,79.46435546875
2014-05-08,79.25179290771484
2014-05-09,79.44799041748047
2014-05-12,80.3473892211914
2014-05-13,80.2983169555664
2014-05-14,79.85682678222656
2014-05-15,79.1209716796875
2014-05-16,79.4561996459961
2014-05-19,79.82413482666016
2014-05-20,79.22725677490234
2014-05-21,79.84048461914062
2014-05-22,80.11028289794922
2014-05-23,80.52725982666016
2014-05-27,81.05872344970703
2014-05-28,80.96878051757812
2014-05-29,81.40213012695312
2014-05-30,81.4184799194336
2014-06-02,81.51658630371094
2014-06-03,81.4839096069336
2014-06-04,81.65558624267578
2014-06-05,82.31787109375
2014-06-06,82.74303436279297
2014-06-09,82.88201141357422
2014-06-10,82.86563873291016
2014-06-11,82.5876693725586
2014-06-12,81.99899291992188
2014-06-13,82.26881408691406
2014-06-16,82.33422088623047
2014-06-17,82.6285629272461
2014-06-18,83.24177551269531
2014-06-19,83.33988189697266
2014-06-20,83.53611755371094
2014-06-23,83.51156616210938
2014-06-24,82.92867279052734
2014-06-25,83.34737396240234
2014-06-26,83.2981185913086
2014-06-27,83.51980590820312
2014-06-30,83.55264282226562
2014-07-01,84.1519546508789
2014-07-02,84.1026840209961
2014-07-03,84.5460433959961
2014-07-07,84.1026840209961
2014-07-08,83.46231842041016
2014-07-09,83.82354736328125
2014-07-10,83.45411682128906
2014-07-11,83.52799224853516
2014-07-14,83.93029022216797
2014-07-15,83.71684265136719
2014-07-16,83.93029022216797
2014-07-17,82.96151733398438
2014-07-18,83.85639190673828
2014-07-21,83.65936279296875
2014-07-22,84.08624267578125
2014-07-23,84.28331756591797
2014-07-24,84.29975128173828
2014-07-25,83.85639190673828
2014-07-28,83.83177185058594
2014-07-29,83.52799224853516
2014-07-30,83.58547973632812
2014-07-31,81.88600158691406
2014-08-01,81.68074798583984
2014-08-04,82.23902893066406
2014-08-05,81.5165786743164
2014-08-06,81.53301239013672
2014-08-07,81.10604095458984
2014-08-08,82.04198455810547
2014-08-11,82.33757019042969
2014-08-12,82.1897964477539
2014-08-13,82.77266693115234
2014-08-14,83.13389587402344
2014-08-15,83.14214324951172
2014-08-18,83.88923645019531
2014-08-19,84.30792999267578
2014-08-20,84.50498962402344
2014-08-21,84.69381713867188
2014-08-22,84.57066345214844
2014-08-25,85.0140151977539
2014-08-26,85.16999816894531
2014-08-27,85.12074279785156
2014-08-28,85.03044891357422
2014-08-29,85.2849349975586
2014-09-02,85.35061645507812
2014-09-03,85.2602767944336
2014-09-04,85.07967376708984
2014-09-05,85.47374725341797
2014-09-08,85.30134582519531
2014-09-09,84.70203399658203
2014-09-10,85.0221939086914
2014-09-11,85.17818450927734
2014-09-12,84.62815856933594
2014-09-15,84.40645599365234
2014-09-16,85.00580596923828
2014-09-17,85.09611511230469
2014-09-18,85.53125762939453
2014-09-19,85.36702728271484
2014-09-22,84.57889556884766
2014-09-23,84.0370101928711
2014-09-24,84.69268798828125
2014-09-25,83.36486053466797
2014-09-26,84.0411376953125
2014-09-29,83.8927001953125
2014-09-30,83.49677276611328
2014-10-01,82.3999252319336
2014-10-02,82.441162109375
2014-10-03,83.36486053466797
2014-10-06,83.19991302490234
2014-10-07,81.91328430175781
2014-10-08,83.27413940429688
2014-10-09,81.55867004394531
2014-10-10,80.54424285888672
2014-10-13,79.25767517089844
2014-10-14,79.50505065917969
2014-10-15,79.05970001220703
2014-10-16,79.23291015625
2014-10-17,80.09886932373047
2014-10-20,80.89888763427734
2014-10-21,82.49888610839844
2014-10-22,81.85557556152344
2014-10-23,82.84526062011719
2014-10-24,83.42257690429688
2014-10-27,83.30712127685547
2014-10-28,84.38751983642578
2014-10-29,84.2638168334961
2014-10-30,84.7834243774414
2014-10-31,85.78961944580078
2014-11-03,85.83907318115234
2014-11-04,85.52568054199219
2014-11-05,85.92980194091797
2014-11-06,86.35041809082031
2014-11-07,86.41639709472656
2014-11-10,86.6803207397461
2014-11-11,86.76278686523438
2014-11-12,86.74629211425781
2014-11-13,86.72979736328125
2014-11-14,86.73804473876953
2014-11-17,86.72979736328125
2014-11-18,87.24113464355469
2014-11-19,87.01846313476562
2014-11-20,87.26588439941406
2014-11-21,87.72773742675781
2014-11-24,88.04937744140625
2014-11-25,88.03291320800781
2014-11-26,88.23084259033203
2014-11-28,87.91742706298828
2014-12-01,87.17517852783203
2014-12-02,87.71947479248047
2014-12-03,88.1153564453125
2014-12-04,88.00817108154297
2014-12-05,88.20609283447266
2014-12-08,87.57927703857422
2014-12-09,87.62876892089844
2014-12-10,86.19371795654297
2014-12-11,86.58959197998047
2014-12-12,85.2287826538086
2014-12-15,84.61019897460938
2014-12-16,83.98343658447266
2014-12-17,85.78136444091797
2014-12-18,87.81022644042969
2014-12-19,88.1731185913086
2014-12-22,88.52213287353516
2014-12-23,88.72113800048828
2014-12-24,88.7459945678711
2014-12-26,89.01131439208984
2014-12-29,89.20201873779297
2014-12-30,88.76258850097656
2014-12-31,87.88375854492188
2015-01-02,87.81742858886719
2015-01-05,86.3084487915039
2015-01-06,85.46280670166016
2015-01-07,86.48257446289062
2015-01-08,88.00811004638672
2015-01-09,87.27851104736328
2015-01-12,86.65670013427734
2015-01-13,86.45771026611328
2015-01-14,85.98513793945312
2015-01-15,85.11457824707031
2015-01-16,86.24214172363281
2015-01-20,86.36650085449219
2015-01-21,86.75619506835938
2015-01-22,88.07444763183594
2015-01-23,87.67646026611328
2015-01-26,88.04126739501953
2015-01-27,87.0132064819336
2015-01-28,85.83590698242188
2015-01-29,86.65670013427734
2015-01-30,85.47935485839844
2015-02-02,86.44114685058594
2015-02-03,87.76766967773438
2015-02-04,87.46090698242188
2015-02-05,88.42265319824219
2015-02-06,88.15736389160156
2015-02-09,87.71791076660156
2015-02-10,88.61335754394531
2015-02-11,88.65480041503906
2015-02-12,89.50878143310547
2015-02-13,89.93158721923828
2015-02-17,90.07256317138672
2015-02-18,90.12229919433594
2015-02-19,90.09741973876953
2015-02-20,90.60317993164062
2015-02-23,90.59487915039062
2015-02-24,90.80213928222656
2015-02-25,90.76900482177734
2015-02-26,90.71095275878906
2015-02-27,90.38761901855469
2015-03-02,90.9430923461914
2015-03-03,90.57000732421875
2015-03-04,90.2052230834961
2015-03-05,90.34614562988281
2015-03-06,89.09419250488281
2015-03-09,89.42585754394531
2015-03-10,88.06614685058594
2015-03-11,87.99980926513672
2015-03-12,89.1025161743164
2015-03-13,88.60507202148438
2015-03-16,89.71603393554688
2015-03-17,89.54192352294922
2015-03-18,90.57000732421875
2015-03-19,90.24665832519531
2015-03-20,91.00115966796875
2015-03-23,90.84359741210938
2015-03-24,90.36270904541016
2015-03-25,88.9533462524414
2015-03-26,88.7784194946289
2015-03-27,89.01998901367188
2015-03-30,90.1528091430664
2015-03-31,89.33650970458984
2015-04-01,89.1698989868164
2015-04-02,89.45307922363281
2015-04-06,90.06952667236328
2015-04-07,89.7696533203125
2015-04-08,90.1528091430664
2015-04-09,90.46932983398438
2015-04-10,90.89413452148438
2015-04-13,90.53598022460938
2015-04-14,90.66924285888672
2015-04-15,91.12739562988281
2015-04-16,91.08573913574219
2015-04-17,90.02787780761719
2015-04-20,90.76087951660156
2015-04-21,90.73590087890625
2015-04-22,91.11904907226562
2015-04-23,91.40229034423828
2015-04-24,91.50222778320312
2015-04-27,91.0274429321289
2015-04-28,91.2690200805664
2015-04-29,90.86917877197266
2015-04-30,89.88627624511719
2015-05-01,90.7109375
2015-05-04,91.0274429321289
2015-05-05,89.94454193115234
2015-05-06,89.69469451904297
2015-05-07,90.03617858886719
2015-05-08,91.16903686523438
2015-05-11,90.78587341308594
2015-05-12,90.51931762695312
2015-05-13,90.56930541992188
2015-05-14,91.46892547607422
2015-05-15,91.57720947265625
2015-05-18,91.91873168945312
2015-05-19,91.87708282470703
2015-05-20,91.81878662109375
2015-05-21,92.05199432373047
2015-05-22,91.87708282470703
2015-05-26,90.91915130615234
2015-05-27,91.75212097167969
2015-05-28,91.66883850097656
2015-05-29,91.05243682861328
2015-06-01,91.27731323242188
2015-06-02,91.21068572998047
2015-06-03,91.52723693847656
2015-06-04,90.79420471191406
2015-06-05,90.71923828125
2015-06-08,90.16114044189453
2015-06-09,90.08618927001953
2015-06-10,91.18568420410156
2015-06-11,91.44391632080078
2015-06-12,90.84416961669922
2015-06-15,90.4277114868164
2015-06-16,90.927490234375
2015-06-17,91.07742309570312
2015-06-18,91.9770278930664
2015-06-19,91.57720947265625
2015-06-22,92.13532257080078
2015-06-23,92.22689819335938
2015-06-24,91.52723693847656
2015-06-25,91.24403381347656
2015-06-26,91.19212341308594
2015-06-29,89.28480529785156
2015-06-30,89.52740478515625
2015-07-01,90.11302185058594
2015-07-02,89.99588775634766
2015-07-06,89.76165771484375
2015-07-07,90.25521087646484
2015-07-08,88.7494125366211
2015-07-09,88.9334716796875
2015-07-10,90.01261901855469
2015-07-13,91.03319549560547
2015-07-14,91.44310760498047
2015-07-15,91.32601165771484
2015-07-16,91.9617691040039
2015-07-17,91.98686981201172
2015-07-20,91.99522399902344
2015-07-21,91.59367370605469
2015-07-22,91.45983123779297
2015-07-23,90.93281555175781
2015-07-24,89.97917175292969
2015-07-27,89.38520812988281
2015-07-28,90.44763946533203
2015-07-29,91.06668090820312
2015-07-30,91.14193725585938
2015-07-31,91.0499267578125
2015-08-03,90.72370147705078
2015-08-04,90.57308197021484
2015-08-05,90.87425231933594
2015-08-06,90.12973022460938
2015-08-07,89.87040710449219
2015-08-10,90.99136352539062
2015-08-11,90.17153930664062
2015-08-12,90.26361083984375
2015-08-13,90.13809204101562
2015-08-14,90.48108673095703
2015-08-17,91.05828857421875
2015-08-18,90.82408905029297
2015-08-19,90.01261901855469
2015-08-20,88.05509948730469
2015-08-21,85.52035522460938
2015-08-24,82.08213806152344
2015-08-25,81.10340118408203
2015-08-26,84.04801940917969
2015-08-27,86.08085632324219
2015-08-28,86.14777374267578
2015-08-31,85.5036392211914
2015-09-01,82.99397277832031
2015-09-02,84.55831909179688
2015-09-03,84.65870666503906
2015-09-04,83.45406341552734
2015-09-08,85.56219482421875
2015-09-09,84.3909912109375
2015-09-10,84.82601165771484
2015-09-11,85.21084594726562
2015-09-14,84.8845443725586
2015-09-15,85.95535278320312
2015-09-16,86.68315887451172
2015-09-17,86.56604766845703
2015-09-18,85.1941146850586
2015-09-21,85.53707122802734
2015-09-22,84.3909912109375
2015-09-23,84.22370147705078
2015-09-24,83.92255401611328
2015-09-25,83.75271606445312
2015-09-28,81.50775146484375
2015-09-29,81.49092864990234
2015-09-30,83.00437927246094
2015-10-01,83.17254638671875
2015-10-02,84.3833236694336
2015-10-05,85.93880462646484
2015-10-06,85.66133117675781
2015-10-07,86.43488311767578
2015-10-08,87.1832046508789
2015-10-09,87.30088806152344
2015-10-12,87.31771087646484
2015-10-13,86.67871856689453
2015-10-14,86.23307037353516
2015-10-15,87.53630828857422
2015-10-16,87.87263488769531
2015-10-19,87.97354125976562
2015-10-20,87.87263488769531
2015-10-21,87.1832046508789
2015-10-22,88.46123504638672
2015-10-23,89.38610076904297
2015-10-26,89.17589569091797
2015-10-27,88.8816146850586
2015-10-28,90.05034637451172
2015-10-29,89.9157943725586
2015-10-30,89.57108306884766
2015-11-02,90.74820709228516
2015-11-03,90.97521209716797
2015-11-04,90.75662231445312
2015-11-05,90.65572357177734
2015-11-06,90.67253112792969
2015-11-09,89.76444244384766
2015-11-10,89.96626281738281
2015-11-11,89.57948303222656
2015-11-12,88.2425537109375
2015-11-13,87.30931091308594
2015-11-16,88.57891845703125
2015-11-17,88.46961212158203
2015-11-18,89.88215637207031
2015-11-19,89.76444244384766
2015-11-20,90.1512222290039
2015-11-23,90.05874633789062
2015-11-24,90.29418182373047
2015-11-25,90.36141204833984
2015-11-27,90.49598693847656
2015-11-30,90.10919189453125
2015-12-01,90.95841217041016
2015-12-02,90.00830078125
2015-12-03,88.66303253173828
2015-12-04,90.29418182373047
2015-12-07,89.58788299560547
2015-12-08,89.04979705810547
2015-12-09,88.28462219238281
2015-12-10,88.54527282714844
2015-12-11,86.80484771728516
2015-12-14,87.11591339111328
2015-12-15,88.04920196533203
2015-12-16,89.32723999023438
2015-12-17,88.01559448242188
2015-12-18,86.51895141601562
2015-12-21,87.20643615722656
2015-12-22,87.99283599853516
2015-12-23,89.09211730957031
2015-12-24,88.98216247558594
2015-12-28,88.78771209716797
2015-12-29,89.73475646972656
2015-12-30,89.05827331542969
2015-12-31,88.1957778930664
2016-01-04,86.87661743164062
2016-01-05,87.07113647460938
2016-01-06,85.90418243408203
2016-01-07,83.79866027832031
2016-01-08,82.84314727783203
2016-01-11,82.79238891601562
2016-01-12,83.35897064208984
2016-01-13,81.21113586425781
2016-01-14,82.45417022705078
2016-01-15,80.720703125
2016-01-19,80.63614654541016
2016-01-20,79.84127807617188
2016-01-21,80.1541519165039
2016-01-22,81.86222839355469
2016-01-25,80.51775360107422
2016-01-26,81.7438735961914
2016-01-27,80.81368255615234
2016-01-28,81.1350326538086
2016-01-29,83.1475601196289
2016-02-01,83.16444396972656
2016-02-02,81.55782318115234
2016-02-03,82.04829406738281
2016-02-04,82.24275207519531
2016-02-05,80.55157470703125
2016-02-08,79.30008697509766
2016-02-09,79.19861602783203
2016-02-10,79.24935913085938
2016-02-11,78.26844787597656
2016-02-12,79.7905044555664
2016-02-16,81.24494934082031
2016-02-17,82.58946990966797
2016-02-18,82.2596664428711
2016-02-19,82.27659606933594
2016-02-22,83.47733306884766
2016-02-23,82.47107696533203
2016-02-24,82.89388275146484
2016-02-25,83.874755859375
2016-02-26,83.80709075927734
2016-02-29,83.13910675048828
2016-03-01,85.1177978515625
2016-03-02,85.59134674072266
2016-03-03,86.01412200927734
2016-03-04,86.31009674072266
2016-03-07,86.4876708984375
2016-03-08,85.41375732421875
2016-03-09,85.82807922363281
2016-03-10,85.80274200439453
2016-03-11,87.25717163085938
2016-03-14,87.15567016601562
2016-03-15,86.85832977294922
2016-03-16,87.40205383300781
2016-03-17,88.07320404052734
2016-03-18,88.4639892578125
2016-03-21,88.5489730834961
2016-03-22,88.52344512939453
2016-03-23,87.80135345458984
2016-03-24,87.77586364746094
2016-03-28,87.83533477783203
2016-03-29,88.81231689453125
2016-03-30,89.15213775634766
2016-03-31,89.05017852783203
2016-04-01,89.61089324951172
2016-04-04,89.23709106445312
2016-04-05,88.37055206298828
2016-04-06,89.33903503417969
2016-04-07,88.26860809326172
2016-04-08,88.52344512939453
2016-04-11,88.27711486816406
2016-04-12,89.13514709472656
2016-04-13,90.18008422851562
2016-04-14,90.1460952758789
2016-04-15,90.10363006591797
2016-04-18,90.70683288574219
2016-04-19,90.9616928100586
2016-04-20,91.05516052246094
2016-04-21,90.60487365722656
2016-04-22,90.73231506347656
2016-04-25,90.51142120361328
2016-04-26,90.75782012939453
2016-04-27,90.97869110107422
2016-04-28,90.1631088256836
2016-04-29,89.63640594482422
2016-05-02,90.3330078125
2016-05-03,89.42398834228516
2016-05-04,88.89726257324219
2016-05-05,88.86326599121094
2016-05-06,89.18608856201172
2016-05-09,89.27957916259766
2016-05-10,90.34152221679688
2016-05-11,89.51744842529297
2016-05-12,89.48345947265625
2016-05-13,88.71037292480469
2016-05-16,89.59391784667969
2016-05-17,88.78681945800781
2016-05-18,88.7783432006836
2016-05-19,88.43000030517578
2016-05-20,89.1096420288086
2016-05-23,88.99921417236328
2016-05-24,90.18859100341797
2016-05-25,90.84275817871094
2016-05-26,90.82575988769531
2016-05-27,91.23353576660156
2016-05-31,91.19107055664062
2016-06-01,91.43743133544922
2016-06-02,91.74330139160156
2016-06-03,91.4884262084961
2016-06-06,91.96415710449219
2016-06-07,92.14254760742188
2016-06-08,92.46538543701172
2016-06-09,92.27848815917969
2016-06-10,91.32697296142578
2016-06-13,90.57088470458984
2016-06-14,90.40792083740234
2016-06-15,90.3140640258789
2016-06-16,90.57855987548828
2016-06-17,90.27989959716797
2016-06-20,90.89427947998047
2016-06-21,91.09053802490234
2016-06-22,90.8857650756836
2016-06-23,92.1401138305664
2016-06-24,88.78663635253906
2016-06-27,87.020263671875
2016-06-28,88.6159439086914
2016-06-29,90.20311737060547
2016-06-30,91.44042205810547
2016-07-01,91.61959075927734
2016-07-05,90.93697357177734
2016-07-06,91.49164581298828
2016-07-07,91.44892883300781
2016-07-08,92.87395477294922
2016-07-11,93.25797271728516
2016-07-12,94.03443908691406
2016-07-13,93.98324584960938
2016-07-14,94.43550872802734
2016-07-15,94.3331298828125
2016-07-18,94.59764099121094
2016-07-19,94.4099349975586
2016-07-20,94.91339874267578
2016-07-21,94.53792572021484
2016-07-22,94.99018096923828
2016-07-25,94.74271392822266
2016-07-26,94.8451156616211
2016-07-27,94.73419189453125
2016-07-28,94.8536376953125
2016-07-29,95.07549285888672
2016-08-01,94.947509765625
2016-08-02,94.23072814941406
2016-08-03,94.58057403564453
2016-08-04,94.69148254394531
2016-08-05,95.47654724121094
2016-08-08,95.41681671142578
2016-08-09,95.50213623046875
2016-08-10,95.22056579589844
2016-08-11,95.69843292236328
2016-08-12,95.60456848144531
2016-08-15,95.95441436767578
2016-08-16,95.40827941894531
2016-08-17,95.52775573730469
2016-08-18,95.82643127441406
2016-08-19,95.68986511230469
2016-08-22,95.7154769897461
2016-08-23,95.97147369384766
2016-08-24,95.43390655517578
2016-08-25,95.37416076660156
2016-08-26,95.17790985107422
2016-08-29,95.69843292236328
2016-08-30,95.54483032226562
2016-08-31,95.27178192138672
2016-09-01,95.32296752929688
2016-09-02,95.80934143066406
2016-09-06,96.0823974609375
2016-09-07,96.21041870117188
2016-09-08,95.96293640136719
2016-09-09,93.57368469238281
2016-09-12,94.87920379638672
2016-09-13,93.39496612548828
2016-09-14,93.40355682373047
2016-09-15,94.3638916015625
2016-09-16,93.98663330078125
2016-09-19,94.12383270263672
2016-09-20,94.0809326171875
2016-09-21,95.1613540649414
2016-09-22,95.85587310791016
2016-09-23,95.30712127685547
2016-09-26,94.55253601074219
2016-09-27,95.0927505493164
2016-09-28,95.65010070800781
2016-09-29,94.71546173095703
2016-09-30,95.46147918701172
2016-10-03,95.16993713378906
2016-10-04,94.74117279052734
2016-10-05,95.10987854003906
2016-10-06,95.14421844482422
2016-10-07,94.78406524658203
2016-10-10,95.29853820800781
2016-10-11,94.02950286865234
2016-10-12,94.14097595214844
2016-10-13,93.80654907226562
2016-10-14,93.78084564208984
2016-10-17,93.51500701904297
2016-10-18,94.06378936767578
2016-10-19,94.3638916015625
2016-10-20,94.18383026123047
2016-10-21,94.1495361328125
2016-10-24,94.62115478515625
2016-10-25,94.21812438964844
2016-10-26,93.93519592285156
2016-10-27,93.61791229248047
2016-10-28,93.30923461914062
2016-10-31,93.36925506591797
2016-11-01,92.6746826171875
2016-11-02,92.03160095214844
2016-11-03,91.62859344482422
2016-11-04,91.568603515625
2016-11-07,93.59219360351562
2016-11-08,93.99518585205078
2016-11-09,95.1613540649414
2016-11-10,95.4957504272461
2016-11-11,95.5300521850586
2016-11-14,95.77870178222656
2016-11-15,96.52471160888672
2016-11-16,96.38752746582031
2016-11-17,96.87628936767578
2016-11-18,96.69621276855469
2016-11-21,97.42507934570312
2016-11-22,97.70802307128906
2016-11-23,97.84519958496094
2016-11-25,98.22249603271484
2016-11-28,97.65657806396484
2016-11-29,97.79376983642578
2016-11-30,97.56224060058594
2016-12-01,97.15922546386719
2016-12-02,97.15922546386719
2016-12-05,97.83663177490234
2016-12-06,98.33395385742188
2016-12-07,99.55157470703125
2016-12-08,99.91168975830078
2016-12-09,100.45189666748047
2016-12-12,100.19464874267578
2016-12-13,100.7777328491211
2016-12-14,99.86880493164062
2016-12-15,100.28040313720703
2016-12-16,100.12604522705078
2016-12-19,100.40901947021484
2016-12-20,100.83786010742188
2016-12-21,100.55313873291016
2016-12-22,100.29427337646484
2016-12-23,100.44959259033203
2016-12-27,100.69979858398438
2016-12-28,99.86288452148438
2016-12-29,99.87151336669922
2016-12-30,99.50047302246094
2017-01-03,100.259765625
2017-01-04,101.02765655517578
2017-01-05,100.8292465209961
2017-01-06,101.14846801757812
2017-01-09,100.76020050048828
2017-01-10,100.83786010742188
2017-01-11,101.15708923339844
2017-01-12,100.88961029052734
2017-01-13,101.13984680175781
2017-01-17,100.6911849975586
2017-01-18,100.92413330078125
2017-01-19,100.52723693847656
2017-01-20,100.87236785888672
2017-01-23,100.6048812866211
2017-01-24,101.39005279541016
2017-01-25,102.2614974975586
2017-01-26,102.11482238769531
2017-01-27,101.95088958740234
2017-01-30,101.26065063476562
2017-01-31,101.34690856933594
2017-02-01,101.33828735351562
2017-02-02,101.40731048583984
2017-02-03,102.17520904541016
2017-02-06,101.93364715576172
2017-02-07,101.92501831054688
2017-02-08,102.03717041015625
2017-02-09,102.7101821899414
2017-02-10,103.14158630371094
2017-02-13,103.6592788696289
2017-02-14,104.03889465332031
2017-02-15,104.60836791992188
2017-02-16,104.51346588134766
2017-02-17,104.66876983642578
2017-02-21,105.29000091552734
2017-02-22,105.15196228027344
2017-02-23,105.07431030273438
2017-02-24,105.24686431884766
2017-02-27,105.47982788085938
2017-02-28,105.09156036376953
2017-03-01,106.5066146850586
2017-03-02,105.82495880126953
2017-03-03,105.91124725341797
2017-03-06,105.49710083007812
2017-03-07,105.16057586669922
2017-03-08,104.86721801757812
2017-03-09,104.91899871826172
2017-03-10,105.29863739013672
2017-03-13,105.37630462646484
2017-03-14,104.99665069580078
2017-03-15,105.94577026367188
2017-03-16,105.81632232666016
2017-03-17,105.75591278076172
2017-03-20,105.50572967529297
2017-03-21,104.0302734375
2017-03-22,104.16835021972656
2017-03-23,104.13382720947266
2017-03-24,104.14424133300781
2017-03-27,104.02287292480469
2017-03-28,104.75093841552734
2017-03-29,104.94160461425781
2017-03-30,105.33162689208984
2017-03-31,105.14961242675781
2017-04-03,104.88959503173828
2017-04-04,104.94160461425781
2017-04-05,104.51692199707031
2017-04-06,104.84628295898438
2017-04-07,104.76826477050781
2017-04-10,104.8982925415039
2017-04-11,104.86359405517578
2017-04-12,104.32623291015625
2017-04-13,103.61554718017578
2017-04-17,104.51692199707031
2017-04-18,104.29156494140625
2017-04-19,104.20489501953125
2017-04-20,105.06293487548828
2017-04-21,104.72492980957031
2017-04-24,105.83431243896484
2017-04-25,106.49300384521484
2017-04-26,106.51899719238281
2017-04-27,106.623046875
2017-04-28,106.26765441894531
2017-05-01,106.5450210571289
2017-05-02,106.5450210571289
2017-05-03,106.28501892089844
2017-05-04,106.36299896240234
2017-05-05,106.89170837402344
2017-05-08,106.72703552246094
2017-05-09,106.6923599243164
2017-05-10,106.9263916015625
2017-05-11,106.61438751220703
2017-05-12,106.4063491821289
2017-05-15,106.97838592529297
2017-05-16,106.91770935058594
2017-05-17,104.99359130859375
2017-05-18,105.30561828613281
2017-05-19,106.0596694946289
2017-05-22,106.623046875
2017-05-23,106.80501556396484
2017-05-24,107.11703491210938
2017-05-25,107.5677490234375
2017-05-26,107.55039978027344
2017-05-30,107.37706756591797
2017-05-31,107.3423843383789
2017-06-01,108.33911895751953
2017-06-02,108.6944808959961
2017-06-05,108.5557861328125
2017-06-06,108.27845001220703
2017-06-07,108.39976501464844
2017-06-08,108.5904541015625
2017-06-09,108.50379180908203
2017-06-12,108.4864501953125
2017-06-13,109.0238265991211
2017-06-14,108.86779022216797
2017-06-15,108.6251449584961
2017-06-16,108.5557861328125
2017-06-19,109.43982696533203
2017-06-20,108.6944808959961
2017-06-21,108.5682373046875
2017-06-22,108.61174774169922
2017-06-23,108.88167572021484
2017-06-26,108.96002960205078
2017-06-27,108.0632095336914
2017-06-28,109.08191680908203
2017-06-29,108.2112045288086
2017-06-30,108.35923767089844
2017-07-03,108.6204605102539
2017-07-05,108.74235534667969
2017-07-06,107.67137908935547
2017-07-07,108.42017364501953
2017-07-10,108.49858093261719
2017-07-11,108.47244262695312
2017-07-12,109.24737548828125
2017-07-13,109.4215316772461
2017-07-14,109.90910339355469
2017-07-17,109.90910339355469
2017-07-18,109.978759765625
2017-07-19,110.61437225341797
2017-07-20,110.68402862548828
2017-07-21,110.53600311279297
2017-07-24,110.54471588134766
2017-07-25,110.9104232788086
2017-07-26,110.83206939697266
2017-07-27,110.64051055908203
2017-07-28,110.45767211914062
2017-07-31,110.39671325683594
2017-08-01,110.6230697631836
2017-08-02,110.5185775756836
2017-08-03,110.2660903930664
2017-08-04,110.50117492675781
2017-08-07,110.71885681152344
2017-08-08,110.4140853881836
2017-08-09,110.2922134399414
2017-08-10,108.67268371582031
2017-08-11,108.87295532226562
2017-08-14,109.98746490478516
2017-08-15,109.8829574584961
2017-08-16,110.08324432373047
2017-08-17,108.3331298828125
2017-08-18,108.15028381347656
2017-08-21,108.3070068359375
2017-08-22,109.3953857421875
2017-08-23,109.06452941894531
2017-08-24,108.89038848876953
2017-08-25,109.15159606933594
2017-08-28,109.19514465332031
2017-08-29,109.23863983154297
2017-08-30,109.81330871582031
2017-08-31,110.56214141845703
2017-09-01,110.81461334228516
2017-09-05,109.96134185791016
2017-09-06,110.2660903930664
2017-09-07,110.2138671875
2017-09-08,110.13549041748047
2017-09-11,111.31964111328125
2017-09-12,111.74629974365234
2017-09-13,111.79853820800781
2017-09-14,111.76368713378906
2017-09-15,111.97265625
2017-09-18,112.24261474609375
2017-09-19,112.29483795166016
2017-09-20,112.4776611328125
2017-09-21,112.16422271728516
2017-09-22,112.25428771972656
2017-09-25,112.07068634033203
2017-09-26,112.09687805175781
2017-09-27,112.70902252197266
2017-09-28,112.89265441894531
2017-09-29,113.25993347167969
2017-10-02,113.85452270507812
2017-10-03,114.08192443847656
2017-10-04,114.19559478759766
2017-10-05,114.79896545410156
2017-10-06,114.72028350830078
2017-10-09,114.49288177490234
2017-10-10,114.76399993896484
2017-10-11,114.92138671875
2017-10-12,114.78145599365234
2017-10-13,114.86893463134766
2017-10-16,114.9476318359375
2017-10-17,115.00010681152344
2017-10-18,115.14875793457031
2017-10-19,115.17499542236328
2017-10-20,115.79586029052734
2017-10-23,115.30615997314453
2017-10-24,115.50729370117188
2017-10-25,114.9039077758789
2017-10-26,115.05259704589844
2017-10-27,115.98822021484375
2017-10-30,115.48104095458984
2017-10-31,115.71715545654297
2017-11-01,115.8133544921875
2017-11-02,115.83955383300781
2017-11-03,116.14564514160156
2017-11-06,116.36427307128906
2017-11-07,116.1630859375
2017-11-08,116.35548400878906
2017-11-09,115.88330078125
2017-11-10,115.90076446533203
2017-11-13,115.96202087402344
2017-11-14,115.75214385986328
2017-11-15,115.15748596191406
2017-11-16,116.20685577392578
2017-11-17,115.98822021484375
2017-11-20,116.28555297851562
2017-11-21,117.0900650024414
2017-11-22,117.00262451171875
2017-11-24,117.273681640625
2017-11-27,117.15127563476562
2017-11-28,118.31428527832031
2017-11-29,118.31428527832031
2017-11-30,119.22372436523438
2017-12-01,118.98761749267578
2017-12-04,118.8302230834961
2017-12-05,118.32304382324219
2017-12-06,118.25310516357422
2017-12-07,118.72530364990234
2017-12-08,119.34616088867188
2017-12-11,119.62601470947266
2017-12-12,119.75717163085938
2017-12-13,119.77465057373047
2017-12-14,119.21499633789062
2017-12-15,120.28180694580078
2017-12-18,121.11255645751953
2017-12-19,120.62287902832031
2017-12-20,120.6141357421875
2017-12-21,120.88915252685547
2017-12-22,120.84521484375
2017-12-26,120.74858093261719
2017-12-27,120.79254150390625
2017-12-28,121.05613708496094
2017-12-29,120.60797882080078
2018-01-02,121.4603500366211
2018-01-03,122.1633529663086
2018-01-04,122.62910461425781
2018-01-05,123.34966278076172
2018-01-08,123.63085174560547
2018-01-09,123.85933685302734
2018-01-10,123.66600799560547
2018-01-11,124.71173858642578
2018-01-12,125.4410629272461
2018-01-16,124.88751983642578
2018-01-17,126.03861236572266
2018-01-18,125.8189468383789
2018-01-19,126.46920776367188
2018-01-22,127.47097778320312
2018-01-23,127.787353515625
2018-01-24,127.66431427001953
2018-01-25,127.71700286865234
2018-01-26,129.05271911621094
2018-01-29,128.2091522216797
2018-01-30,126.87345123291016
2018-01-31,126.91738891601562
2018-02-01,126.8646469116211
2018-02-02,124.16693878173828
2018-02-05,119.28105163574219
2018-02-06,121.23190307617188
2018-02-07,120.69587707519531
2018-02-08,116.35482025146484
2018-02-09,117.95416259765625
2018-02-12,119.52711486816406
2018-02-13,119.90501403808594
2018-02-14,121.5833969116211
2018-02-15,123.06846618652344
2018-02-16,123.12117767333984
2018-02-20,122.38301086425781
2018-02-21,121.81183624267578
2018-02-22,121.8909683227539
2018-02-23,123.78023529052734
2018-02-26,125.08079528808594
2018-02-27,123.50786590576172
2018-02-28,122.14579010009766
2018-03-01,120.69587707519531
2018-03-02,121.47795104980469
2018-03-05,122.84880065917969
2018-03-06,123.29693603515625
2018-03-07,123.40239715576172
2018-03-08,123.86812591552734
2018-03-09,125.92436981201172
2018-03-12,125.85408020019531
2018-03-13,125.07200622558594
2018-03-14,124.43928527832031
2018-03-15,124.27234649658203
2018-03-16,124.48324584960938
2018-03-19,122.88392639160156
2018-03-20,123.06846618652344
2018-03-21,122.9630126953125
2018-03-22,119.95079803466797
2018-03-23,117.43620300292969
2018-03-26,120.53312683105469
2018-03-27,118.39793395996094
2018-03-28,118.12440490722656
2018-03-29,119.74786376953125
2018-04-02,117.02151489257812
2018-04-03,118.47731018066406
2018-04-04,119.80963897705078
2018-04-05,120.64781188964844
2018-04-06,118.11557006835938
2018-04-09,118.5125961303711
2018-04-10,120.43608856201172
2018-04-11,119.88018035888672
2018-04-12,120.85076141357422
2018-04-13,120.5066909790039
2018-04-16,121.51248931884766
2018-04-17,122.79182434082031
2018-04-18,122.9594955444336
2018-04-19,122.28895568847656
2018-04-20,121.31838989257812
2018-04-23,121.27425384521484
2018-04-24,119.81845092773438
2018-04-25,119.95079803466797
2018-04-26,121.08901977539062
2018-04-27,121.16838836669922
2018-04-30,120.28608703613281
2018-05-01,120.47138977050781
2018-05-02,119.77433776855469
2018-05-03,119.4478988647461
2018-05-04,120.991943359375
2018-05-07,121.5213394165039
2018-05-08,121.56541442871094
2018-05-09,122.71244812011719
2018-05-10,123.78003692626953
2018-05-11,124.0271224975586
2018-05-14,124.08880615234375
2018-05-15,123.33885192871094
2018-05-16,123.9388656616211
2018-05-17,123.97418975830078
2018-05-18,123.70064544677734
2018-05-21,124.6270523071289
2018-05-22,124.16825103759766
2018-05-23,124.49473571777344
2018-05-24,124.291748046875
2018-05-25,124.05355072021484
2018-05-29,122.82711791992188
2018-05-30,124.41531372070312
2018-05-31,123.5594711303711
2018-06-01,124.8476333618164
2018-06-04,125.42997741699219
2018-06-05,125.61529541015625
2018-06-06,126.72699737548828
2018-06-07,126.54167938232422
2018-06-08,126.97404479980469
2018-06-11,127.1593246459961
2018-06-12,127.42399597167969
2018-06-13,126.9475326538086
2018-06-14,127.30929565429688
2018-06-15,127.185791015625
2018-06-18,127.04463195800781
2018-06-19,126.62109375
2018-06-20,126.9122543334961
2018-06-21,126.03877258300781
2018-06-22,126.21864318847656
2018-06-25,124.44654083251953
2018-06-26,124.73004150390625
2018-06-27,123.5693359375
2018-06-28,124.34015655517578
2018-06-29,124.42877960205078
2018-07-02,124.73004150390625
2018-07-03,124.41108703613281
2018-07-05,125.46549224853516
2018-07-06,126.51991271972656
2018-07-09,127.67176055908203
2018-07-10,127.99962615966797
2018-07-11,127.08695983886719
2018-07-12,128.1324462890625
2018-07-13,128.2122344970703
2018-07-16,128.00845336914062
2018-07-17,128.5932159423828
2018-07-18,128.87681579589844
2018-07-19,128.56666564941406
2018-07-20,128.3363037109375
2018-07-23,128.5401153564453
2018-07-24,128.82362365722656
2018-07-25,129.92234802246094
2018-07-26,129.7096710205078
2018-07-27,128.67300415039062
2018-07-30,127.8312759399414
2018-07-31,128.5577850341797
2018-08-01,128.40719604492188
2018-08-02,129.16920471191406
2018-08-03,129.60336303710938
2018-08-06,130.18814086914062
2018-08-07,130.61346435546875
2018-08-08,130.4894561767578
2018-08-09,130.40081787109375
2018-08-10,129.58566284179688
2018-08-13,129.0894317626953
2018-08-14,129.94004821777344
2018-08-15,128.9122314453125
2018-08-16,129.92234802246094
2018-08-17,130.40081787109375
2018-08-20,130.64891052246094
2018-08-21,131.13626098632812
2018-08-22,131.18057250976562
2018-08-23,130.92361450195312
2018-08-24,131.7387237548828
2018-08-27,132.68682861328125
2018-08-28,132.76657104492188
2018-08-29,133.46658325195312
2018-08-30,132.91720581054688
2018-08-31,132.9704132080078
2018-09-04,132.78428649902344
2018-09-05,132.3501434326172
2018-09-06,131.951416015625
2018-09-07,131.65017700195312
2018-09-10,131.93370056152344
2018-09-11,132.376708984375
2018-09-12,132.38560485839844
2018-09-13,133.0501251220703
2018-09-14,133.15647888183594
2018-09-17,132.31471252441406
2018-09-18,133.0235595703125
2018-09-19,133.041259765625
2018-09-20,134.069091796875
2018-09-21,133.93618774414062
2018-09-24,133.44886779785156
2018-09-25,133.37796020507812
2018-09-26,132.8640594482422
2018-09-27,133.17416381835938
2018-09-28,133.2311553955078
2018-10-01,133.43589782714844
2018-10-02,133.2400360107422
2018-10-03,133.41807556152344
2018-10-04,132.2874298095703
2018-10-05,131.4328155517578
2018-10-08,131.33485412597656
2018-10-09,131.10336303710938
2018-10-10,126.92794799804688
2018-10-11,124.22148895263672
2018-10-12,125.85956573486328
2018-10-15,125.2987289428711
2018-10-16,128.05856323242188
2018-10-17,128.02297973632812
2018-10-18,126.1711654663086
2018-10-19,125.84181213378906
2018-10-22,125.34322357177734
2018-10-23,124.60430145263672
2018-10-24,120.73155212402344
2018-10-25,123.00178527832031
2018-10-26,120.87400817871094
2018-10-29,120.206298828125
2018-10-30,122.08477020263672
2018-10-31,123.35789489746094
2018-11-01,124.75563049316406
2018-11-02,124.24818420410156
2018-11-05,124.85362243652344
2018-11-06,125.56576538085938
2018-11-07,128.12977600097656
2018-11-08,127.88054656982422
2018-11-09,126.57183837890625
2018-11-12,124.141357421875
2018-11-13,123.96326446533203
2018-11-14,123.05517578125
2018-11-15,124.44405364990234
2018-11-16,124.71112060546875
2018-11-19,122.54772186279297
2018-11-20,120.36649322509766
2018-11-21,120.9541015625
2018-11-23,120.30418395996094
2018-11-26,122.17384338378906
2018-11-27,122.32515716552734
2018-11-28,125.174072265625
2018-11-29,124.942626953125
2018-11-30,125.84181213378906
2018-12-03,127.3106918334961
2018-12-04,123.15310668945312
2018-12-06,123.00178527832031
2018-12-07,120.09945678710938
2018-12-10,120.23297882080078
2018-12-11,120.206298828125
2018-12-12,120.89180755615234
2018-12-13,120.5980224609375
2018-12-14,118.51475524902344
2018-12-17,115.986328125
2018-12-18,115.95072174072266
2018-12-19,114.17013549804688
2018-12-20,112.32725524902344
2018-12-21,109.94129943847656
2018-12-24,107.19297790527344
2018-12-26,112.35112762451172
2018-12-27,113.36305236816406
2018-12-28,113.2197494506836
2018-12-31,114.29438018798828
2019-01-02,114.3839340209961
2019-01-03,111.73320770263672
2019-01-04,115.43168640136719
2019-01-07,116.5958480834961
2019-01-08,117.79583740234375
2019-01-09,118.35106658935547
2019-01-10,118.93315124511719
2019-01-11,118.95999145507812
2019-01-14,118.2077865600586
2019-01-15,119.49732971191406
2019-01-16,119.83763885498047
2019-01-17,120.80477905273438
2019-01-18,122.37190246582031
2019-01-22,120.69728088378906
2019-01-23,120.82270812988281
2019-01-24,121.07337951660156
2019-01-25,122.21073150634766
2019-01-28,121.31522369384766
2019-01-29,121.14506530761719
2019-01-30,122.97191619873047
2019-01-31,124.05545043945312
2019-02-01,124.23458099365234
2019-02-04,125.12113189697266
2019-02-05,125.64058685302734
2019-02-06,125.51513671875
2019-02-07,124.32415771484375
2019-02-08,124.44951629638672
2019-02-11,124.70916748046875
2019-02-12,126.26741027832031
2019-02-13,126.66142272949219
2019-02-14,126.4375991821289
2019-02-15,127.82559967041016
2019-02-19,128.07638549804688
2019-02-20,128.34498596191406
2019-02-21,127.90621185302734
2019-02-22,128.74795532226562
2019-02-25,128.9359893798828
2019-02-26,128.69424438476562
2019-02-27,128.73898315429688
2019-02-28,128.4703369140625
2019-03-01,129.33006286621094
2019-03-04,128.7300567626953
2019-03-05,128.48829650878906
2019-03-06,127.51214599609375
2019-03-07,126.5181884765625
2019-03-08,126.2584228515625
2019-03-11,128.11216735839844
2019-03-12,128.5420379638672
2019-03-13,129.3658905029297
2019-03-14,129.2584228515625
2019-03-15,129.85841369628906
2019-03-18,130.34197998046875
2019-03-19,130.31515502929688
2019-03-20,129.77780151367188
2019-03-21,131.30020141601562
2019-03-22,128.55992126464844
2019-03-25,128.4717254638672
2019-03-26,129.46206665039062
2019-03-27,128.86782836914062
2019-03-28,129.43504333496094
2019-03-29,130.29042053222656
2019-04-01,131.80300903320312
2019-04-02,131.7939910888672
2019-04-03,132.10914611816406
2019-04-04,132.3882293701172
2019-04-05,133.05453491210938
2019-04-08,133.1715087890625
2019-04-09,132.37017822265625
2019-04-10,132.982421875
2019-04-11,132.97344970703125
2019-04-12,133.8647918701172
2019-04-15,133.75674438476562
2019-04-16,133.79278564453125
2019-04-17,133.29759216308594
2019-04-18,133.49562072753906
2019-04-22,133.5316619873047
2019-04-23,134.87322998046875
2019-04-24,134.693115234375
2019-04-25,134.46803283691406
2019-04-26,135.19735717773438
2019-04-29,135.39540100097656
2019-04-30,135.40438842773438
2019-05-01,134.3960418701172
2019-05-02,134.17092895507812
2019-05-03,135.62049865722656
2019-05-06,135.1883087158203
2019-05-07,132.85641479492188
2019-05-08,132.6403350830078
2019-05-09,132.21714782714844
2019-05-10,132.82937622070312
2019-05-13,129.4710693359375
2019-05-14,130.64154052734375
2019-05-15,131.4158477783203
2019-05-16,132.6043243408203
2019-05-17,131.66795349121094
2019-05-20,130.7315673828125
2019-05-21,132.0100860595703
2019-05-22,131.53289794921875
2019-05-23,129.85824584960938
2019-05-24,130.17335510253906
2019-05-28,129.02989196777344
2019-05-29,128.1475372314453
2019-05-30,128.39964294433594
2019-05-31,126.67095947265625
2019-06-03,126.41887664794922
2019-06-04,129.25494384765625
2019-06-05,130.2454071044922
2019-06-06,130.9746551513672
2019-06-07,132.16311645507812
2019-06-10,132.9014129638672
2019-06-11,132.77540588378906
2019-06-12,132.5952911376953
2019-06-13,133.20750427246094
2019-06-14,132.91944885253906
2019-06-17,133.01612854003906
2019-06-18,134.47109985351562
2019-06-19,134.93199157714844
2019-06-20,136.17002868652344
2019-06-21,136.18812561035156
2019-06-24,135.4290008544922
2019-06-25,134.14572143554688
2019-06-26,133.8927459716797
2019-06-27,134.69700622558594
2019-06-28,135.63687133789062
2019-07-01,136.5948028564453
2019-07-02,136.91110229492188
2019-07-03,137.9413299560547
2019-07-05,137.85997009277344
2019-07-08,137.11891174316406
2019-07-09,137.36293029785156
2019-07-10,137.92324829101562
2019-07-11,138.11302185058594
2019-07-12,138.8179473876953
2019-07-15,138.72750854492188
2019-07-16,138.3751220703125
2019-07-17,137.4623260498047
2019-07-18,137.9684295654297
2019-07-19,137.18222045898438
2019-07-22,137.5075225830078
2019-07-23,138.42929077148438
2019-07-24,139.27880859375
2019-07-25,138.5377655029297
2019-07-26,139.5408935546875
2019-07-29,139.20652770996094
2019-07-30,139.07090759277344
2019-07-31,137.552734375
2019-08-01,136.2784881591797
2019-08-02,135.1759796142578
2019-08-05,131.16357421875
2019-08-06,132.87149047851562
2019-08-07,133.01612854003906
2019-08-08,135.54647827148438
2019-08-09,134.5795440673828
2019-08-12,132.91671752929688
2019-08-13,134.8144989013672
2019-08-14,130.91957092285156
2019-08-15,131.16357421875
2019-08-16,133.15171813964844
2019-08-19,134.73316955566406
2019-08-20,133.70291137695312
2019-08-21,134.83253479003906
2019-08-22,134.71511840820312
2019-08-23,131.31716918945312
2019-08-26,132.64561462402344
2019-08-27,132.03111267089844
2019-08-28,132.97096252441406
2019-08-29,134.73316955566406
2019-08-30,134.68798828125
2019-09-03,133.81141662597656
2019-09-04,135.23919677734375
2019-09-05,137.046630859375
2019-09-06,137.07379150390625
2019-09-09,137.15512084960938
2019-09-10,137.2906494140625
2019-09-11,138.4112548828125
2019-09-12,138.82693481445312
2019-09-13,138.69137573242188
2019-09-16,138.4099578857422
2019-09-17,138.745849609375
2019-09-18,138.7277069091797
2019-09-19,138.6369171142578
2019-09-20,138.0286407470703
2019-09-23,138.10128784179688
2019-09-24,136.82125854492188
2019-09-25,137.68368530273438
2019-09-26,137.2660675048828
2019-09-27,136.4490203857422
2019-09-30,137.08447265625
2019-10-01,135.29603576660156
2019-10-02,133.0990447998047
2019-10-03,134.1793670654297
2019-10-04,135.93153381347656
2019-10-07,135.3958740234375
2019-10-08,133.20802307128906
2019-10-09,134.43357849121094
2019-10-10,135.29603576660156
2019-10-11,136.74859619140625
2019-10-14,136.6215057373047
2019-10-15,137.96510314941406
2019-10-16,137.7109375
2019-10-17,138.16482543945312
2019-10-18,137.61106872558594
2019-10-21,138.5098419189453
2019-10-22,138.09217834472656
2019-10-23,138.3736572265625
2019-10-24,138.7549285888672
2019-10-25,139.30874633789062
2019-10-28,140.15304565429688
2019-10-29,140.125732421875
2019-10-30,140.461669921875
2019-10-31,139.9713897705078
2019-11-01,141.46937561035156
2019-11-04,141.98683166503906
2019-11-05,141.85975646972656
2019-11-06,141.79623413085938
2019-11-07,142.27734375
2019-11-08,142.67677307128906
2019-11-11,142.39537048339844
2019-11-12,142.6405029296875
2019-11-13,142.7040557861328
2019-11-14,142.84933471679688
2019-11-15,143.93875122070312
2019-11-18,144.02041625976562
2019-11-19,144.0658416748047
2019-11-20,143.61187744140625
2019-11-21,143.248779296875
2019-11-22,143.5665283203125
2019-11-25,144.92825317382812
2019-11-26,145.23695373535156
2019-11-27,145.92689514160156
2019-11-29,145.2732696533203
2019-12-02,143.95687866210938
2019-12-03,143.10353088378906
2019-12-04,144.02952575683594
2019-12-05,144.23831176757812
2019-12-06,145.5183563232422
2019-12-09,145.0553741455078
2019-12-10,144.92825317382812
2019-12-11,145.2732696533203
2019-12-12,146.46255493164062
2019-12-13,146.46255493164062
2019-12-16,147.53378295898438
2019-12-17,147.5882568359375
2019-12-18,147.65179443359375
2019-12-19,148.2963409423828
2019-12-20,149.05897521972656
2019-12-23,149.14974975585938
2019-12-24,149.1826171875
2019-12-26,149.9036865234375
2019-12-27,149.7667694091797
2019-12-30,148.95437622070312
2019-12-31,149.34689331054688
2020-01-02,150.58827209472656
2020-01-03,149.6298828125
2020-01-06,150.14100646972656
2020-01-07,149.78504943847656
2020-01-08,150.52435302734375
2020-01-09,151.46453857421875
2020-01-10,151.0264129638672
2020-01-13,152.0578155517578
2020-01-14,151.97569274902344
2020-01-15,152.34991455078125
2020-01-16,153.6551513671875
2020-01-17,154.03851318359375
2020-01-21,153.70989990234375
2020-01-22,153.8012237548828
2020-01-23,153.97463989257812
2020-01-24,152.51417541503906
2020-01-27,150.22314453125
2020-01-28,151.67446899414062
2020-01-29,151.57406616210938
2020-01-30,151.93919372558594
2020-01-31,149.25563049316406
2020-02-03,150.57005310058594
2020-02-04,152.9431915283203
2020-02-05,154.44927978515625
2020-02-06,154.87823486328125
2020-02-07,153.9928741455078
2020-02-10,155.1246795654297
2020-02-11,155.5537109375
2020-02-12,156.5303497314453
2020-02-13,156.4664764404297
2020-02-14,156.7220458984375
2020-02-18,156.35694885253906
2020-02-19,157.1510772705078
2020-02-20,156.6763916015625
2020-02-21,155.06996154785156
2020-02-24,149.96759033203125
2020-02-25,145.3855438232422
2020-02-26,144.582275390625
2020-02-27,138.2476348876953
2020-02-28,137.31668090820312
2020-03-02,143.00320434570312
2020-03-03,139.31561279296875
2020-03-04,144.8834686279297
2020-03-05,140.05494689941406
2020-03-06,137.4535675048828
2020-03-09,126.4182357788086
2020-03-10,132.6889190673828
2020-03-11,125.97095489501953
2020-03-12,113.72162628173828
2020-03-13,124.0723648071289
2020-03-16,109.95188903808594
2020-03-17,115.46501159667969
2020-03-18,108.81092071533203
2020-03-19,109.6141586303711
2020-03-20,105.1416244506836
2020-03-23,102.1477279663086
2020-03-24,111.84130859375
2020-03-25,113.38388061523438
2020-03-26,120.2673110961914
2020-03-27,116.4330062866211
2020-03-30,119.96460723876953
2020-03-31,118.24928283691406
2020-04-01,112.79132080078125
2020-04-02,115.13960266113281
2020-04-03,113.17658233642578
2020-04-06,121.0928955078125
2020-04-07,121.23051452636719
2020-04-08,125.48677825927734
2020-04-09,127.83507537841797
2020-04-13,126.31231689453125
2020-04-14,130.1466827392578
2020-04-15,127.09205627441406
2020-04-16,127.68827056884766
2020-04-17,131.30242919921875
2020-04-20,129.17431640625
2020-04-21,125.16570281982422
2020-04-22,127.99101257324219
2020-04-23,128.0093231201172
2020-04-24,129.91734313964844
2020-04-27,132.2197265625
2020-04-28,131.8069610595703
2020-04-29,135.5403594970703
2020-04-30,133.77914428710938
2020-05-01,130.08245849609375
2020-05-04,130.57778930664062
2020-05-05,131.7886199951172
2020-05-06,131.06394958496094
2020-05-07,132.779296875
2020-05-08,135.27438354492188
2020-05-11,135.292724609375
2020-05-12,132.41236877441406
2020-05-13,129.752197265625
2020-05-14,131.146484375
2020-05-15,131.93536376953125
2020-05-18,136.3109130859375
2020-05-19,134.86158752441406
2020-05-20,137.35665893554688
2020-05-21,136.53106689453125
2020-05-22,136.91632080078125
2020-05-26,138.82431030273438
2020-05-27,141.01661682128906
2020-05-28,140.530517578125
2020-05-29,140.99835205078125
2020-06-01,141.95230102539062
2020-06-02,143.02554321289062
2020-06-03,145.25460815429688
2020-06-04,144.79598999023438
2020-06-05,148.51100158691406
2020-06-08,150.5290985107422
2020-06-09,149.15313720703125
2020-06-10,148.0431671142578
2020-06-11,139.3105010986328
2020-06-12,141.23681640625
2020-06-15,142.75035095214844
2020-06-16,145.49310302734375
2020-06-17,144.7867889404297
2020-06-18,144.9060516357422
2020-06-19,144.08956909179688
2020-06-22,145.08946228027344
2020-06-23,145.65821838378906
2020-06-24,141.70465087890625
2020-06-25,143.41856384277344
2020-06-26,140.08285522460938
2020-06-29,142.13775634765625
2020-06-30,144.23870849609375
2020-07-01,145.0772705078125
2020-07-02,145.65780639648438
2020-07-06,147.95228576660156
2020-07-07,146.4502410888672
2020-07-08,147.6481170654297
2020-07-09,146.7359161376953
2020-07-10,148.31161499023438
2020-07-13,146.70831298828125
2020-07-14,148.63414001464844
2020-07-15,150.47705078125
2020-07-16,149.8043975830078
2020-07-17,150.37570190429688
2020-07-20,151.52760314941406
2020-07-21,151.96067810058594
2020-07-22,152.753173828125
2020-07-23,151.08526611328125
2020-07-24,149.9149932861328
2020-07-27,151.20506286621094
2020-07-28,150.09925842285156
2020-07-29,152.08966064453125
2020-07-30,151.74876403808594
2020-07-31,152.5227508544922
2020-08-03,153.84971618652344
2020-08-04,154.4578857421875
2020-08-05,155.58209228515625
2020-08-06,156.3376922607422
2020-08-07,156.46669006347656
2020-08-10,156.89979553222656
2020-08-11,155.6373748779297
2020-08-12,157.7198944091797
2020-08-13,157.60009765625
2020-08-14,157.55404663085938
2020-08-17,158.22674560546875
2020-08-18,158.46629333496094
2020-08-19,157.84893798828125
2020-08-20,158.30043029785156
2020-08-21,158.6967010498047
2020-08-24,160.2170867919922
2020-08-25,160.75155639648438
2020-08-26,162.20748901367188
2020-08-27,162.59449768066406
2020-08-28,163.7279052734375
2020-08-31,163.35935974121094
2020-09-01,164.80604553222656
2020-09-02,167.0083770751953
2020-09-03,161.20310974121094
2020-09-04,159.830078125
2020-09-08,155.34249877929688
2020-09-09,158.38336181640625
2020-09-10,155.78480529785156
2020-09-11,155.84011840820312
2020-09-14,158.2727508544922
2020-09-15,159.17584228515625
2020-09-16,158.6505584716797
2020-09-17,157.34210205078125
2020-09-18,155.8124542236328
2020-09-21,153.9326171875
2020-09-22,155.46229553222656
2020-09-23,151.7118377685547
2020-09-24,152.03440856933594
2020-09-25,154.48080444335938
2020-09-28,157.2843017578125
2020-09-29,156.40530395507812
2020-09-30,157.5803985595703
2020-10-01,158.89425659179688
2020-10-02,157.6543731689453
2020-10-05,160.49490356445312
2020-10-06,158.514892578125
2020-10-07,161.28138732910156
2020-10-08,162.6970672607422
2020-10-09,164.06640625
2020-10-12,166.4998321533203
2020-10-13,165.62088012695312
2020-10-14,164.519775390625
2020-10-15,164.57528686523438
2020-10-16,164.27923583984375
2020-10-19,161.92906188964844
2020-10-20,162.49346923828125
2020-10-21,161.93829345703125
2020-10-22,163.08563232421875
2020-10-23,163.622314453125
2020-10-26,160.65225219726562
2020-10-27,160.00454711914062
2020-10-28,154.70285034179688
2020-10-29,156.1647491455078
2020-10-30,154.508544921875
2020-11-02,156.1184539794922
2020-11-03,159.1162872314453
2020-11-04,162.58604431152344
2020-11-05,165.94471740722656
2020-11-06,165.86143493652344
2020-11-09,167.8321990966797
2020-11-10,167.5546417236328
2020-11-11,168.91477966308594
2020-11-12,167.24928283691406
2020-11-13,169.6179656982422
2020-11-16,171.69053649902344
2020-11-17,171.30189514160156
2020-11-18,169.48843383789062
2020-11-19,170.4322052001953
2020-11-20,169.53468322753906
2020-11-23,170.922607421875
2020-11-24,173.5688018798828
2020-11-25,173.50404357910156
2020-11-27,174.11468505859375
2020-11-30,172.74533081054688
2020-12-01,174.93817138671875
2020-12-02,175.08619689941406
2020-12-03,175.43780517578125
2020-12-04,177.19581604003906
2020-12-07,177.00149536132812
2020-12-08,177.7694854736328
2020-12-09,176.02076721191406
2020-12-10,176.2798309326172
2020-12-11,175.96524047851562
2020-12-14,175.46560668945312
2020-12-15,177.87123107910156
2020-12-16,178.12106323242188
2020-12-17,179.5181884765625
2020-12-18,179.00933837890625
2020-12-21,178.49119567871094
2020-12-22,178.52818298339844
2020-12-23,178.83352661132812
2020-12-24,179.13265991210938
2020-12-28,180.26605224609375
2020-12-29,179.51356506347656
2020-12-30,179.9966583251953
2020-12-31,180.82347106933594
2021-01-04,178.25009155273438
2021-01-05,179.69004821777344
2021-01-06,181.3065643310547
2021-01-07,184.2144012451172
2021-01-08,185.10621643066406
2021-01-11,184.00071716308594
2021-01-12,184.6510009765625
2021-01-13,184.85536193847656
2021-01-14,184.67892456054688
2021-01-15,183.07168579101562
2021-01-19,184.74392700195312
2021-01-20,187.07577514648438
2021-01-21,186.9363555908203
2021-01-22,186.6298065185547
2021-01-25,187.1593475341797
2021-01-26,186.4811553955078
2021-01-27,182.0032958984375
2021-01-28,183.4340057373047
2021-01-29,180.21961975097656
2021-02-01,183.2946319580078
2021-02-02,185.92376708984375
2021-02-03,186.20249938964844
2021-02-04,188.56216430664062
2021-02-05,189.6212615966797
2021-02-08,191.32131958007812
2021-02-09,191.3956756591797
2021-02-10,191.3120574951172
2021-02-11,191.76722717285156
2021-02-12,192.76133728027344
2021-02-16,192.41757202148438
2021-02-17,192.01809692382812
2021-02-18,190.91258239746094
2021-02-19,191.3492431640625
2021-02-22,189.5283203125
2021-02-23,189.50047302246094
2021-02-24,191.62791442871094
2021-02-25,186.62054443359375
2021-02-26,185.87730407714844
2021-03-01,190.65245056152344
2021-03-02,188.8594207763672
2021-03-03,186.13742065429688
2021-03-04,183.19248962402344
2021-03-05,186.49974060058594
2021-03-08,185.58934020996094
2021-03-09,188.46922302246094
2021-03-10,189.8163299560547
2021-03-11,192.2967987060547
2021-03-12,192.67770385742188
2021-03-15,194.02476501464844
2021-03-16,193.24441528320312
2021-03-17,193.97830200195312
2021-03-18,190.4480438232422
2021-03-19,190.6896209716797
2021-03-22,191.72079467773438
2021-03-23,189.53762817382812
2021-03-24,187.96762084960938
2021-03-25,189.3582763671875
2021-03-26,192.45291137695312
2021-03-29,191.5487823486328
2021-03-30,191.49282836914062
2021-03-31,192.657958984375
2021-04-01,195.0721435546875
2021-04-05,197.34645080566406
2021-04-06,197.42111206054688
2021-04-07,197.25328063964844
2021-04-08,198.39979553222656
2021-04-09,199.6021728515625
2021-04-12,199.65811157226562
2021-04-13,200.21739196777344
2021-04-14,199.76992797851562
2021-04-15,201.89520263671875
2021-04-16,202.4078369140625
2021-04-19,201.08425903320312
2021-04-20,199.23867797851562
2021-04-21,201.61553955078125
2021-04-22,200.040283203125
2021-04-23,202.4637908935547
2021-04-26,203.20013427734375
2021-04-27,203.10691833496094
2021-04-28,203.0789794921875
2021-04-29,203.8526611328125
2021-04-30,202.3612518310547
2021-05-03,202.71543884277344
2021-05-04,201.19610595703125
2021-05-05,201.15884399414062
2021-05-06,202.1841583251953
2021-05-07,203.8992462158203
2021-05-10,201.503662109375
2021-05-11,199.8818359375
2021-05-12,195.37977600097656
2021-05-13,197.532958984375
2021-05-14,200.90716552734375
2021-05-17,200.4783477783203
2021-05-18,198.9123992919922
2021-05-19,198.3345489501953
2021-05-20,200.48770141601562
2021-05-21,200.37586975097656
2021-05-24,202.39857482910156
2021-05-25,201.83924865722656
2021-05-26,202.56631469726562
2021-05-27,202.9391326904297
2021-05-28,203.2840118408203
2021-06-01,203.36795043945312
2021-06-02,203.63824462890625
2021-06-03,202.73411560058594
2021-06-04,204.49578857421875
2021-06-07,204.66358947753906
2021-06-08,205.0830078125
2021-06-09,204.5050811767578
2021-06-10,205.40924072265625
2021-06-11,206.01513671875
2021-06-14,206.33203125
2021-06-15,205.7914276123047
2021-06-16,204.76605224609375
2021-06-17,204.57034301757812
2021-06-18,202.0349884033203
2021-06-21,204.82200622558594
2021-06-22,205.9871368408203
2021-06-23,205.90325927734375
2021-06-24,207.30108642578125
2021-06-25,208.07708740234375
2021-06-28,208.31082153320312
2021-06-29,208.32015991210938
2021-06-30,208.3295440673828
2021-07-01,209.46083068847656
2021-07-02,210.6201629638672
2021-07-06,210.1620635986328
2021-07-07,210.4425506591797
2021-07-08,208.66612243652344
2021-07-09,211.19049072265625
2021-07-12,211.779541015625
2021-07-13,210.6014862060547
2021-07-14,210.31163024902344
2021-07-15,209.572998046875
2021-07-16,207.927490234375
2021-07-19,204.97296142578125
2021-07-20,208.51649475097656
2021-07-21,210.38644409179688
2021-07-22,210.5640411376953
2021-07-23,212.66778564453125
2021-07-26,213.09783935546875
2021-07-27,211.9478302001953
2021-07-28,212.27505493164062
2021-07-29,213.21005249023438
2021-07-30,211.9478302001953
2021-08-02,211.64865112304688
2021-08-03,213.1632843017578
2021-08-04,212.20960998535156
2021-08-05,213.72427368164062
2021-08-06,213.98606872558594
2021-08-09,213.9019012451172
2021-08-10,214.04217529296875
2021-08-11,214.46295166015625
2021-08-12,215.06126403808594
2021-08-13,215.18283081054688
2021-08-16,215.2669677734375
2021-08-17,213.6681365966797
2021-08-18,211.53646850585938
2021-08-19,211.3774871826172
2021-08-20,213.2754669189453
2021-08-23,215.34173583984375
2021-08-24,216.10842895507812
2021-08-25,216.7255096435547
2021-08-26,215.27630615234375
2021-08-27,217.59506225585938
2021-08-30,218.41783142089844
2021-08-31,218.00643920898438
2021-09-01,218.3897705078125
2021-09-02,219.12838745117188
2021-09-03,219.0535888671875
2021-09-07,218.10928344726562
2021-09-08,217.59506225585938
2021-09-09,216.83773803710938
2021-09-10,215.1173553466797
2021-09-13,215.6035919189453
2021-09-14,214.3040008544922
2021-09-15,216.071044921875
2021-09-16,215.8747100830078
2021-09-17,214.14500427246094
2021-09-20,210.43319702148438
2021-09-21,210.41445922851562
2021-09-22,212.536865234375
2021-09-23,215.12673950195312
2021-09-24,215.3837127685547
2021-09-27,214.91477966308594
2021-09-28,210.4127655029297
2021-09-29,210.55343627929688
2021-09-30,208.27427673339844
2021-10-01,211.14430236816406
2021-10-04,207.9647979736328
2021-10-05,209.90623474121094
2021-10-06,210.77853393554688
2021-10-07,212.80445861816406
2021-10-08,212.33547973632812
2021-10-11,210.80670166015625
2021-10-12,210.65660095214844
2021-10-13,211.61326599121094
2021-10-14,215.13046264648438
2021-10-15,216.4060516357422
2021-10-18,217.19390869140625
2021-10-19,218.7789764404297
2021-10-20,219.63250732421875
2021-10-21,220.2327423095703
2021-10-22,219.81068420410156
2021-10-25,221.1613006591797
2021-10-26,221.07687377929688
2021-10-27,219.56683349609375
2021-10-28,221.91162109375
2021-10-29,222.20240783691406
2021-11-01,223.3091278076172
2021-11-02,224.00318908691406
2021-11-03,225.58828735351562
2021-11-04,226.44178771972656
2021-11-05,227.31402587890625
2021-11-08,227.68923950195312
2021-11-09,227.03265380859375
2021-11-10,224.80038452148438
2021-11-11,225.0724334716797
2021-11-12,226.741943359375
2021-11-15,226.741943359375
2021-11-16,227.7173614501953
2021-11-17,226.77944946289062
2021-11-18,227.13587951660156
2021-11-19,226.4886474609375
2021-11-22,225.4007110595703
2021-11-23,225.47573852539062
2021-11-24,226.2354736328125
2021-11-26,221.33946228027344
2021-11-29,223.42169189453125
2021-11-30,218.9571533203125
2021-12-01,215.87142944335938
2021-12-02,219.3792724609375
2021-12-03,216.83749389648438
2021-12-06,219.62310791015625
2021-12-07,224.32211303710938
2021-12-08,225.28811645507812
2021-12-09,223.1403045654297
2021-12-10,224.65972900390625
2021-12-13,222.61509704589844
2021-12-14,220.94557189941406
2021-12-15,224.35023498535156
2021-12-16,221.8365936279297
2021-12-17,220.8236541748047
2021-12-20,217.7191619873047
2021-12-21,221.9866485595703
2021-12-22,224.18138122558594
2021-12-23,225.7289581298828
2021-12-27,228.6930389404297
2021-12-28,228.222412109375
2021-12-29,228.35418701171875
2021-12-30,227.987060546875
2021-12-31,227.26226806640625
2022-01-03,228.70245361328125
2022-01-04,228.26947021484375
2022-01-05,223.318359375
2022-01-06,223.26185607910156
2022-01-07,222.24526977539062
2022-01-10,221.8593292236328
2022-01-11,224.0713653564453
2022-01-12,224.4196319580078
2022-01-13,221.13458251953125
2022-01-14,221.2193145751953
2022-01-18,216.91766357421875
2022-01-19,214.6397247314453
2022-01-20,212.13595581054688
2022-01-21,207.93785095214844
2022-01-24,209.2744598388672
2022-01-25,206.3470458984375
2022-01-26,205.5469970703125
2022-01-27,204.02212524414062
2022-01-28,209.048583984375
2022-01-31,213.4914093017578
2022-02-01,215.11981201171875
2022-02-02,216.54112243652344
2022-02-03,211.39234924316406
2022-02-04,212.79486083984375
2022-02-07,212.25831604003906
2022-02-08,214.206787109375
2022-02-09,217.68951416015625
2022-02-10,213.9996795654297
2022-02-11,209.8486785888672
2022-02-14,209.07679748535156
2022-02-15,212.79486083984375
2022-02-16,212.99249267578125
2022-02-17,208.1543426513672
2022-02-18,206.48826599121094
2022-02-22,204.11624145507812
2022-02-23,200.360595703125
2022-02-24,203.87152099609375
2022-02-25,208.4085235595703
2022-02-28,208.1825714111328
2022-03-01,204.93515014648438
2022-03-02,208.82264709472656
2022-03-03,207.2318878173828
2022-03-04,205.16110229492188
2022-03-07,198.835693359375
2022-03-08,197.71556091308594
2022-03-09,203.20323181152344
2022-03-10,202.2901611328125
2022-03-11,199.5416717529297
2022-03-14,197.5743865966797
2022-03-15,201.6971893310547
2022-03-16,206.74246215820312
2022-03-17,209.50975036621094
2022-03-18,211.9570770263672
2022-03-21,211.7594451904297
2022-03-22,214.35733032226562
2022-03-23,211.43783569335938
2022-03-24,214.44989013671875
2022-03-25,215.3657989501953
2022-03-28,216.7632293701172
2022-03-29,220.049072265625
2022-03-30,218.26451110839844
2022-03-31,214.9691925048828
2022-04-01,215.82843017578125
2022-04-04,217.6602325439453
2022-04-05,214.4781951904297
2022-04-06,212.0138397216797
2022-04-07,212.81642150878906
2022-04-08,212.1554412841797
2022-04-11,208.8412322998047
2022-04-12,208.19920349121094
2022-04-13,210.927978515625
2022-04-14,208.35971069335938
2022-04-18,208.00091552734375
2022-04-19,211.66448974609375
2022-04-20,211.3906707763672
2022-04-21,207.934814453125
2022-04-22,202.26954650878906
2022-04-25,203.37429809570312
2022-04-26,197.5767822265625
2022-04-27,197.9639129638672
2022-04-28,202.78887939453125
2022-04-29,195.3389892578125
2022-05-02,196.8119659423828
2022-05-03,197.74673461914062
2022-05-04,203.54421997070312
2022-05-05,196.0377197265625
2022-05-06,194.46090698242188
2022-05-09,187.56809997558594
2022-05-10,187.94580078125
2022-05-11,184.546630859375
2022-05-12,184.7449188232422
2022-05-13,189.69261169433594
2022-05-16,188.75784301757812
2022-05-17,192.7895965576172
2022-05-18,185.24537658691406
2022-05-19,184.42388916015625
2022-05-20,184.42388916015625
2022-05-23,187.5775604248047
2022-05-24,185.69857788085938
2022-05-25,187.76641845703125
2022-05-26,191.60934448242188
2022-05-27,196.4626007080078
2022-05-31,194.84800720214844
2022-06-01,193.5638885498047
2022-06-02,197.51071166992188
2022-06-03,194.35704040527344
2022-06-06,194.93299865722656
2022-06-07,197.04803466796875
2022-06-08,194.83856201171875
2022-06-09,190.17417907714844
2022-06-10,184.52774047851562
2022-06-13,176.992919921875
2022-06-14,176.4924774169922
2022-06-15,179.0607452392578
2022-06-16,172.81007385253906
2022-06-17,173.4615478515625
2022-06-21,177.663330078125
2022-06-22,177.635009765625
2022-06-23,179.24563598632812
2022-06-24,185.03782653808594
2022-06-27,184.4690704345703
2022-06-28,180.66763305664062
2022-06-29,180.36422729492188
2022-06-30,178.8095703125
2022-07-01,180.69607543945312
2022-07-05,181.3406524658203
2022-07-06,181.70091247558594
2022-07-07,184.69654846191406
2022-07-08,184.5069580078125
2022-07-11,182.17489624023438
2022-07-12,180.6012420654297
2022-07-13,179.81442260742188
2022-07-14,179.01808166503906
2022-07-15,182.4972381591797
2022-07-18,181.23638916015625
2022-07-19,186.29864501953125
2022-07-20,187.80592346191406
2022-07-21,189.66403198242188
2022-07-22,187.6068572998047
2022-07-25,187.86282348632812
2022-07-26,185.54025268554688
2022-07-27,190.41294860839844
2022-07-28,192.89666748046875
2022-07-29,195.52256774902344
2022-08-01,195.06753540039062
2022-08-02,194.01527404785156
2022-08-03,197.13417053222656
2022-08-04,196.944580078125
2022-08-05,196.87820434570312
2022-08-08,197.0583038330078
2022-08-09,195.8164825439453
2022-08-10,200.28150939941406
2022-08-11,200.2909698486328
2022-08-12,203.76058959960938
2022-08-15,204.55691528320312
2022-08-16,204.9929962158203
2022-08-17,203.1538848876953
2022-08-18,203.6847686767578
2022-08-19,200.77442932128906
2022-08-22,196.4800567626953
2022-08-23,196.11033630371094
2022-08-24,196.9351043701172
2022-08-25,199.78854370117188
2022-08-26,193.17156982421875
2022-08-29,191.75906372070312
2022-08-30,189.62606811523438
2022-08-31,188.23252868652344
2022-09-01,188.3463134765625
2022-09-02,186.47879028320312
2022-09-06,185.7203826904297
2022-09-07,189.15208435058594
2022-09-08,190.64991760253906
2022-09-09,193.8162078857422
2022-09-12,195.90176391601562
2022-09-13,187.48367309570312
2022-09-14,188.21359252929688
2022-09-15,186.20384216308594
2022-09-16,184.5069580078125
2022-09-19,185.81517028808594
2022-09-20,183.6537628173828
2022-09-21,180.5159149169922
2022-09-22,178.49668884277344
2022-09-23,175.41790771484375
2022-09-26,173.4948272705078
2022-09-27,173.23777770996094
2022-09-28,176.88401794433594
2022-09-29,173.20921325683594
2022-09-30,170.8577423095703
2022-10-03,175.1989288330078
2022-10-04,180.82534790039062
2022-10-05,180.4826202392578
2022-10-06,178.75946044921875
2022-10-07,173.6471710205078
2022-10-10,172.26675415039062
2022-10-11,171.1623992919922
2022-10-12,170.69595336914062
2022-10-13,174.932373046875
2022-10-14,170.81015014648438
2022-10-17,175.37030029296875
2022-10-18,177.5123291015625
2022-10-19,175.99862670898438
2022-10-20,174.4754180908203
2022-10-21,178.49290466308594
2022-10-24,180.41598510742188
2022-10-25,183.68138122558594
2022-10-26,182.5484619140625
2022-10-27,181.69166564941406
2022-10-28,185.91860961914062
2022-10-31,184.7190704345703
2022-11-01,184.14784240722656
2022-11-02,179.30210876464844
2022-11-03,177.58847045898438
2022-11-04,179.87330627441406
2022-11-07,181.51080322265625
2022-11-08,182.4628143310547
2022-11-09,178.53099060058594
2022-11-10,188.63182067871094
2022-11-11,190.554931640625
2022-11-14,188.831787109375
2022-11-15,190.7453155517578
2022-11-16,188.80320739746094
2022-11-17,188.01300048828125
2022-11-18,188.89840698242188
2022-11-21,188.09873962402344
2022-11-22,190.564453125
2022-11-23,191.72586059570312
2022-11-25,191.86868286132812
2022-11-28,188.75558471679688
2022-11-29,188.46046447753906
2022-11-30,194.26776123046875
2022-12-01,194.3819580078125
2022-12-02,194.20111083984375
2022-12-05,190.38351440429688
2022-12-06,187.52752685546875
2022-12-07,187.22288513183594
2022-12-08,188.84127807617188
2022-12-09,187.2609405517578
2022-12-12,189.95513916015625
2022-12-13,191.37364196777344
2022-12-14,190.30740356445312
2022-12-15,185.56639099121094
2022-12-16,183.44338989257812
2022-12-19,181.59645080566406
2022-12-20,181.97726440429688
2022-12-21,184.72857666015625
2022-12-22,182.10841369628906
2022-12-23,183.11289978027344
2022-12-27,182.34762573242188
2022-12-28,180.0517578125
2022-12-29,183.36160278320312
2022-12-30,182.89288330078125
2023-01-03,182.14671325683594
2023-01-04,183.76341247558594
2023-01-05,181.6110382080078
2023-01-06,185.61915588378906
2023-01-09,185.69569396972656
2023-01-10,187.1593017578125
2023-01-11,189.62733459472656
2023-01-12,190.54571533203125
2023-01-13,191.35877990722656
2023-01-17,191.10055541992188
2023-01-18,188.08721923828125
2023-01-19,186.55665588378906
2023-01-20,190.13433837890625
2023-01-23,192.54501342773438
2023-01-24,192.22933959960938
2023-01-25,192.3249969482422
2023-01-26,194.30511474609375
2023-01-27,195.08956909179688
2023-01-30,192.47805786132812
2023-01-31,195.55828857421875
2023-02-01,197.94021606445312
2023-02-02,200.89614868164062
2023-02-03,198.82029724121094
2023-02-06,197.32798767089844
2023-02-07,199.815185546875
2023-02-08,197.6819610595703
2023-02-09,195.75917053222656
2023-02-10,196.1131134033203
2023-02-13,198.44725036621094
2023-02-14,198.5237579345703
2023-02-15,199.4133758544922
2023-02-16,196.7540283203125
2023-02-17,196.18006896972656
2023-02-21,192.114501953125
2023-02-22,191.95187377929688
2023-02-23,192.97547912597656
2023-02-24,190.82308959960938
2023-02-27,191.50228881835938
2023-02-28,190.86138916015625
2023-03-01,191.32054138183594
2023-03-02,191.61708068847656
2023-03-03,194.73561096191406
2023-03-06,194.477294921875
2023-03-07,191.57884216308594
2023-03-08,191.82754516601562
2023-03-09,188.0393829345703
2023-03-10,184.87301635742188
2023-03-13,184.10777282714844
2023-03-14,187.38893127441406
2023-03-15,185.9444580078125
2023-03-16,189.15863037109375
2023-03-17,186.7192840576172
2023-03-20,188.34552001953125
2023-03-21,191.03355407714844
2023-03-22,187.61849975585938
2023-03-23,187.96041870117188
2023-03-24,189.14175415039062
2023-03-27,189.6219940185547
2023-03-28,189.3531036376953
2023-03-29,192.0807342529297
2023-03-30,193.11802673339844
2023-03-31,196.02818298339844
2023-04-03,196.5468292236328
2023-04-04,195.2310333251953
2023-04-05,194.5203094482422
2023-04-06,195.16378784179688
2023-04-10,195.60562133789062
2023-04-11,195.8072967529297
2023-04-12,194.98130798339844
2023-04-13,197.5168914794922
2023-04-14,196.9694366455078
2023-04-17,197.7570037841797
2023-04-18,197.8530731201172
2023-04-19,197.94911193847656
2023-04-20,196.71971130371094
2023-04-21,196.89259338378906
2023-04-24,196.9694366455078
2023-04-25,193.68472290039062
2023-04-26,192.81069946289062
2023-04-27,196.4315948486328
2023-04-28,198.1411895751953
2023-05-01,198.04513549804688
2023-05-02,195.62478637695312
2023-05-03,194.48190307617188
2023-05-04,193.03158569335938
2023-05-05,196.59486389160156
2023-05-08,196.8061981201172
2023-05-09,195.99940490722656
2023-05-10,196.86378479003906
2023-05-11,196.60447692871094
2023-05-12,196.14344787597656
2023-05-15,196.9790496826172
2023-05-16,195.45193481445312
2023-05-17,197.98751831054688
2023-05-18,199.95645141601562
2023-05-19,199.4762420654297
2023-05-22,199.82200622558594
2023-05-23,197.70899963378906
2023-05-24,196.18186950683594
2023-05-25,197.5168914794922
2023-05-26,200.11973571777344
2023-05-30,200.1869354248047
2023-05-31,198.9863739013672
2023-06-01,200.9745330810547
2023-06-02,204.29769897460938
2023-06-05,203.75982666015625
2023-06-06,204.69143676757812
2023-06-07,204.28810119628906
2023-06-08,205.24853515625
2023-06-09,205.46942138671875
2023-06-12,207.31350708007812
2023-06-13,208.84063720703125
2023-06-14,208.84063720703125
2023-06-15,211.38580322265625
2023-06-16,210.58863830566406
2023-06-20,209.55136108398438
2023-06-21,208.39881896972656
2023-06-22,208.9558868408203
2023-06-23,207.2272186279297
2023-06-26,206.50411987304688
2023-06-27,209.02049255371094
2023-06-28,209.19400024414062
2023-06-29,210.1967010498047
2023-06-30,212.37559509277344
2023-07-03,213.0119171142578
2023-07-05,212.36595153808594
2023-07-06,210.47625732421875
2023-07-07,210.21597290039062
2023-07-10,211.1319122314453
2023-07-11,212.79014587402344
2023-07-12,214.41952514648438
2023-07-13,216.23207092285156
2023-07-14,215.9138946533203
2023-07-17,216.7333984375
2023-07-18,218.45916748046875
2023-07-19,219.02801513671875
2023-07-20,217.44683837890625
2023-07-21,217.42755126953125
2023-07-24,218.19886779785156
2023-07-25,218.7484130859375
2023-07-26,218.9123077392578
2023-07-27,217.22511291503906
2023-07-28,219.49078369140625
2023-07-31,220.15602111816406
2023-08-01,219.55825805664062
2023-08-02,216.44415283203125
2023-08-03,215.81752014160156
2023-08-04,214.90158081054688
2023-08-07,216.5502166748047
2023-08-08,215.54757690429688
2023-08-09,214.0049285888672
2023-08-10,214.04351806640625
2023-08-11,213.841064453125
2023-08-14,214.90158081054688
2023-08-15,212.4623565673828
2023-08-16,210.70770263671875
2023-08-17,208.98191833496094
2023-08-18,209.22293090820312
2023-08-21,210.42807006835938
2023-08-22,209.868896484375
2023-08-23,212.1634979248047
2023-08-24,209.31935119628906
2023-08-25,210.7462158203125
2023-08-28,212.09597778320312
2023-08-29,215.18118286132812
2023-08-30,216.13565063476562
2023-08-31,215.90426635742188
2023-09-01,216.61770629882812
2023-09-05,215.32579040527344
2023-09-06,213.97601318359375
2023-09-07,213.2432861328125
2023-09-08,213.47470092773438
2023-09-11,214.81480407714844
2023-09-12,213.7735595703125
2023-09-13,213.802490234375
2023-09-14,215.63430786132812
2023-09-15,213.0986785888672
2023-09-18,213.1179656982422
2023-09-19,212.57806396484375
2023-09-20,210.69805908203125
2023-09-21,207.16416931152344
2023-09-22,206.72872924804688
2023-09-25,207.56089782714844
2023-09-26,204.5708770751953
2023-09-27,204.7837677001953
2023-09-28,206.1384735107422
2023-09-29,205.53851318359375
2023-10-02,205.267578125
2023-10-03,202.28721618652344
2023-10-04,203.7483367919922
2023-10-05,203.64195251464844
2023-10-06,206.07073974609375
2023-10-09,207.3673858642578
2023-10-10,208.65435791015625
2023-10-11,209.47683715820312
2023-10-12,207.79315185546875
2023-10-13,206.62229919433594
2023-10-16,209.02206420898438
2023-10-17,209.29299926757812
2023-10-18,206.196533203125
2023-10-19,204.25155639648438
2023-10-20,201.72598266601562
2023-10-23,201.17440795898438
2023-10-24,202.69363403320312
2023-10-25,199.68423461914062
2023-10-26,197.6134490966797
2023-10-27,196.54905700683594
2023-10-30,198.8133544921875
2023-10-31,200.10032653808594
2023-11-01,202.10337829589844
2023-11-02,206.11911010742188
2023-11-03,208.4414825439453
2023-11-06,208.528564453125
2023-11-07,209.14784240722656
2023-11-08,209.11883544921875
2023-11-09,207.3383331298828
2023-11-10,210.42515563964844
2023-11-13,210.29934692382812
2023-11-14,214.96340942382812
2023-11-15,215.49562072753906
2023-11-16,215.35047912597656
2023-11-17,215.8923797607422
2023-11-20,217.51803588867188
2023-11-21,216.92774963378906
2023-11-22,217.85670471191406
2023-11-24,218.08895874023438
2023-11-27,217.80833435058594
2023-11-28,217.9438018798828
2023-11-29,218.04054260253906
2023-11-30,218.9404754638672
2023-12-01,220.78866577148438
2023-12-04,219.99520874023438
2023-12-05,219.56944274902344
2023-12-06,218.6405029296875
2023-12-07,220.39193725585938
2023-12-08,221.4467010498047
2023-12-11,222.3562774658203
2023-12-12,223.19815063476562
2023-12-13,226.66232299804688
2023-12-14,228.0073699951172
2023-12-15,227.6977081298828
2023-12-18,228.68470764160156
2023-12-19,230.35870361328125
2023-12-20,226.923583984375
2023-12-21,229.43276977539062
2023-12-22,229.9575653076172
2023-12-26,231.09454345703125
2023-12-27,231.53187561035156
2023-12-28,231.4152374267578
2023-12-29,230.53091430664062
2024-01-02,228.98577880859375
2024-01-03,226.7895050048828
2024-01-04,226.20639038085938
2024-01-05,226.5465087890625
2024-01-08,229.7826385498047
2024-01-09,229.3550262451172
2024-01-10,230.5406036376953
2024-01-11,230.38516235351562
2024-01-12,230.4240264892578
2024-01-16,229.3550262451172
2024-01-17,227.97508239746094
2024-01-18,229.98670959472656
2024-01-19,232.78550720214844
2024-01-22,233.79615783691406
2024-01-23,234.22378540039062
2024-01-24,234.1848907470703
2024-01-25,235.4871063232422
2024-01-26,235.2927703857422
2024-01-29,237.4307403564453
2024-01-30,237.10028076171875
2024-01-31,233.10618591308594
2024-02-01,236.24513244628906
2024-02-02,238.26646423339844
2024-02-05,237.13916015625
2024-02-06,237.9457550048828
2024-02-07,239.82135009765625
2024-02-08,240.41415405273438
2024-02-09,241.881591796875
2024-02-12,242.1147918701172
2024-02-13,238.2373046875
2024-02-14,240.87091064453125
2024-02-15,242.72705078125
2024-02-16,241.45399475097656
2024-02-20,239.93795776367188
2024-02-21,239.98654174804688
2024-02-22,244.7289581298828
2024-02-23,244.89418029785156
2024-02-26,244.1555938720703
2024-02-27,244.8358612060547
2024-02-28,244.42771911621094
2024-02-29,245.45779418945312
2024-03-01,247.71237182617188
2024-03-04,247.46945190429688
2024-03-05,244.84556579589844
2024-03-06,246.29354858398438
2024-03-07,248.6939239501953
2024-03-08,247.255615234375
2024-03-11,246.85719299316406
2024-03-12,249.2964324951172
2024-03-13,248.98544311523438
2024-03-14,248.0233917236328
2024-03-15,246.55593872070312
2024-03-18,247.8095703125
2024-03-19,249.23812866210938
2024-03-20,251.7648162841797
2024-03-21,252.8046417236328
2024-03-22,252.0937042236328
2024-03-25,251.52809143066406
2024-03-26,251.07948303222656
2024-03-27,253.29322814941406
2024-03-28,253.45899963378906
2024-04-01,253.26397705078125
2024-04-02,250.92340087890625
2024-04-03,251.3135223388672
2024-04-04,248.30010986328125
2024-04-05,250.806396484375
2024-04-08,251.09898376464844
2024-04-09,251.45980834960938
2024-04-10,248.6511993408203
2024-04-11,250.3383026123047
2024-04-12,246.72999572753906
2024-04-15,243.69708251953125
2024-04-16,242.9656524658203
2024-04-17,241.54183959960938
2024-04-18,241.0444793701172
2024-04-19,239.15255737304688
2024-04-22,241.50283813476562
2024-04-23,244.3797149658203
2024-04-24,244.43821716308594
2024-04-25,243.27774047851562
2024-04-26,245.54025268554688
2024-04-29,246.5056915283203
2024-04-30,242.4488067626953
2024-05-01,241.84414672851562
2024-05-02,244.3504638671875
2024-05-03,247.24685668945312
2024-05-06,249.8994598388672
2024-05-07,250.12376403808594
2024-05-08,249.9481964111328
2024-05-09,251.42079162597656
2024-05-10,251.6548309326172
2024-05-13,251.7913818359375
2024-05-14,253.02015686035156
2024-05-15,256.1310729980469
2024-05-16,255.4386749267578
2024-05-17,255.79949951171875
2024-05-20,256.0628356933594
2024-05-21,256.5894775390625
2024-05-22,255.72149658203125
2024-05-23,253.54673767089844
2024-05-24,255.38011169433594
2024-05-28,255.38011169433594
2024-05-29,253.2834930419922
2024-05-30,252.04495239257812
2024-05-31,253.98561096191406
2024-06-03,254.0635986328125
2024-06-04,254.03436279296875
2024-06-05,257.1452941894531
2024-06-06,256.9210205078125
2024-06-07,256.4334411621094
2024-06-10,257.29156494140625
2024-06-11,257.7304382324219
2024-06-12,260.1587219238281
2024-06-13,260.2757873535156
2024-06-14,260.0806884765625
2024-06-17,262.0603942871094
2024-06-18,262.7235107421875
2024-06-20,262.0603942871094
2024-06-21,261.66058349609375
2024-06-24,261.2217102050781
2024-06-25,262.0798645019531
2024-06-26,262.0701599121094
2024-06-27,262.7040100097656
2024-06-28,261.80560302734375
2024-07-01,262.3341064453125
2024-07-02,263.8510437011719
2024-07-03,264.9373474121094
2024-07-05,266.3172912597656
2024-07-08,266.679443359375
2024-07-09,266.6109313964844
2024-07-10,269.19464111328125
2024-07-11,267.9908752441406
2024-07-12,269.76226806640625
2024-07-15,270.9171142578125
2024-07-16,273.1484375
2024-07-17,269.2925109863281
2024-07-18,266.9436950683594
2024-07-19,265.2799072265625
2024-07-22,268.0495910644531
2024-07-23,267.8538513183594
2024-07-24,261.8251953125
2024-07-25,260.8171691894531
2024-07-26,263.9391174316406
2024-07-29,263.9587097167969
2024-07-30,262.86260986328125
2024-07-31,266.75775146484375
2024-08-01,262.5787658691406
2024-08-02,257.2939147949219
2024-08-05,249.73854064941406
2024-08-06,252.2733154296875
2024-08-07,250.34530639648438
2024-08-08,256.2076110839844
2024-08-09,257.3135070800781
2024-08-12,257.1471252441406
2024-08-13,261.4239501953125
2024-08-14,262.167724609375
2024-08-15,266.70880126953125
2024-08-16,267.344970703125
2024-08-19,269.8699035644531
2024-08-20,269.2142028808594
2024-08-21,270.5647888183594
2024-08-22,268.274658203125
2024-08-23,271.6706848144531
2024-08-26,270.9856262207031
2024-08-27,271.23028564453125
2024-08-28,269.5763244628906
2024-08-29,269.8405456542969
2024-08-30,272.4438781738281
2024-09-03,266.5815734863281
2024-09-04,265.9845886230469
2024-09-05,265.1624755859375
2024-09-06,260.75848388671875
2024-09-09,263.54766845703125
2024-09-10,264.5752868652344
2024-09-11,267.20794677734375
2024-09-12,269.42950439453125
2024-09-13,271.3085632324219
2024-09-16,271.8468322753906
2024-09-17,272.1208801269531
2024-09-18,271.435791015625
2024-09-19,276.03558349609375
2024-09-20,275.4581604003906
2024-09-23,276.1432189941406
2024-09-24,276.8381042480469
2024-09-25,275.92791748046875
2024-09-26,277.16107177734375
2024-09-27,276.88714599609375
2024-09-30,277.976806640625
2024-10-01,275.4440612792969
2024-10-02,275.5029602050781
2024-10-03,274.9139709472656
2024-10-04,277.5743408203125
2024-10-07,275.0415954589844
2024-10-08,277.3583679199219
2024-10-09,279.29229736328125
2024-10-10,278.71307373046875
2024-10-11,280.872802734375
2024-10-14,283.06201171875
2024-10-15,281.1182556152344
2024-10-16,282.5515441894531
2024-10-17,282.4926452636719
2024-10-18,283.6019592285156
2024-10-21,282.7086181640625
2024-10-22,282.3846435546875
2024-10-23,279.8322448730469
2024-10-24,280.57830810546875
2024-10-25,280.31329345703125
2024-10-28,281.4520568847656
2024-10-29,281.8250732421875
2024-10-30,281.1280822753906
2024-10-31,275.8858642578125
2024-11-01,277.0638732910156
2024-11-04,276.5632019042969
2024-11-05,280.0776672363281
2024-11-06,287.9115905761719
2024-11-07,289.924072265625
2024-11-08,291.2787780761719
2024-11-11,292.0936279296875
2024-11-12,290.9450378417969
2024-11-13,290.8075866699219
2024-11-14,288.65771484375
2024-11-15,284.9959411621094
2024-11-18,286.1543884277344
2024-11-19,287.46978759765625
2024-11-20,287.63671875
2024-11-21,289.649169921875
2024-11-22,291.0824890136719
2024-11-25,292.5058898925781
2024-11-26,293.5759582519531
2024-11-27,292.74151611328125
2024-11-29,294.37109375
2024-12-02,294.93072509765625
2024-12-03,294.93072509765625
2024-12-04,296.91375732421875
2024-12-05,296.08905029296875
2024-12-06,296.91375732421875
2024-12-09,295.01904296875
2024-12-10,293.9097900390625
2024-12-11,296.275634765625
2024-12-12,294.58709716796875
2024-12-13,294.4398498535156
2024-12-16,295.6374816894531
2024-12-17,294.1748352050781
2024-12-18,285.07452392578125
2024-12-19,284.6720275878906
2024-12-20,287.9115905761719
2024-12-23,289.54742431640625
2024-12-24,292.62017822265625
2024-12-26,292.7876281738281
2024-12-27,289.6163635253906
2024-12-30,286.4156188964844
2024-12-31,285.4208679199219
2025-01-02,284.87921142578125
2025-01-03,288.6216735839844
2025-01-06,290.2368469238281
2025-01-07,286.9966735839844
2025-01-08,287.2625427246094
2025-01-10,282.9488830566406
2025-01-13,283.41180419921875
2025-01-14,284.052001953125
2025-01-15,289.2618103027344
2025-01-16,289.0451354980469
2025-01-17,291.714111328125
2025-01-21,294.609619140625
2025-01-22,296.0474853515625
2025-01-23,297.6035461425781
2025-01-24,296.7369079589844
2025-01-27,292.6004943847656
2025-01-28,295.1118469238281
2025-01-29,293.85125732421875
2025-01-30,295.6929016113281
2025-01-31,294.0777587890625
2025-02-03,291.9307861328125
2025-02-04,294.0482482910156
2025-02-05,295.4073486328125
2025-02-06,296.1361389160156
2025-02-07,293.4868469238281
2025-02-10,295.367919921875
2025-02-11,295.2103576660156
2025-02-12,294.2353515625
2025-02-13,297.30810546875
2025-02-14,297.2687072753906
2025-02-18,298.1058349609375
2025-02-19,298.529296875
2025-02-20,296.9239501953125
2025-02-21,291.4383544921875
2025-02-24,289.9512023925781
2025-02-25,288.5133361816406
2025-02-26,288.61181640625
2025-02-27,284.14056396484375
2025-02-28,288.5231628417969
2025-03-03,283.3526916503906
2025-03-04,279.81707763671875
2025-03-05,282.9981384277344
2025-03-06,277.739013671875
2025-03-07,279.0488586425781
2025-03-10,271.4457702636719
2025-03-11,269.5450134277344
2025-03-12,270.87457275390625
2025-03-13,267.0730285644531
2025-03-14,272.7950439453125
2025-03-17,275.0503845214844
2025-03-18,272.0859375
2025-03-19,275.17840576171875
2025-03-20,274.5185546875
2025-03-21,274.62689208984375
2025-03-24,279.7087097167969
2025-03-25,280.18145751953125
2025-03-26,276.90191650390625
2025-03-27,275.730712890625
2025-03-28,270.23565673828125
2025-03-31,271.6291809082031
2025-04-01,272.54833984375
2025-04-02,274.702880859375
2025-04-03,260.87628173828125
2025-04-04,245.56727600097656
2025-04-07,244.76673889160156
2025-04-08,240.90243530273438
2025-04-09,265.3435363769531
2025-04-10,254.422607421875
2025-04-11,258.6822509765625
2025-04-14,261.0640869140625
2025-04-15,260.6094665527344
2025-04-16,255.1934814453125
2025-04-17,255.72720336914062
2025-04-21,249.6490478515625
2025-04-22,256.00390625
2025-04-23,260.3623962402344
2025-04-24,265.8475646972656
2025-04-25,267.4783020019531
2025-04-28,267.86370849609375
2025-04-29,269.4747009277344
2025-04-30,269.6328125
2025-05-01,271.31292724609375
2025-05-02,275.5429382324219
2025-05-05,273.9814147949219
2025-05-06,271.7576904296875
2025-05-07,272.8843688964844
2025-05-08,275.0290222167969
2025-05-09,274.7226257324219
2025-05-12,283.91400146484375
2025-05-13,285.8412170410156
2025-05-14,286.02899169921875
2025-05-15,287.1951904296875
2025-05-16,289.16192626953125
2025-05-19,289.3892822265625
2025-05-20,288.44049072265625
2025-05-21,283.4198303222656
2025-05-22,283.37042236328125
2025-05-23,281.7100830078125
2025-05-27,287.5015869140625
2025-05-28,285.81158447265625
2025-05-29,286.7306823730469
2025-05-30,286.4934997558594
2025-06-02,287.9561767578125
2025-06-03,289.9427185058594
2025-06-04,289.9130859375
2025-06-05,288.31201171875
2025-06-06,291.67230224609375
2025-06-09,291.9094543457031
2025-06-10,293.4512634277344
2025-06-11,292.67047119140625
2025-06-12,293.6094055175781
2025-06-13,290.1404113769531
2025-06-16,293.00653076171875
2025-06-17,290.56536865234375
2025-06-18,290.674072265625
2025-06-20,290.00201416015625
2025-06-23,292.7890625
2025-06-24,296.2086486816406
2025-06-25,295.8627624511719
2025-06-26,298.4126281738281
2025-06-27,299.7666015625
2025-06-30,301.2862854003906
2025-07-01,301.2862854003906
2025-07-02,302.8525390625
2025-07-03,305.3506164550781
2025-07-07,302.9417419433594
2025-07-08,302.9219055175781
2025-07-09,304.8252258300781
2025-07-10,305.6380920410156
2025-07-11,304.349365234375
2025-07-14,305.04327392578125
2025-07-15,303.4374084472656
2025-07-16,304.5873107910156
2025-07-17,306.56988525390625
2025-07-18,306.4013977050781
2025-07-21,306.7483215332031
2025-07-22,307.10516357421875
2025-07-23,309.6925048828125
2025-07-24,309.58343505859375
2025-07-25,310.9613952636719
2025-07-28,310.8721618652344
2025-07-29,309.8907470703125
2025-07-30,309.5339050292969
2025-07-31,308.18572998046875
2025-08-01,303.08050537109375
2025-08-04,307.828857421875
2025-08-05,306.4707946777344
2025-08-06,308.5426025390625
2025-08-07,308.3641662597656
2025-08-08,310.30712890625
2025-08-11,309.5933532714844
2025-08-12,313.380126953125
2025-08-13,314.8968505859375
2025-08-14,314.430908203125
2025-08-15,313.71722412109375
2025-08-18,313.8361511230469
2025-08-19,311.932861328125
2025-08-20,311.11004638671875
2025-08-21,310.03948974609375
2025-08-22,315.4123229980469
2025-08-25,313.8955993652344
2025-08-26,315.3230895996094
2025-08-27,316.1656799316406
2025-08-28,317.31561279296875
2025-08-29,315.4321594238281
2025-09-02,313.2413330078125
2025-09-03,314.5696716308594
2025-09-04,317.35528564453125
2025-09-05,316.7703857421875
2025-09-08,317.7815246582031
2025-09-09,318.18798828125
2025-09-10,319.00079345703125
2025-09-11,321.9549255371094
2025-09-12,321.4889831542969
2025-09-15,323.0552673339844
2025-09-16,322.6191101074219
2025-09-17,322.33160400390625
2025-09-18,324.36376953125
2025-09-19,325.5830383300781
2025-09-22,326.9906921386719
2025-09-23,325.2361145019531
2025-09-24,324.04656982421875
2025-09-25,322.311767578125
2025-09-26,324.33404541015625
2025-09-29,325.1560974121094
2025-09-30,326.2197570800781
2025-10-01,327.35296630859375
2025-10-02,327.83013916015625
2025-10-03,328.009033203125
2025-10-06,329.2416687011719
2025-10-07,327.6611328125
2025-10-08,329.838134765625
2025-10-09,328.6949462890625
2025-10-10,319.8875732421875
2025-10-13,324.98712158203125
2025-10-14,324.8876953125
2025-10-15,326.42852783203125
2025-10-16,323.833984375
2025-10-17,325.35491943359375
2025-10-20,328.98321533203125
2025-10-21,328.9434814453125
2025-10-22,326.9454040527344
2025-10-23,329.0428771972656
2025-10-24,331.7268371582031
2025-10-27,335.4247131347656
2025-10-28,335.941650390625
2025-10-29,335.70306396484375
2025-10-30,332.0946044921875
2025-10-31,333.4266662597656
2025-11-03,333.80438232421875
2025-11-04,329.7685241699219
2025-11-05,331.18011474609375
2025-11-06,327.4126281738281
2025-11-07,328.1283264160156
2025-11-10,332.92962646484375
2025-11-11,333.7447509765625
2025-11-12,333.864013671875
2025-11-13,327.9494323730469
2025-11-14,327.8996887207031
2025-11-17,324.4900817871094
2025-11-18,322.293212890625
2025-11-19,323.346923828125
2025-11-20,318.1977233886719
2025-11-21,321.8757019042969
2025-11-24,326.68695068359375
2025-11-25,330.18603515625
2025-11-26,332.4524841308594
2025-11-28,334.3113708496094
2025-12-01,332.67120361328125
2025-12-02,333.06878662109375
2025-12-03,334.55987548828125
2025-12-04,335.08673095703125
2025-12-05,335.553955078125
2025-12-08,334.56982421875
2025-12-09,334.23187255859375
2025-12-10,336.71697998046875
2025-12-11,337.8502197265625
2025-12-12,333.9932556152344
2025-12-15,333.337158203125
2025-12-16,332.3729248046875
2025-12-17,328.7446594238281
2025-12-18,331.2695617675781
2025-12-19,334.221923828125
2025-12-22,336.5456237792969
2025-12-23,337.662109375
2025-12-24,338.8185119628906
2025-12-26,338.6091613769531
2025-12-29,337.3331604003906
2025-12-30,336.7948303222656
2025-12-31,334.222900390625
2026-01-02,335.2596435546875
2026-01-05,337.78173828125
2026-01-06,340.14434814453125
2026-01-07,338.9879455566406
2026-01-08,339.07769775390625
2026-01-09,341.33062744140625
2026-01-12,341.9586486816406
2026-01-13,341.27081298828125
2026-01-14,339.93499755859375
2026-01-15,340.9817199707031
2026-01-16,340.7823486328125
2026-01-20,334.0633850097656
2026-01-21,338.02099609375
2026-01-22,339.8053894042969
2026-01-23,339.4963684082031
2026-01-26,340.9617919921875
2026-01-27,342.1979064941406
2026-01-28,342.00848388671875
2026-01-29,341.2209777832031
2026-01-30,339.50634765625
2026-02-02,341.410400390625
2026-02-03,338.7886047363281
2026-02-04,337.193603515625
2026-02-05,332.857177734375
2026-02-06,339.8951110839844
2026-02-09,341.56988525390625
2026-02-10,340.73248291015625
2026-02-11,340.4035339355469
2026-02-12,334.9606018066406
2026-02-13,335.59857177734375
2026-02-17,336.01727294921875
2026-02-18,337.7717590332031
2026-02-19,337.1337890625
2026-02-20,339.207275390625
2026-02-23,335.4091796875
2026-02-24,338.15057373046875
2026-02-25,340.76239013671875
2026-02-26,339.42657470703125
2026-02-27,337.7119445800781
2026-03-02,338.0608825683594
2026-03-03,334.68145751953125
2026-03-04,337.1337890625
2026-03-05,334.95062255859375
2026-03-06,330.3749694824219
2026-03-09,333.2359924316406
2026-03-10,332.4684143066406
2026-03-11,332.19921875
2026-03-12,326.8958740234375
2026-03-13,325.1114501953125
2026-03-16,328.4310302734375
2026-03-17,329.53759765625
2026-03-18,325.00177001953125
2026-03-19,324.4236145019531
2026-03-20,319.3395080566406
2026-03-23,323.177490234375
2026-03-24,322.170654296875
2026-03-25,324.1344909667969
2026-03-26,318.5519714355469
2026-03-27,313.0899963378906
2026-03-30,311.67999267578125
2026-03-31,320.80999755859375
2026-04-01,323.239990234375
2026-04-02,323.760009765625
2026-04-06,325.2099914550781
2026-04-07,325.42999267578125
2026-04-08,333.70001220703125
2026-04-09,335.45001220703125
2026-04-10,335.04998779296875
2026-04-13,338.6700134277344
2026-04-14,342.6499938964844
2026-04-15,345.239990234375
2026-04-16,346.0299987792969
2026-04-17,350.5299987792969
2026-04-20,350.2099914550781
2026-04-21,347.8399963378906
2026-04-22,351.2200012207031
2026-04-23,349.79998779296875
2026-04-24,352.04998779296875
2026-04-27,352.5299987792969
2026-04-28,350.6300048828125
2026-04-29,350.2099914550781
2026-04-30,354.17999267578125
2026-05-01,355.2900085449219
2026-05-04,353.9800109863281
2026-05-05,356.989990234375
2026-05-06,361.8599853515625
2026-05-07,360.20001220703125
2026-05-08,362.8699951171875
2026-05-11,363.6300048828125
2026-05-12,362.7900085449219
2026-05-13,364.7099914550781
2026-05-14,367.3999938964844
2026-05-15,362.739990234375
2026-05-18,362.3599853515625
2026-05-19,360.05999755859375
2026-05-20,364.19000244140625
2026-05-21,365.0899963378906
2026-05-22,366.7900085449219
2026-05-26,369.4599914550781
2026-05-27,369.3599853515625
2026-05-28,371.6600036621094
2026-05-29,372.5400085449219
2026-06-01,373.3999938964844
2026-06-02,374.3599853515625
2026-06-03,371.6499938964844
2026-06-04,373.3800048828125
2026-06-05,363.3800048828125
2026-06-08,364.4700012207031
