date,adj_close
2011-01-28,31.29138946533203
2011-01-31,31.640262603759766
2011-02-01,32.31901168823242
2011-02-02,32.15407180786133
2011-02-03,32.21116256713867
2011-02-04,32.19213104248047
2011-02-07,32.28093719482422
2011-02-08,32.33168411254883
2011-02-09,32.135032653808594
2011-02-10,31.836902618408203
2011-02-11,31.957433700561523
2011-02-14,32.03354263305664
2011-02-15,31.932048797607422
2011-02-16,32.33168411254883
2011-02-17,32.46489334106445
2011-02-18,32.521976470947266
2011-02-22,31.710058212280273
2011-02-23,31.678321838378906
2011-02-24,31.722719192504883
2011-02-25,32.08430480957031
2011-02-28,32.37608337402344
2011-03-01,32.0081672668457
2011-03-02,32.24287033081055
2011-03-03,32.61713409423828
2011-03-04,32.40146255493164
2011-03-07,32.185794830322266
2011-03-08,32.29997634887695
2011-03-09,32.261905670166016
2011-03-10,31.462650299072266
2011-03-11,31.576828002929688
2011-03-14,31.120115280151367
2011-03-15,30.574596405029297
2011-03-16,29.724594116210938
2011-03-17,30.48579978942871
2011-03-18,30.9551944732666
2011-03-21,31.621232986450195
2011-03-22,31.545122146606445
2011-03-23,31.68467140197754
2011-03-24,32.001834869384766
2011-03-25,31.79885482788086
2011-03-28,31.6529541015625
2011-03-29,31.906686782836914
2011-03-30,32.33168411254883
2011-03-31,32.29361343383789
2011-04-01,32.579078674316406
2011-04-04,32.75034713745117
2011-04-05,32.62347412109375
2011-04-06,32.86451721191406
2011-04-07,32.69960021972656
2011-04-08,32.946983337402344
2011-04-11,32.743988037109375
2011-04-12,32.43317413330078
2011-04-13,32.56637191772461
2011-04-14,32.64250183105469
2011-04-15,32.62347412109375
2011-04-18,32.03988265991211
2011-04-19,32.33168411254883
2011-04-20,33.09286880493164
2011-04-21,33.23242950439453
2011-04-25,33.2070426940918
2011-04-26,33.467132568359375
2011-04-27,33.75257873535156
2011-04-28,33.81599807739258
2011-04-29,33.968257904052734
2011-05-02,33.911163330078125
2011-05-03,33.56861877441406
2011-05-04,33.21339797973633
2011-05-05,32.62347412109375
2011-05-06,32.75034713745117
2011-05-09,32.93429183959961
2011-05-10,33.238773345947266
2011-05-11,32.63615798950195
2011-05-12,32.75667953491211
2011-05-13,32.21116256713867
2011-05-16,32.12235641479492
2011-05-17,32.185794830322266
2011-05-18,32.521976470947266
2011-05-19,32.572731018066406
2011-05-20,32.223846435546875
2011-05-23,31.621232986450195
2011-05-24,31.78615379333496
2011-05-25,31.944747924804688
2011-05-26,32.223846435546875
2011-05-27,32.46489334106445
2011-05-31,32.946983337402344
2011-06-01,32.31901168823242
2011-06-02,32.48392105102539
2011-06-03,32.420494079589844
2011-06-06,32.014522552490234
2011-06-07,32.28093719482422
2011-06-08,31.951080322265625
2011-06-09,32.236541748046875
2011-06-10,31.507051467895508
2011-06-13,31.52608299255371
2011-06-14,32.02085876464844
2011-06-15,31.177207946777344
2011-06-16,30.993253707885742
2011-06-17,31.215272903442383
2011-06-20,31.145479202270508
2011-06-21,31.78615379333496
2011-06-22,31.354812622070312
2011-06-23,31.18355941772461
2011-06-24,30.948841094970703
2011-06-27,31.19623565673828
2011-06-28,31.56415557861328
2011-06-29,32.02720642089844
2011-06-30,32.54734420776367
2011-07-01,32.87086486816406
2011-07-05,32.69325256347656
2011-07-06,32.521976470947266
2011-07-07,32.82645797729492
2011-07-08,32.496604919433594
2011-07-11,31.627588272094727
2011-07-12,31.399227142333984
2011-07-13,31.868621826171875
2011-07-14,31.665637969970703
2011-07-15,31.78615379333496
2011-07-18,31.399227142333984
2011-07-19,31.811521530151367
2011-07-20,32.077945709228516
2011-07-21,32.655181884765625
2011-07-22,32.7122802734375
2011-07-25,32.534671783447266
2011-07-26,32.64883804321289
2011-07-27,32.052589416503906
2011-07-28,31.881317138671875
2011-07-29,31.976459503173828
2011-08-01,31.735414505004883
2011-08-02,30.891752243041992
2011-08-03,30.92981719970703
2011-08-04,28.938026428222656
2011-08-05,29.147342681884766
2011-08-08,27.07309913635254
2011-08-09,28.51938247680664
2011-08-10,27.276098251342773
2011-08-11,28.455942153930664
2011-08-12,28.72870445251465
2011-08-15,29.413776397705078
2011-08-16,29.08392906188965
2011-08-17,29.147342681884766
2011-08-18,27.85332489013672
2011-08-19,27.409305572509766
2011-08-22,27.561538696289062
2011-08-23,28.373476028442383
2011-08-24,28.34176254272461
2011-08-25,27.77086067199707
2011-08-26,28.151479721069336
2011-08-29,28.8302001953125
2011-08-30,28.887292861938477
2011-08-31,29.274215698242188
2011-09-01,29.08392906188965
2011-09-02,28.354455947875977
2011-09-06,27.548852920532227
2011-09-07,28.4686222076416
2011-09-08,27.93579864501953
2011-09-09,27.028705596923828
2011-09-12,26.813030242919922
2011-09-13,27.07309913635254
2011-09-14,27.282426834106445
2011-09-15,27.808921813964844
2011-09-16,27.73914909362793
2011-09-19,27.111169815063477
2011-09-20,27.16825294494629
2011-09-21,26.3690128326416
2011-09-22,25.18280601501465
2011-09-23,25.392135620117188
2011-09-26,25.753698348999023
2011-09-27,26.45147132873535
2011-09-28,25.931312561035156
2011-09-29,26.47050666809082
2011-09-30,25.569753646850586
2011-10-03,24.80221176147461
2011-10-04,25.087656021118164
2011-10-05,25.519004821777344
2011-10-06,26.330930709838867
2011-10-07,26.115270614624023
2011-10-10,27.07309913635254
2011-10-11,26.94624900817871
2011-10-12,27.63766098022461
2011-10-13,27.548852920532227
2011-10-14,27.954814910888672
2011-10-17,27.142885208129883
2011-10-18,27.707439422607422
2011-10-19,27.15557861328125
2011-10-20,27.14921760559082
2011-10-21,27.802583694458008
2011-10-24,28.37982177734375
2011-10-25,27.885046005249023
2011-10-26,28.259302139282227
2011-10-27,29.65481948852539
2011-10-28,29.420114517211914
2011-10-31,28.189516067504883
2011-11-01,27.2380313873291
2011-11-02,27.777206420898438
2011-11-03,28.424219131469727
2011-11-04,28.03728485107422
2011-11-07,28.265647888183594
2011-11-08,28.532047271728516
2011-11-09,27.035051345825195
2011-11-10,27.377586364746094
2011-11-11,28.03728485107422
2011-11-14,27.61228370666504
2011-11-15,27.69474220275879
2011-11-16,26.98429298400879
2011-11-17,26.59101104736328
2011-11-18,26.660795211791992
2011-11-21,26.07720375061035
2011-11-22,25.817138671875
2011-11-23,25.16378402709961
2011-11-25,25.017885208129883
2011-11-28,26.15333366394043
2011-11-29,26.21677017211914
2011-11-30,27.59325408935547
2011-12-01,27.326831817626953
2011-12-02,27.3902645111084
2011-12-05,27.675716400146484
2011-12-06,27.536163330078125
2011-12-07,27.701086044311523
2011-12-08,26.730573654174805
2011-12-09,27.35220718383789
2011-12-12,26.565650939941406
2011-12-13,26.121610641479492
2011-12-14,25.899599075317383
2011-12-15,25.982053756713867
2011-12-16,25.982053756713867
2011-12-19,25.671239852905273
2011-12-20,26.48317527770996
2011-12-21,26.43801498413086
2011-12-22,26.69329071044922
2011-12-23,26.850400924682617
2011-12-27,26.791481018066406
2011-12-28,26.248191833496094
2011-12-29,26.64747428894043
2011-12-30,26.771862030029297
2012-01-03,27.55078887939453
2012-01-04,27.426422119140625
2012-01-05,27.12531280517578
2012-01-06,26.771862030029297
2012-01-09,26.93549346923828
2012-01-10,27.354412078857422
2012-01-11,27.295499801635742
2012-01-12,27.406780242919922
2012-01-13,27.144947052001953
2012-01-17,27.452592849731445
2012-01-18,28.008974075317383
2012-01-19,28.31008529663086
2012-01-20,28.447538375854492
2012-01-23,28.617727279663086
2012-01-24,28.454084396362305
2012-01-25,28.81410026550293
2012-01-26,28.787912368774414
2012-01-27,28.859914779663086
2012-01-30,28.55883026123047
2012-01-31,28.735553741455078
2012-02-01,29.16101837158203
2012-02-02,29.25920867919922
2012-02-03,29.68467140197754
2012-02-06,29.52103042602539
2012-02-07,29.65195083618164
2012-02-08,29.782852172851562
2012-02-09,29.776315689086914
2012-02-10,29.252666473388672
2012-02-13,29.57994842529297
2012-02-14,29.377025604248047
2012-02-15,29.49484634399414
2012-02-16,29.782852172851562
2012-02-17,29.96613311767578
2012-02-21,29.96613311767578
2012-02-22,29.90068244934082
2012-02-23,30.083948135375977
2012-02-24,30.28033447265625
2012-02-27,30.005422592163086
2012-02-28,30.37197494506836
2012-02-29,30.0446834564209
2012-03-01,30.450523376464844
2012-03-02,30.12322998046875
2012-03-05,29.887584686279297
2012-03-06,29.00392723083496
2012-03-07,29.350845336914062
2012-03-08,29.99886703491211
2012-03-09,29.920330047607422
2012-03-12,29.776315689086914
2012-03-13,30.28687858581543
2012-03-14,29.96613311767578
2012-03-15,30.22140884399414
2012-03-16,30.358884811401367
2012-03-19,30.424333572387695
2012-03-20,30.0446834564209
2012-03-21,29.97268295288086
2012-03-22,29.62575912475586
2012-03-23,29.82213592529297
2012-03-26,30.27379035949707
2012-03-27,30.0970516204834
2012-03-28,29.84832000732422
2012-03-29,29.671585083007812
2012-03-30,29.881046295166016
2012-04-02,30.28033447265625
2012-04-03,29.82868003845215
2012-04-04,29.1806697845459
2012-04-05,29.14792823791504
2012-04-09,28.899192810058594
2012-04-10,28.36899757385254
2012-04-11,28.729001998901367
2012-04-12,29.2853946685791
2012-04-13,28.761730194091797
2012-04-16,28.879539489746094
2012-04-17,29.29848289489746
2012-04-18,29.108646392822266
2012-04-19,29.03010368347168
2012-04-20,29.17411231994629
2012-04-23,28.70281410217285
2012-04-24,28.859914779663086
2012-04-25,29.246122360229492
2012-04-26,29.3181095123291
2012-04-27,29.40975570678711
2012-04-30,29.25920867919922
2012-05-01,29.4228458404541
2012-05-02,29.18719482421875
2012-05-03,28.91228675842285
2012-05-04,28.526086807250977
2012-05-07,28.670093536376953
2012-05-08,28.277359008789062
2012-05-09,27.910791397094727
2012-05-10,28.041706085205078
2012-05-11,27.87152671813965
2012-05-14,27.295499801635742
2012-05-15,26.974763870239258
2012-05-16,26.69983673095703
2012-05-17,26.36600685119629
2012-05-18,26.15654945373535
2012-05-21,26.660568237304688
2012-05-22,26.58202362060547
2012-05-23,26.372560501098633
2012-05-24,26.254745483398438
2012-05-25,26.130374908447266
2012-05-29,26.53620147705078
2012-05-30,25.99945640563965
2012-05-31,26.091096878051758
2012-06-01,25.462711334228516
2012-06-04,25.64598846435547
2012-06-05,25.8161678314209
2012-06-06,26.555837631225586
2012-06-07,26.555837631225586
2012-06-08,26.379108428955078
2012-06-11,26.15654945373535
2012-06-12,26.61475372314453
2012-06-13,26.40528678894043
2012-06-14,26.56892967224121
2012-06-15,26.948585510253906
2012-06-18,26.93549346923828
2012-06-19,27.41986656188965
2012-06-20,27.439502716064453
2012-06-21,26.680208206176758
2012-06-22,26.968217849731445
2012-06-25,26.254745483398438
2012-06-26,26.490375518798828
2012-06-27,26.673662185668945
2012-06-28,26.64093780517578
2012-06-29,27.648967742919922
2012-07-02,27.799514770507812
2012-07-03,28.0351619720459
2012-07-05,27.701339721679688
2012-07-06,27.40022850036621
2012-07-09,27.295499801635742
2012-07-10,27.118770599365234
2012-07-11,27.216957092285156
2012-07-12,26.870027542114258
2012-07-13,27.308597564697266
2012-07-16,27.26930809020996
2012-07-17,27.45914077758789
2012-07-18,27.544239044189453
2012-07-19,27.806066513061523
2012-07-20,27.295499801635742
2012-07-23,26.752212524414062
2012-07-24,26.516563415527344
2012-07-25,26.627838134765625
2012-07-26,27.321685791015625
2012-07-27,27.956607818603516
2012-07-30,27.878068923950195
2012-07-31,27.734066009521484
2012-08-01,27.714426040649414
2012-08-02,27.40022850036621
2012-08-03,28.211904525756836
2012-08-06,28.395177841186523
2012-08-07,28.61117172241211
2012-08-08,28.571924209594727
2012-08-09,28.617727279663086
2012-08-10,28.71591567993164
2012-08-13,28.565372467041016
2012-08-14,28.650466918945312
2012-08-15,28.617727279663086
2012-08-16,28.918832778930664
2012-08-17,28.931921005249023
2012-08-20,28.879539489746094
2012-08-21,29.00392723083496
2012-08-22,29.00392723083496
2012-08-23,28.81410026550293
2012-08-24,28.8010196685791
2012-08-27,28.761730194091797
2012-08-28,28.591552734375
2012-08-29,28.480260848999023
2012-08-30,28.1595458984375
2012-08-31,28.454084396362305
2012-09-04,28.257709503173828
2012-09-05,28.185710906982422
2012-09-06,28.859914779663086
2012-09-07,29.31156349182129
2012-09-10,29.082475662231445
2012-09-11,29.324661254882812
2012-09-12,29.49484634399414
2012-09-13,30.077409744262695
2012-09-14,30.424333572387695
2012-09-17,30.182153701782227
2012-09-18,30.057777404785156
2012-09-19,30.169048309326172
2012-09-20,29.953048706054688
2012-09-21,30.031587600708008
2012-09-24,29.936412811279297
2012-09-25,29.683515548706055
2012-09-26,29.417301177978516
2012-09-27,29.849899291992188
2012-09-28,29.4239559173584
2012-10-01,29.623605728149414
2012-10-02,29.756725311279297
2012-10-03,29.630266189575195
2012-10-04,29.929777145385742
2012-10-05,29.98301124572754
2012-10-08,29.730104446411133
2012-10-09,29.37735939025879
2012-10-10,29.257566452026367
2012-10-11,29.450571060180664
2012-10-12,29.410646438598633
2012-10-15,29.716787338256836
2012-10-16,30.12944793701172
2012-10-17,30.36902618408203
2012-10-18,30.315786361694336
2012-10-19,29.856544494628906
2012-10-22,30.109468460083008
2012-10-23,29.477195739746094
2012-10-24,29.55706214904785
2012-10-25,29.77004623413086
2012-10-26,29.65024185180664
2012-10-31,29.663549423217773
2012-11-01,30.002992630004883
2012-11-02,29.783344268798828
2012-11-05,29.77669906616211
2012-11-06,29.99631690979004
2012-11-07,29.550399780273438
2012-11-08,29.257566452026367
2012-11-09,29.304157257080078
2012-11-12,29.304157257080078
2012-11-13,29.124448776245117
2012-11-14,28.81163787841797
2012-11-15,28.87154769897461
2012-11-16,28.87154769897461
2012-11-19,29.470552444458008
2012-11-20,29.430604934692383
2012-11-21,29.51046371459961
2012-11-23,30.08283805847168
2012-11-26,29.99631690979004
2012-11-27,29.796655654907227
2012-11-28,29.989665985107422
2012-11-29,30.262544631958008
2012-11-30,30.275856018066406
2012-12-03,30.25588607788086
2012-12-04,30.349056243896484
2012-12-05,30.49549674987793
2012-12-06,30.56870460510254
2012-12-07,30.601974487304688
2012-12-10,30.688501358032227
2012-12-11,30.8016300201416
2012-12-12,30.94806671142578
2012-12-13,30.85488510131836
2012-12-14,30.954713821411133
2012-12-17,31.107791900634766
2012-12-18,31.347393035888672
2012-12-19,31.407297134399414
2012-12-20,31.61372184753418
2012-12-21,31.330379486083984
2012-12-24,31.22917366027832
2012-12-26,31.262907028198242
2012-12-27,31.42483139038086
2012-12-28,31.20220375061035
2012-12-31,31.755403518676758
2013-01-02,32.24113845825195
2013-01-03,31.971281051635742
2013-01-04,32.07248306274414
2013-01-07,31.937545776367188
2013-01-08,31.7486515045166
2013-01-09,31.930810928344727
2013-01-10,32.3288459777832
2013-01-11,32.322105407714844
2013-01-14,32.342342376708984
2013-01-15,32.24113845825195
2013-01-16,32.09272384643555
2013-01-17,32.37607192993164
2013-01-18,32.38956832885742
2013-01-22,32.3828125
2013-01-23,32.28835678100586
2013-01-24,32.409812927246094
2013-01-25,32.578460693359375
2013-01-28,32.322105407714844
2013-01-29,32.63918685913086
2013-01-30,32.59196853637695
2013-01-31,32.51774215698242
2013-02-01,32.8348274230957
2013-02-04,32.28163528442383
2013-02-05,32.4030647277832
2013-02-06,32.47726058959961
2013-02-07,32.20066833496094
2013-02-08,32.35584259033203
2013-02-11,32.342342376708984
2013-02-12,32.457027435302734
2013-02-13,32.578460693359375
2013-02-14,32.4300537109375
2013-02-15,32.36257553100586
2013-02-19,32.64592742919922
2013-02-20,32.436798095703125
2013-02-21,31.88357925415039
2013-02-22,32.247894287109375
2013-02-25,31.60697364807129
2013-02-26,31.863344192504883
2013-02-27,32.220909118652344
2013-02-28,32.14669418334961
2013-03-01,32.11970901489258
2013-03-04,32.153438568115234
2013-03-05,32.463775634765625
2013-03-06,32.55147933959961
2013-03-07,32.64592742919922
2013-03-08,32.7336311340332
2013-03-11,32.77410888671875
2013-03-12,32.6054573059082
2013-03-13,32.49750518798828
2013-03-14,32.75387191772461
2013-03-15,32.71339416503906
2013-03-18,32.41655349731445
2013-03-19,32.27488327026367
2013-03-20,32.5312385559082
2013-03-21,32.234413146972656
2013-03-22,32.46775817871094
2013-03-25,32.18367385864258
2013-03-26,32.379817962646484
2013-03-27,32.312191009521484
2013-03-28,32.44746398925781
2013-04-01,32.14984130859375
2013-04-02,32.29188919067383
2013-04-03,32.07544708251953
2013-04-04,32.2715950012207
2013-04-05,32.1092643737793
2013-04-08,32.14308166503906
2013-04-09,32.33924102783203
2013-04-10,32.79243469238281
2013-04-11,32.934486389160156
2013-04-12,32.772151947021484
2013-04-15,31.98073387145996
2013-04-16,32.57598876953125
2013-04-17,31.85223388671875
2013-04-18,31.831937789916992
2013-04-19,32.17013931274414
2013-04-22,32.24455642700195
2013-04-23,32.60980987548828
2013-04-24,32.846553802490234
2013-04-25,33.02241516113281
2013-04-26,33.04270935058594
2013-04-29,33.394439697265625
2013-04-30,33.58383560180664
2013-05-01,33.32003402709961
2013-05-02,33.48237609863281
2013-05-03,33.800289154052734
2013-05-06,33.76647186279297
2013-05-07,33.894989013671875
2013-05-08,34.280540466308594
2013-05-09,33.915279388427734
2013-05-10,33.96940231323242
2013-05-13,33.88822555541992
2013-05-14,33.96940231323242
2013-05-15,34.030269622802734
2013-05-16,33.786773681640625
2013-05-17,33.97615432739258
2013-05-20,34.23996353149414
2013-05-21,34.26026153564453
2013-05-22,33.90175247192383
2013-05-23,33.54325485229492
2013-05-24,33.245628356933594
2013-05-28,33.286224365234375
2013-05-29,33.04270935058594
2013-05-30,33.178001403808594
2013-05-31,32.47452926635742
2013-06-03,32.79243469238281
2013-06-04,32.68421936035156
2013-06-05,32.088958740234375
2013-06-06,32.28512954711914
2013-06-07,32.481285095214844
2013-06-10,32.45424270629883
2013-06-11,32.00102615356445
2013-06-12,31.94692611694336
2013-06-13,32.433956146240234
2013-06-14,32.034854888916016
2013-06-17,32.460994720458984
2013-06-18,32.630104064941406
2013-06-19,31.994274139404297
2013-06-20,30.939083099365234
2013-06-21,31.006723403930664
2013-06-24,30.389198303222656
2013-06-25,30.786706924438477
2013-06-26,30.9854679107666
2013-06-27,31.341854095458984
2013-06-28,31.307584762573242
2013-07-01,31.554325103759766
2013-07-02,31.376131057739258
2013-07-03,31.300731658935547
2013-07-05,31.42409896850586
2013-07-08,31.561176300048828
2013-07-09,31.773639678955078
2013-07-10,31.787336349487305
2013-07-11,32.74685287475586
2013-07-12,32.53439712524414
2013-07-15,32.733158111572266
2013-07-16,32.74685287475586
2013-07-17,32.89763259887695
2013-07-18,33.01416015625
2013-07-19,32.993587493896484
2013-07-22,33.18549728393555
2013-07-23,33.336273193359375
2013-07-24,33.199195861816406
2013-07-25,33.26774215698242
2013-07-26,33.1100959777832
2013-07-29,32.80853271484375
2013-07-30,32.74000930786133
2013-07-31,32.75371551513672
2013-08-01,33.17179489135742
2013-08-02,33.336273193359375
2013-08-05,33.233482360839844
2013-08-06,33.14436721801758
2013-08-07,32.91134262084961
2013-08-08,33.349979400634766
2013-08-09,33.41166305541992
2013-08-12,33.40481948852539
2013-08-13,33.61726760864258
2013-08-14,33.60356903076172
2013-08-15,33.377403259277344
2013-08-16,33.349979400634766
2013-08-19,33.05527877807617
2013-08-20,32.993587493896484
2013-08-21,32.52069091796875
2013-08-22,32.95245361328125
2013-08-23,33.151222229003906
2013-08-26,32.95245361328125
2013-08-27,32.37677764892578
2013-08-28,32.356204986572266
2013-08-29,32.363059997558594
2013-08-30,32.11632537841797
2013-09-03,32.637210845947266
2013-09-04,32.95245361328125
2013-09-05,33.01416015625
2013-09-06,33.21977615356445
2013-09-09,33.809181213378906
2013-09-10,34.11760330200195
2013-09-11,34.19985580444336
2013-09-12,33.966819763183594
2013-09-13,34.11760330200195
2013-09-16,34.432865142822266
2013-09-17,34.432865142822266
2013-09-18,35.41979217529297
2013-09-19,35.159358978271484
2013-09-20,34.82353591918945
2013-09-23,34.8510627746582
2013-09-24,34.81663513183594
2013-09-25,34.78221130371094
2013-09-26,34.926795959472656
2013-09-27,34.8028678894043
2013-09-30,34.527488708496094
2013-10-01,34.76844024658203
2013-10-02,34.81663513183594
2013-10-03,34.65140914916992
2013-10-04,34.74091720581055
2013-10-07,34.4379768371582
2013-10-08,34.155696868896484
2013-10-09,34.40354919433594
2013-10-10,34.98188400268555
2013-10-11,35.112667083740234
2013-10-14,35.25726318359375
2013-10-15,35.050724029541016
2013-10-16,35.35364532470703
2013-10-17,35.71855163574219
2013-10-18,35.90444564819336
2013-10-21,35.95263671875
2013-10-22,36.317535400390625
2013-10-23,35.84935760498047
2013-10-24,36.02836608886719
2013-10-25,35.987060546875
2013-10-28,35.973297119140625
2013-10-29,36.06279373168945
2013-10-30,35.93887710571289
2013-10-31,35.79429626464844
2013-11-01,35.573978424072266
2013-11-04,35.739200592041016
2013-11-05,35.374305725097656
2013-11-06,35.70478820800781
2013-11-07,35.092037200927734
2013-11-08,35.284812927246094
2013-11-11,35.26416015625
2013-11-12,35.098915100097656
2013-11-13,35.23661804199219
2013-11-14,35.436283111572266
2013-11-15,35.808048248291016
2013-11-18,35.876914978027344
2013-11-19,35.74609375
2013-11-20,35.470706939697266
2013-11-21,35.642826080322266
2013-11-22,35.74609375
2013-11-25,35.63594055175781
2013-11-26,35.55331802368164
2013-11-27,35.72543716430664
2013-11-29,35.84247589111328
2013-12-02,35.51889419555664
2013-12-03,35.284812927246094
2013-12-04,35.098915100097656
2013-12-05,34.933685302734375
2013-12-06,35.422515869140625
2013-12-09,35.422515869140625
2013-12-10,35.346771240234375
2013-12-11,35.0231819152832
2013-12-12,34.73402786254883
2013-12-13,34.76156234741211
2013-12-16,35.00252914428711
2013-12-17,34.8510627746582
2013-12-18,35.35364532470703
2013-12-19,35.22972869873047
2013-12-20,35.3533935546875
2013-12-23,35.638214111328125
2013-12-24,35.721580505371094
2013-12-26,35.846622467041016
2013-12-27,36.05503845214844
2013-12-30,36.23564910888672
2013-12-31,36.38849639892578
2014-01-02,35.74937438964844
2014-01-03,35.73548126220703
2014-01-06,35.63126754760742
2014-01-07,35.80493927001953
2014-01-08,35.78410339355469
2014-01-09,35.67990493774414
2014-01-10,36.04808044433594
2014-01-13,35.77020263671875
2014-01-14,36.05503845214844
2014-01-15,36.131446838378906
2014-01-16,36.13840103149414
2014-01-17,36.006404876708984
2014-01-21,36.13840103149414
2014-01-22,36.24954605102539
2014-01-23,35.86746597290039
2014-01-24,34.93656539916992
2014-01-27,34.72121047973633
2014-01-28,35.075504302978516
2014-01-29,34.651737213134766
2014-01-30,34.85319519042969
2014-01-31,34.422481536865234
2014-02-03,33.79030227661133
2014-02-04,34.095977783203125
2014-02-05,34.17237091064453
2014-02-06,34.790679931640625
2014-02-07,35.158870697021484
2014-02-10,35.03382873535156
2014-02-11,35.56874465942383
2014-02-12,35.5965461730957
2014-02-13,35.68684768676758
2014-02-14,35.91611099243164
2014-02-18,36.06892013549805
2014-02-19,35.83967590332031
2014-02-20,35.95777893066406
2014-02-21,36.08281707763672
2014-02-24,36.32597732543945
2014-02-25,36.27733612060547
2014-02-26,36.096702575683594
2014-02-27,36.270408630371094
2014-02-28,36.34682083129883
2014-03-03,35.638214111328125
2014-03-04,36.27733612060547
2014-03-05,36.27733612060547
2014-03-06,36.680267333984375
2014-03-07,36.39543533325195
2014-03-10,36.13840103149414
2014-03-11,35.95083236694336
2014-03-12,35.86050796508789
2014-03-13,35.27696228027344
2014-03-14,35.249183654785156
2014-03-17,35.65211486816406
2014-03-18,35.90219497680664
2014-03-19,35.43674850463867
2014-03-20,35.36727523803711
2014-03-21,35.36033630371094
2014-03-24,35.47148895263672
2014-03-25,35.8122444152832
2014-03-26,35.819252014160156
2014-03-27,36.07814407348633
2014-03-28,36.29508590698242
2014-03-31,36.52599334716797
2014-04-01,36.777889251708984
2014-04-02,36.84785079956055
2014-04-03,36.74289321899414
2014-04-04,36.65892791748047
2014-04-07,36.532981872558594
2014-04-08,36.63093185424805
2014-04-09,37.057777404785156
2014-04-10,36.42802047729492
2014-04-11,36.29508590698242
2014-04-14,36.44902420043945
2014-04-15,36.21110534667969
2014-04-16,36.58195495605469
2014-04-17,36.777889251708984
2014-04-21,36.87583541870117
2014-04-22,36.903839111328125
2014-04-23,36.79188537597656
2014-04-24,36.819862365722656
2014-04-25,36.595951080322266
2014-04-28,36.70790100097656
2014-04-29,36.85485076904297
2014-04-30,36.98780822753906
2014-05-01,37.04378890991211
2014-05-02,37.09275817871094
2014-05-05,37.057777404785156
2014-05-06,37.02978515625
2014-05-07,37.12774658203125
2014-05-08,37.13475799560547
2014-05-09,37.057777404785156
2014-05-12,37.37965393066406
2014-05-13,37.414642333984375
2014-05-14,37.43561935424805
2014-05-15,37.20471954345703
2014-05-16,37.32368087768555
2014-05-19,37.302677154541016
2014-05-20,37.050777435302734
2014-05-21,37.32368087768555
2014-05-22,37.43561935424805
2014-05-23,37.54058837890625
2014-05-27,37.68054962158203
2014-05-28,37.603553771972656
2014-05-29,37.80648422241211
2014-05-30,37.7015380859375
2014-06-02,37.86946105957031
2014-06-03,37.80648422241211
2014-06-04,37.79949951171875
2014-06-05,38.0514030456543
2014-06-06,38.28229904174805
2014-06-09,38.31029510498047
2014-06-10,38.28229904174805
2014-06-11,38.14236068725586
2014-06-12,38.12837219238281
2014-06-13,38.177345275878906
2014-06-16,38.14236068725586
2014-06-17,38.093387603759766
2014-06-18,38.45024108886719
2014-06-19,38.54121017456055
2014-06-20,38.51321029663086
2014-06-23,38.43625259399414
2014-06-24,38.21266555786133
2014-06-25,38.226810455322266
2014-06-26,38.269264221191406
2014-06-27,38.36833190917969
2014-06-30,38.4107780456543
2014-07-01,38.743316650390625
2014-07-02,38.7999153137207
2014-07-03,38.94847869873047
2014-07-07,38.686702728271484
2014-07-08,38.375404357910156
2014-07-09,38.51690673828125
2014-07-10,38.11362075805664
2014-07-11,38.163143157958984
2014-07-14,38.417850494384766
2014-07-15,38.29758071899414
2014-07-16,38.53105545043945
2014-07-17,38.00749588012695
2014-07-18,38.382484436035156
2014-07-21,38.31879425048828
2014-07-22,38.54520797729492
2014-07-23,38.62302780151367
2014-07-24,38.67256546020508
2014-07-25,38.53812789916992
2014-07-28,38.62302780151367
2014-07-29,38.47445297241211
2014-07-30,38.44614791870117
2014-07-31,37.74571228027344
2014-08-01,37.61836624145508
2014-08-04,37.85183334350586
2014-08-05,37.31414031982422
2014-08-06,37.27168273925781
2014-08-07,36.96037673950195
2014-08-08,37.179718017578125
2014-08-11,37.406097412109375
2014-08-12,37.370731353759766
2014-08-13,37.61836624145508
2014-08-14,37.759857177734375
2014-08-15,37.72449493408203
2014-08-18,37.99334716796875
2014-08-19,38.071170806884766
2014-08-20,38.01457977294922
2014-08-21,38.0782470703125
2014-08-22,37.92967224121094
2014-08-25,38.21974563598633
2014-08-26,38.255130767822266
2014-08-27,38.389564514160156
2014-08-28,38.170230865478516
2014-08-29,38.18437957763672
2014-09-02,38.18437957763672
2014-09-03,38.52397537231445
2014-09-04,38.29049301147461
2014-09-05,38.375404357910156
2014-09-08,37.99334716796875
2014-09-09,37.795249938964844
2014-09-10,37.92259216308594
2014-09-11,37.731563568115234
2014-09-12,37.540531158447266
2014-09-15,37.469783782958984
2014-09-16,37.710357666015625
2014-09-17,37.43442153930664
2014-09-18,37.653743743896484
2014-09-19,37.43442153930664
2014-09-22,37.19386672973633
2014-09-23,36.93915557861328
2014-09-24,37.14825439453125
2014-09-25,36.543697357177734
2014-09-26,36.74996566772461
2014-09-29,36.351661682128906
2014-09-30,36.273433685302734
2014-10-01,35.83245849609375
2014-10-02,35.583526611328125
2014-10-03,35.633304595947266
2014-10-06,35.90357208251953
2014-10-07,35.3914794921875
2014-10-08,35.88935089111328
2014-10-09,35.035858154296875
2014-10-10,34.45264434814453
2014-10-13,34.49531936645508
2014-10-14,34.5593376159668
2014-10-15,34.26060485839844
2014-10-16,34.068572998046875
2014-10-17,34.53800582885742
2014-10-20,34.779823303222656
2014-10-21,35.13543701171875
2014-10-22,34.87227249145508
2014-10-23,35.149658203125
2014-10-24,35.34880828857422
2014-10-27,35.12833023071289
2014-10-28,35.690208435058594
2014-10-29,35.45549011230469
2014-10-30,35.6830940246582
2014-10-31,36.24497604370117
2014-11-03,35.91779708862305
2014-11-04,35.73289489746094
2014-11-05,35.768436431884766
2014-11-06,35.51950454711914
2014-11-07,35.590633392333984
2014-11-10,35.6830940246582
2014-11-11,35.85380172729492
2014-11-12,35.65464782714844
2014-11-13,35.72576141357422
2014-11-14,35.84668731689453
2014-11-17,35.65464782714844
2014-11-18,35.996028900146484
2014-11-19,35.9249153137207
2014-11-20,35.80399703979492
2014-11-21,36.23786544799805
2014-11-24,36.23786544799805
2014-11-25,36.316104888916016
2014-11-26,36.501033782958984
2014-11-28,36.060062408447266
2014-12-01,35.896461486816406
2014-12-02,35.974708557128906
2014-12-03,36.02449417114258
2014-12-04,35.91779708862305
2014-12-05,35.946258544921875
2014-12-08,35.51950454711914
2014-12-09,35.32035446166992
2014-12-10,34.843833923339844
2014-12-11,34.75848388671875
2014-12-12,34.12546920776367
2014-12-15,33.62049865722656
2014-12-16,33.784080505371094
2014-12-17,34.2392692565918
2014-12-18,34.808258056640625
2014-12-19,34.843833923339844
2014-12-22,35.02309799194336
2014-12-23,34.90837478637695
2014-12-24,35.01593017578125
2014-12-26,35.28843307495117
2014-12-29,35.058956146240234
2014-12-30,34.77212905883789
2014-12-31,34.66455841064453
2015-01-02,34.57134246826172
2015-01-05,33.81121063232422
2015-01-06,33.55305862426758
2015-01-07,33.94746017456055
2015-01-08,34.377716064453125
2015-01-09,34.23429489135742
2015-01-12,34.098045349121094
2015-01-13,34.277313232421875
2015-01-14,34.1338996887207
2015-01-15,34.377716064453125
2015-01-16,34.71474838256836
2015-01-20,34.757789611816406
2015-01-21,35.087646484375
2015-01-22,35.32428741455078
2015-01-23,35.08047103881836
2015-01-26,35.45335006713867
2015-01-27,35.41750717163086
2015-01-28,34.958560943603516
2015-01-29,35.29560852050781
2015-01-30,34.757789611816406
2015-02-02,35.27408218383789
2015-02-03,35.8190803527832
2015-02-04,35.53224182128906
2015-02-05,35.94099426269531
2015-02-06,35.45335006713867
2015-02-09,35.374481201171875
2015-02-10,35.55376052856445
2015-02-11,35.38164520263672
2015-02-12,35.95532989501953
2015-02-13,36.19197082519531
2015-02-17,36.30671691894531
2015-02-18,36.45013427734375
2015-02-19,36.40711212158203
2015-02-20,36.67961120605469
2015-02-23,36.52900314331055
2015-02-24,36.75849533081055
2015-02-25,36.83736038208008
2015-02-26,36.772823333740234
2015-02-27,36.765655517578125
2015-03-02,36.765655517578125
2015-03-03,36.57919692993164
2015-03-04,36.39993667602539
2015-03-05,36.42143630981445
2015-03-06,35.91948699951172
2015-03-09,35.94099426269531
2015-03-10,35.18803787231445
2015-03-11,35.28125762939453
2015-03-12,35.668495178222656
2015-03-13,35.424686431884766
2015-03-16,35.797576904296875
2015-03-17,35.78323745727539
2015-03-18,36.543357849121094
2015-03-19,36.0987434387207
2015-03-20,36.80868148803711
2015-03-23,36.98078155517578
2015-03-24,36.99512481689453
2015-03-25,36.6268424987793
2015-03-26,36.418243408203125
2015-03-27,36.44700622558594
2015-03-30,36.59807586669922
2015-03-31,36.21683883666992
2015-04-01,36.50457000732422
2015-04-02,36.83543014526367
2015-04-06,37.25263977050781
2015-04-07,37.23106384277344
2015-04-08,37.504390716552734
2015-04-09,37.64824295043945
2015-04-10,37.691410064697266
2015-04-13,37.48282241821289
2015-04-14,37.770538330078125
2015-04-15,37.99352264404297
2015-04-16,38.13739013671875
2015-04-17,37.62667465209961
2015-04-20,37.64824295043945
2015-04-21,37.928768157958984
2015-04-22,38.036685943603516
2015-04-23,38.23089599609375
2015-04-24,38.396324157714844
2015-04-27,38.59773254394531
2015-04-28,38.6408805847168
2015-04-29,38.345970153808594
2015-04-30,37.95756149291992
2015-05-01,38.25246810913086
2015-05-04,38.324398040771484
2015-05-05,37.79928970336914
2015-05-06,37.7777214050293
2015-05-07,37.62667465209961
2015-05-08,38.36757278442383
2015-05-11,38.05823516845703
2015-05-12,38.029483795166016
2015-05-13,38.23808288574219
2015-05-14,38.69124984741211
2015-05-15,38.799129486083984
2015-05-18,38.61210632324219
2015-05-19,38.50422286987305
2015-05-20,38.55458068847656
2015-05-21,38.71281433105469
2015-05-22,38.53299331665039
2015-05-26,37.8784294128418
2015-05-27,38.1661491394043
2015-05-28,37.98631286621094
2015-05-29,37.612281799316406
2015-06-01,37.497196197509766
2015-06-02,37.7057991027832
2015-06-03,37.82807922363281
2015-06-04,37.382110595703125
2015-06-05,37.05842971801758
2015-06-08,36.97930908203125
2015-06-09,36.80665588378906
2015-06-10,37.490013122558594
2015-06-11,37.54035949707031
2015-06-12,37.29579162597656
2015-06-15,37.04404067993164
2015-06-16,37.05122756958008
2015-06-17,37.0224494934082
2015-06-18,37.360530853271484
2015-06-19,37.187904357910156
2015-06-22,37.82807922363281
2015-06-23,37.979122161865234
2015-06-24,37.6842155456543
2015-06-25,37.64105987548828
2015-06-26,37.60980224609375
2015-06-29,36.57033920288086
2015-06-30,36.58487319946289
2015-07-01,36.7666015625
2015-07-02,36.85383224487305
2015-07-06,36.07603073120117
2015-07-07,35.96701431274414
2015-07-08,35.014766693115234
2015-07-09,35.559940338134766
2015-07-10,36.5412483215332
2015-07-13,36.701171875
2015-07-14,36.94832992553711
2015-07-15,36.73023986816406
2015-07-16,37.0064811706543
2015-07-17,36.93379211425781
2015-07-20,36.970130920410156
2015-07-21,36.90471267700195
2015-07-22,36.577606201171875
2015-07-23,36.446754455566406
2015-07-24,35.988807678222656
2015-07-27,35.69077682495117
2015-07-28,36.105106353759766
2015-07-29,36.24322509765625
2015-07-30,36.1850700378418
2015-07-31,36.38135528564453
2015-08-03,36.1850700378418
2015-08-04,36.206886291503906
2015-08-05,36.41769027709961
2015-08-06,36.22868347167969
2015-08-07,36.19961929321289
2015-08-10,36.664833068847656
2015-08-11,36.03969192504883
2015-08-12,35.80709457397461
2015-08-13,35.71258544921875
2015-08-14,35.74893569946289
2015-08-17,35.68352127075195
2015-08-18,35.40729522705078
2015-08-19,35.051109313964844
2015-08-20,34.266056060791016
2015-08-21,33.44465255737305
2015-08-24,32.230743408203125
2015-08-25,32.477874755859375
2015-08-26,33.328365325927734
2015-08-27,33.953487396240234
2015-08-28,33.92442321777344
2015-08-31,33.67728042602539
2015-09-01,32.55057907104492
2015-09-02,33.03033447265625
2015-09-03,33.066673278808594
2015-09-04,32.267086029052734
2015-09-08,33.21205139160156
2015-09-09,33.07394027709961
2015-09-10,33.28473663330078
2015-09-11,33.27021026611328
2015-09-14,33.10301971435547
2015-09-15,33.32108688354492
2015-09-16,33.88080596923828
2015-09-17,33.90986633300781
2015-09-18,33.11753845214844
2015-09-21,33.14664840698242
2015-09-22,32.36885070800781
2015-09-23,32.17258834838867
2015-09-24,32.07809066772461
2015-09-25,32.29288864135742
2015-09-28,31.606122970581055
2015-09-29,31.671859741210938
2015-09-30,32.38056945800781
2015-10-01,32.45363235473633
2015-10-02,33.10386657714844
2015-10-05,33.7833251953125
2015-10-06,33.77602767944336
2015-10-07,34.338600158691406
2015-10-08,34.5797004699707
2015-10-09,34.674678802490234
2015-10-12,34.44087600708008
2015-10-13,33.95867919921875
2015-10-14,34.14863967895508
2015-10-15,34.755043029785156
2015-10-16,34.74043655395508
2015-10-19,34.50662612915039
2015-10-20,34.484703063964844
2015-10-21,34.32398986816406
2015-10-22,34.83540725708008
2015-10-23,35.091129302978516
2015-10-26,34.90116500854492
2015-10-27,34.5797004699707
2015-10-28,34.76234436035156
2015-10-29,34.45549392700195
2015-10-30,34.40434646606445
2015-11-02,34.776954650878906
2015-11-03,34.90116500854492
2015-11-04,34.69659423828125
2015-11-05,34.55778121948242
2015-11-06,34.35321807861328
2015-11-09,33.9879035949707
2015-11-10,33.90022277832031
2015-11-11,34.00981521606445
2015-11-12,33.63720703125
2015-11-13,33.308441162109375
2015-11-16,33.768741607666016
2015-11-17,33.84178161621094
2015-11-18,34.155941009521484
2015-11-19,34.331295013427734
2015-11-20,34.331295013427734
2015-11-23,34.017127990722656
2015-11-24,34.0828742980957
2015-11-25,34.0828742980957
2015-11-27,33.93675994873047
2015-11-30,33.95136642456055
2015-12-01,34.30207061767578
2015-12-02,33.929443359375
2015-12-03,33.77602767944336
2015-12-04,34.05366134643555
2015-12-07,33.70296859741211
2015-12-08,33.1988525390625
2015-12-09,33.10386657714844
2015-12-10,33.0527229309082
2015-12-11,32.358638763427734
2015-12-14,32.47554016113281
2015-12-15,32.73125457763672
2015-12-16,33.396114349365234
2015-12-17,32.92122268676758
2015-12-18,32.68009948730469
2015-12-21,32.906166076660156
2015-12-22,33.1270637512207
2015-12-23,33.686668395996094
2015-12-24,33.627769470214844
2015-12-28,33.502586364746094
2015-12-29,33.79711151123047
2015-12-30,33.52467727661133
2015-12-31,33.215415954589844
2016-01-04,32.64107894897461
2016-01-05,32.58218002319336
2016-01-06,32.029945373535156
2016-01-07,31.36724853515625
2016-01-08,30.999086380004883
2016-01-11,31.06535530090332
2016-01-12,31.138988494873047
2016-01-13,30.711933135986328
2016-01-14,31.124267578125
2016-01-15,29.924068450927734
2016-01-19,30.277490615844727
2016-01-20,29.53382110595703
2016-01-21,29.78417205810547
2016-01-22,30.675121307373047
2016-01-25,30.159683227539062
2016-01-26,30.74138069152832
2016-01-27,30.594112396240234
2016-01-28,30.792930603027344
2016-01-29,31.404067993164062
2016-02-01,31.271533966064453
2016-02-02,30.55730438232422
2016-02-03,30.947547912597656
2016-02-04,31.094802856445312
2016-02-05,30.675121307373047
2016-02-08,30.130233764648438
2016-02-09,29.717891693115234
2016-02-10,29.710538864135742
2016-02-11,29.254009246826172
2016-02-12,29.7399845123291
2016-02-16,30.35849380493164
2016-02-17,30.947547912597656
2016-02-18,30.815011978149414
2016-02-19,30.704565048217773
2016-02-22,31.05063247680664
2016-02-23,30.586755752563477
2016-02-24,30.513124465942383
2016-02-25,30.829744338989258
2016-02-26,30.74138069152832
2016-02-29,30.630931854248047
2016-03-01,31.499797821044922
2016-03-02,31.801687240600586
2016-03-03,32.14039611816406
2016-03-04,32.47910690307617
2016-03-07,32.4349250793457
2016-03-08,31.985769271850586
2016-03-09,32.21402359008789
2016-03-10,32.15510940551758
2016-03-11,32.97979736328125
2016-03-14,32.803077697753906
2016-03-15,32.443336486816406
2016-03-16,32.886566162109375
2016-03-17,33.24112319946289
2016-03-18,33.18942642211914
2016-03-21,33.226356506347656
2016-03-22,33.159873962402344
2016-03-23,32.73142623901367
2016-03-24,32.554141998291016
2016-03-28,32.76837158203125
2016-03-29,33.1081657409668
2016-03-30,33.440574645996094
2016-03-31,33.182029724121094
2016-04-01,32.84962463378906
2016-04-04,32.70927047729492
2016-04-05,32.140472412109375
2016-04-06,32.63539123535156
2016-04-07,32.133087158203125
2016-04-08,32.79051971435547
2016-04-11,32.84962463378906
2016-04-12,33.39624786376953
2016-04-13,33.891178131103516
2016-04-14,33.8542366027832
2016-04-15,33.772979736328125
2016-04-18,34.03152084350586
2016-04-19,34.65202713012695
2016-04-20,34.57815933227539
2016-04-21,34.35655212402344
2016-04-22,34.334388732910156
2016-04-25,34.164485931396484
2016-04-26,34.304840087890625
2016-04-27,34.40826416015625
2016-04-28,34.009361267089844
2016-04-29,33.8985595703125
2016-05-02,34.12016677856445
2016-05-03,33.433189392089844
2016-05-04,33.0490608215332
2016-05-05,33.00474548339844
2016-05-06,33.093387603759766
2016-05-09,32.916099548339844
2016-05-10,33.455345153808594
2016-05-11,33.233741760253906
2016-05-12,33.233741760253906
2016-05-13,32.78312683105469
2016-05-16,33.26328659057617
2016-05-17,33.01213073730469
2016-05-18,32.96042251586914
2016-05-19,32.70927047729492
2016-05-20,32.97519302368164
2016-05-23,32.85701370239258
2016-05-24,33.30021667480469
2016-05-25,33.64739990234375
2016-05-26,33.72866439819336
2016-05-27,33.65478515625
2016-05-31,33.5661506652832
2016-06-01,33.573524475097656
2016-06-02,33.64000701904297
2016-06-03,33.94287872314453
2016-06-06,34.19403839111328
2016-06-07,34.48213577270508
2016-06-08,34.607704162597656
2016-06-09,34.149715423583984
2016-06-10,33.233741760253906
2016-06-13,32.7609748840332
2016-06-14,32.36989974975586
2016-06-15,32.624141693115234
2016-06-16,32.59422302246094
2016-06-17,32.84099578857422
2016-06-20,33.59621047973633
2016-06-21,33.82051467895508
2016-06-22,33.81305694580078
2016-06-23,34.702877044677734
2016-06-24,32.018463134765625
2016-06-27,31.44270896911621
2016-06-28,32.22783660888672
2016-06-29,32.8634147644043
2016-06-30,33.25972366333008
2016-07-01,33.349456787109375
2016-07-05,32.77368927001953
2016-07-06,32.706382751464844
2016-07-07,32.5717887878418
2016-07-08,33.13261032104492
2016-07-11,33.536380767822266
2016-07-12,33.99998092651367
2016-07-13,33.99250030517578
2016-07-14,34.28411102294922
2016-07-15,34.142059326171875
2016-07-18,34.26169204711914
2016-07-19,33.947635650634766
2016-07-20,34.216819763183594
2016-07-21,34.186920166015625
2016-07-22,34.23926544189453
2016-07-25,34.127113342285156
2016-07-26,34.26918411254883
2016-07-27,34.433677673339844
2016-07-28,34.42618942260742
2016-07-29,34.7626953125
2016-08-01,34.598175048828125
2016-08-02,34.463584899902344
2016-08-03,34.40376281738281
2016-08-04,34.5907096862793
2016-08-05,34.74772262573242
2016-08-08,34.87485122680664
2016-08-09,35.14404296875
2016-08-10,35.211341857910156
2016-08-11,35.495479583740234
2016-08-12,35.36835861206055
2016-08-15,35.585201263427734
2016-08-16,35.45808029174805
2016-08-17,35.45808029174805
2016-08-18,35.645023345947266
2016-08-19,35.40574645996094
2016-08-22,35.360877990722656
2016-08-23,35.465572357177734
2016-08-24,35.383323669433594
2016-08-25,35.31602096557617
2016-08-26,35.06179428100586
2016-08-29,35.19636917114258
2016-08-30,35.09917449951172
2016-08-31,34.919715881347656
2016-09-01,35.14404296875
2016-09-02,35.54783248901367
2016-09-06,35.91421127319336
2016-09-07,35.959075927734375
2016-09-08,35.90673828125
2016-09-09,35.10665512084961
2016-09-12,35.398258209228516
2016-09-13,34.528839111328125
2016-09-14,34.55893325805664
2016-09-15,34.89738082885742
2016-09-16,34.528839111328125
2016-09-19,34.76201248168945
2016-09-20,34.86729049682617
2016-09-21,35.551700592041016
2016-09-22,35.905189514160156
2016-09-23,35.52913284301758
2016-09-26,35.198219299316406
2016-09-27,35.41632080078125
2016-09-28,35.72468566894531
2016-09-29,35.31855773925781
2016-09-30,35.50656509399414
2016-10-03,35.48401641845703
2016-10-04,35.35615158081055
2016-10-05,35.61186981201172
2016-10-06,35.46145248413086
2016-10-07,35.23581314086914
2016-10-10,35.393760681152344
2016-10-11,34.837196350097656
2016-10-12,34.79207992553711
2016-10-13,34.64918518066406
2016-10-14,34.709346771240234
2016-10-17,34.641658782958984
2016-10-18,35.05531692504883
2016-10-19,35.17565155029297
2016-10-20,35.160606384277344
2016-10-21,35.115482330322266
2016-10-24,35.15308380126953
2016-10-25,35.115482330322266
2016-10-26,34.91994094848633
2016-10-27,34.837196350097656
2016-10-28,34.79960250854492
2016-10-31,34.82969284057617
2016-11-01,34.69431686401367
2016-11-02,34.4009895324707
2016-11-03,34.370906829833984
2016-11-04,34.03998565673828
2016-11-07,34.686790466308594
2016-11-08,34.79960250854492
2016-11-09,34.56644821166992
2016-11-10,34.34082794189453
2016-11-11,33.98733139038086
2016-11-14,33.77675247192383
2016-11-15,34.107669830322266
2016-11-16,33.75418472290039
2016-11-17,33.96475601196289
2016-11-18,33.678977966308594
2016-11-21,33.979820251464844
2016-11-22,34.14527130126953
2016-11-23,33.98733139038086
2016-11-25,34.12272262573242
2016-11-28,33.99485778808594
2016-11-29,34.16032409667969
2016-11-30,34.1302375793457
2016-12-01,34.03998565673828
2016-12-02,34.1302375793457
2016-12-05,34.4009895324707
2016-12-06,34.58148956298828
2016-12-07,35.077877044677734
2016-12-08,35.10044860839844
2016-12-09,35.20573806762695
2016-12-12,35.00267028808594
2016-12-13,35.348628997802734
2016-12-14,34.709346771240234
2016-12-15,34.686790466308594
2016-12-16,34.61909103393555
2016-12-19,34.58148956298828
2016-12-20,34.687686920166016
2016-12-21,34.63459014892578
2016-12-22,34.467716217041016
2016-12-23,34.56632614135742
2016-12-27,34.573909759521484
2016-12-28,34.5511589050293
2016-12-29,34.74079513549805
2016-12-30,34.80146789550781
2017-01-03,35.0517692565918
2017-01-04,35.43863296508789
2017-01-05,35.70411682128906
2017-01-06,35.62826156616211
2017-01-09,35.56000518798828
2017-01-10,35.620689392089844
2017-01-11,35.88616943359375
2017-01-12,35.93926239013672
2017-01-13,36.045448303222656
2017-01-17,35.95443344116211
2017-01-18,35.764808654785156
2017-01-19,35.734466552734375
2017-01-20,35.878578186035156
2017-01-23,36.045448303222656
2017-01-24,36.1895751953125
2017-01-25,36.568843841552734
2017-01-26,36.45505905151367
2017-01-27,36.37163162231445
2017-01-30,36.13648223876953
2017-01-31,36.21992492675781
2017-02-01,36.34128189086914
2017-02-02,36.38679122924805
2017-02-03,36.553680419921875
2017-02-06,36.34128189086914
2017-02-07,36.3033561706543
2017-02-08,36.417137145996094
2017-02-09,36.515743255615234
2017-02-10,36.71296691894531
2017-02-13,36.85710144042969
2017-02-14,36.826744079589844
2017-02-15,37.03153991699219
2017-02-16,37.06188201904297
2017-02-17,36.90260314941406
2017-02-21,37.1150016784668
2017-02-22,37.12257766723633
2017-02-23,37.16050720214844
2017-02-24,36.864688873291016
2017-02-27,36.8343391418457
2017-02-28,36.70536804199219
2017-03-01,37.130165100097656
2017-03-02,36.81156921386719
2017-03-03,36.993629455566406
2017-03-06,36.90260314941406
2017-03-07,36.81916046142578
2017-03-08,36.59919357299805
2017-03-09,36.64469909667969
2017-03-10,36.98604202270508
2017-03-13,37.190853118896484
2017-03-14,36.93294143676758
2017-03-15,37.53217697143555
2017-03-16,37.75214767456055
2017-03-17,37.744571685791016
2017-03-20,37.82042694091797
2017-03-21,37.55492401123047
2017-03-22,37.62319564819336
2017-03-23,37.70664596557617
2017-03-24,37.84362030029297
2017-03-27,37.896881103515625
2017-03-28,38.01865768432617
2017-03-29,38.06431198120117
2017-03-30,37.912109375
2017-03-31,37.805580139160156
2017-04-03,37.7979621887207
2017-04-04,37.828407287597656
2017-04-05,37.66099166870117
2017-04-06,37.66099166870117
2017-04-07,37.622928619384766
2017-04-10,37.592498779296875
2017-04-11,37.69904708862305
2017-04-12,37.706642150878906
2017-04-13,37.49357223510742
2017-04-17,37.7979621887207
2017-04-18,37.53923034667969
2017-04-19,37.37181854248047
2017-04-20,37.71426010131836
2017-04-21,37.69904708862305
2017-04-24,38.49805450439453
2017-04-25,38.72635269165039
2017-04-26,38.63504409790039
2017-04-27,38.58177947998047
2017-04-28,38.58177947998047
2017-05-01,38.756797790527344
2017-05-02,38.985107421875
2017-05-03,38.87095260620117
2017-05-04,38.96986770629883
2017-05-05,39.34275436401367
2017-05-08,39.13729476928711
2017-05-09,39.114471435546875
2017-05-10,39.24381637573242
2017-05-11,39.16011428833008
2017-05-12,39.36558532714844
2017-05-15,39.63954162597656
2017-05-16,39.791725158691406
2017-05-17,39.266658782958984
2017-05-18,39.17532730102539
2017-05-19,39.715633392333984
2017-05-22,39.76890182495117
2017-05-23,39.76890182495117
2017-05-24,39.845001220703125
2017-05-25,39.8602180480957
2017-05-26,39.82217788696289
2017-05-30,39.738460540771484
2017-05-31,39.723236083984375
2017-06-01,40.02001953125
2017-06-02,40.36247253417969
2017-06-05,40.20266342163086
2017-06-06,40.118961334228516
2017-06-07,40.13418197631836
2017-06-08,40.09611511230469
2017-06-09,39.91350173950195
2017-06-12,39.776512145996094
2017-06-13,40.10374450683594
2017-06-14,40.05046844482422
2017-06-15,39.654762268066406
2017-06-16,39.936317443847656
2017-06-19,40.111351013183594
2017-06-20,39.723236083984375
2017-06-21,39.658634185791016
2017-06-22,39.79708480834961
2017-06-23,39.89708709716797
2017-06-26,40.0124626159668
2017-06-27,39.92015838623047
2017-06-28,40.30474853515625
2017-06-29,39.889400482177734
2017-06-30,39.9739990234375
2017-07-03,40.0047607421875
2017-07-05,39.9739990234375
2017-07-06,39.735565185546875
2017-07-07,39.78170394897461
2017-07-10,39.90477752685547
2017-07-11,40.04322814941406
2017-07-12,40.42780685424805
2017-07-13,40.581642150878906
2017-07-14,40.94316101074219
2017-07-17,40.78932189941406
2017-07-18,40.897010803222656
2017-07-19,41.112369537353516
2017-07-20,41.26620864868164
2017-07-21,41.08930587768555
2017-07-24,41.08930587768555
2017-07-25,41.13544845581055
2017-07-26,41.358516693115234
2017-07-27,41.243141174316406
2017-07-28,41.243141174316406
2017-07-31,41.3200569152832
2017-08-01,41.58156967163086
2017-08-02,41.57387924194336
2017-08-03,41.50465393066406
2017-08-04,41.58156967163086
2017-08-07,41.62771224975586
2017-08-08,41.4738883972168
2017-08-09,41.350826263427734
2017-08-10,40.6893310546875
2017-08-11,40.69701385498047
2017-08-14,41.00468826293945
2017-08-15,40.92008972167969
2017-08-16,41.22005844116211
2017-08-17,40.720096588134766
2017-08-18,40.85853958129883
2017-08-21,40.94316101074219
2017-08-22,41.10468292236328
2017-08-23,41.17390060424805
2017-08-24,41.181602478027344
2017-08-25,41.443115234375
2017-08-28,41.420040130615234
2017-08-29,41.250823974609375
2017-08-30,41.227760314941406
2017-08-31,41.54310607910156
2017-09-01,41.658504486083984
2017-09-05,41.3431282043457
2017-09-06,41.635414123535156
2017-09-07,41.950767517089844
2017-09-08,41.912315368652344
2017-09-11,42.27383041381836
2017-09-12,42.29691696166992
2017-09-13,42.1046142578125
2017-09-14,42.1969108581543
2017-09-15,42.304588317871094
2017-09-18,42.373817443847656
2017-09-19,42.51996612548828
2017-09-20,42.44881057739258
2017-09-21,42.371490478515625
2017-09-22,42.41015625
2017-09-25,42.13947677612305
2017-09-26,42.023468017578125
2017-09-27,41.98481750488281
2017-09-28,42.08534622192383
2017-09-29,42.3250846862793
2017-10-02,42.3250846862793
2017-10-03,42.56482696533203
2017-10-04,42.53388595581055
2017-10-05,42.549354553222656
2017-10-06,42.49522018432617
2017-10-09,42.48749542236328
2017-10-10,42.85868835449219
2017-10-11,43.05202102661133
2017-10-12,43.01335906982422
2017-10-13,43.29949188232422
2017-10-16,43.25309753417969
2017-10-17,43.13709259033203
2017-10-18,43.245357513427734
2017-10-19,43.06749725341797
2017-10-20,43.04428482055664
2017-10-23,42.92829895019531
2017-10-24,43.00563049316406
2017-10-25,42.85095977783203
2017-10-26,42.78908920288086
2017-10-27,42.959228515625
2017-10-30,42.982421875
2017-10-31,43.18349075317383
2017-11-01,43.32269287109375
2017-11-02,43.415496826171875
2017-11-03,43.33042526245117
2017-11-06,43.47737503051758
2017-11-07,43.314964294433594
2017-11-08,43.47737503051758
2017-11-09,43.21442413330078
2017-11-10,43.09843826293945
2017-11-13,42.905094146728516
2017-11-14,42.85868835449219
2017-11-15,42.61895751953125
2017-11-16,43.10616683959961
2017-11-17,43.06749725341797
2017-11-20,43.13709259033203
2017-11-21,43.4850959777832
2017-11-22,43.60883712768555
2017-11-24,43.84083938598633
2017-11-27,43.516029357910156
2017-11-28,43.77897262573242
2017-11-29,43.47737503051758
2017-11-30,43.454166412353516
2017-12-01,43.38456726074219
2017-12-04,43.22990417480469
2017-12-05,43.168025970458984
2017-12-06,42.920555114746094
2017-12-07,43.0288200378418
2017-12-08,43.2917594909668
2017-12-11,43.38456726074219
2017-12-12,43.36909484863281
2017-12-13,43.60883712768555
2017-12-14,43.40776443481445
2017-12-15,43.38456726074219
2017-12-18,43.87950134277344
2017-12-19,43.74803924560547
2017-12-20,43.74030303955078
2017-12-21,43.95814514160156
2017-12-22,44.09087371826172
2017-12-26,44.11429214477539
2017-12-27,44.1923828125
2017-12-28,44.27046203613281
2017-12-29,44.356346130371094
2018-01-02,44.80138397216797
2018-01-03,45.11369323730469
2018-01-04,45.48847579956055
2018-01-05,45.79297637939453
2018-01-08,45.76955795288086
2018-01-09,45.80860900878906
2018-01-10,45.65244674682617
2018-01-11,45.941341400146484
2018-01-12,46.38637161254883
2018-01-16,46.339542388916016
2018-01-17,46.65966033935547
2018-01-18,46.60499954223633
2018-01-19,46.8157958984375
2018-01-22,47.0734748840332
2018-01-23,47.2608642578125
2018-01-24,47.46385192871094
2018-01-25,47.292091369628906
2018-01-26,47.760562896728516
2018-01-29,47.268672943115234
2018-01-30,46.82361602783203
2018-01-31,46.893890380859375
2018-02-01,46.854854583740234
2018-02-02,45.832027435302734
2018-02-05,43.989376068115234
2018-02-06,45.051231384277344
2018-02-07,44.23922348022461
2018-02-08,43.02120590209961
2018-02-09,43.42720413208008
2018-02-12,44.03621292114258
2018-02-13,44.03621292114258
2018-02-14,44.8248176574707
2018-02-15,45.222999572753906
2018-02-16,45.28547668457031
2018-02-20,44.7935791015625
2018-02-21,44.68426513671875
2018-02-22,44.88728332519531
2018-02-23,45.379173278808594
2018-02-26,45.72270965576172
2018-02-27,44.941932678222656
2018-02-28,44.434417724609375
2018-03-01,43.97376251220703
2018-03-02,44.09868621826172
2018-03-05,44.27825927734375
2018-03-06,44.6140022277832
2018-03-07,44.56715393066406
2018-03-08,44.66085433959961
2018-03-09,45.08246994018555
2018-03-12,45.160552978515625
2018-03-13,44.84042739868164
2018-03-14,44.957542419433594
2018-03-15,44.89508819580078
2018-03-16,44.8091926574707
2018-03-19,44.41880416870117
2018-03-20,44.55934143066406
2018-03-21,44.68426513671875
2018-03-22,43.716094970703125
2018-03-23,43.21639633178711
2018-03-26,44.10251998901367
2018-03-27,43.62500762939453
2018-03-28,43.773746490478516
2018-03-29,44.266910552978516
2018-04-02,43.57804489135742
2018-04-03,43.98509216308594
2018-04-04,44.055545806884766
2018-04-05,44.34518051147461
2018-04-06,43.88333511352539
2018-04-09,44.21211242675781
2018-04-10,44.736595153808594
2018-04-11,44.60350799560547
2018-04-12,44.72875213623047
2018-04-13,44.65830612182617
2018-04-16,44.744422912597656
2018-04-17,44.940101623535156
2018-04-18,45.198429107666016
2018-04-19,45.00273132324219
2018-04-20,44.72093200683594
2018-04-23,44.58784484863281
2018-04-24,44.39997100830078
2018-04-25,44.25908279418945
2018-04-26,44.580020904541016
2018-04-27,44.689598083496094
2018-04-30,44.47043991088867
2018-05-01,44.36867141723633
2018-05-02,44.251251220703125
2018-05-03,44.34518051147461
2018-05-04,44.4782600402832
2018-05-07,44.40781021118164
2018-05-08,44.52522659301758
2018-05-09,44.572200775146484
2018-05-10,45.03404235839844
2018-05-11,45.088829040527344
2018-05-14,45.13580322265625
2018-05-15,44.71309280395508
2018-05-16,44.93227767944336
2018-05-17,44.830509185791016
2018-05-18,44.63480758666992
2018-05-21,44.93227767944336
2018-05-22,44.9166259765625
2018-05-23,44.533050537109375
2018-05-24,44.37649917602539
2018-05-25,44.21211242675781
2018-05-29,43.34321975708008
2018-05-30,43.906822204589844
2018-05-31,43.742435455322266
2018-06-01,44.141658782958984
2018-06-04,44.30604553222656
2018-06-05,44.21211242675781
2018-06-06,44.666133880615234
2018-06-07,44.31387710571289
2018-06-08,44.37649917602539
2018-06-11,44.572200775146484
2018-06-12,44.384334564208984
2018-06-13,44.35301208496094
2018-06-14,44.18862533569336
2018-06-15,43.89116287231445
2018-06-18,43.54674530029297
2018-06-19,43.09271240234375
2018-06-20,43.217960357666016
2018-06-21,42.81874084472656
2018-06-22,43.27219009399414
2018-06-25,42.67866897583008
2018-06-26,42.734066009521484
2018-06-27,42.20384216308594
2018-06-28,42.41751480102539
2018-06-29,42.81319046020508
2018-07-02,42.362117767333984
2018-07-03,42.457088470458984
2018-07-05,42.734066009521484
2018-07-06,42.963558197021484
2018-07-09,43.42255401611328
2018-07-10,43.42255401611328
2018-07-11,42.71031951904297
2018-07-12,43.07434844970703
2018-07-13,43.20888137817383
2018-07-16,43.121822357177734
2018-07-17,43.26427459716797
2018-07-18,43.2563591003418
2018-07-19,43.034786224365234
2018-07-20,43.36714553833008
2018-07-23,43.22471237182617
2018-07-24,43.549171447753906
2018-07-25,44.00025939941406
2018-07-26,43.77076721191406
2018-07-27,43.83406448364258
2018-07-30,43.857810974121094
2018-07-31,43.9052848815918
2018-08-01,43.70745849609375
2018-08-02,43.37507247924805
2018-08-03,43.47793960571289
2018-08-06,43.288028717041016
2018-08-07,43.53334426879883
2018-08-08,43.541259765625
2018-08-09,43.42255401611328
2018-08-10,42.59952926635742
2018-08-13,42.27507400512695
2018-08-14,42.35420608520508
2018-08-15,41.665706634521484
2018-08-16,41.911033630371094
2018-08-17,42.188011169433594
2018-08-20,42.37794494628906
2018-08-21,42.68658447265625
2018-08-22,42.90816116333008
2018-08-23,42.50456619262695
2018-08-24,42.900245666503906
2018-08-27,43.46212387084961
2018-08-28,43.38298034667969
2018-08-29,43.580833435058594
2018-08-30,43.034786224365234
2018-08-31,42.852760314941406
2018-09-04,42.33837890625
2018-09-05,41.95060348510742
2018-09-06,41.86355972290039
2018-09-07,41.562828063964844
2018-09-10,41.610313415527344
2018-09-11,41.67362594604492
2018-09-12,41.831905364990234
2018-09-13,42.20384216308594
2018-09-14,42.19593048095703
2018-09-17,42.164283752441406
2018-09-18,42.59162139892578
2018-09-19,42.83694076538086
2018-09-20,43.28010940551758
2018-09-21,43.303855895996094
2018-09-24,43.034786224365234
2018-09-25,43.28010940551758
2018-09-26,43.30237579345703
2018-09-27,43.25465393066406
2018-09-28,42.94450759887695
2018-10-01,43.01607131958008
2018-10-02,42.75363540649414
2018-10-03,42.59458541870117
2018-10-04,42.00609588623047
2018-10-05,41.783409118652344
2018-10-08,41.62436294555664
2018-10-09,41.4812126159668
2018-10-10,40.47917938232422
2018-10-11,39.93838882446289
2018-10-12,40.312171936035156
2018-10-15,40.14516067504883
2018-10-16,40.91657257080078
2018-10-17,40.57460021972656
2018-10-18,39.89860916137695
2018-10-19,40.129249572753906
2018-10-22,40.06562805175781
2018-10-23,39.64413833618164
2018-10-24,38.53871536254883
2018-10-25,39.03179168701172
2018-10-26,38.705718994140625
2018-10-29,38.48304748535156
2018-10-30,38.94430160522461
2018-10-31,39.27036666870117
2018-11-01,39.986106872558594
2018-11-02,40.20878601074219
2018-11-05,40.216732025146484
2018-11-06,40.30421447753906
2018-11-07,40.845001220703125
2018-11-08,40.38374710083008
2018-11-09,39.962249755859375
2018-11-12,39.32603073120117
2018-11-13,39.532806396484375
2018-11-14,39.652095794677734
2018-11-15,39.93838882446289
2018-11-16,39.93838882446289
2018-11-19,39.59642028808594
2018-11-20,38.7932014465332
2018-11-21,39.389652252197266
2018-11-23,39.143131256103516
2018-11-26,39.66004180908203
2018-11-27,39.56460189819336
2018-11-28,40.24855422973633
2018-11-29,40.049720764160156
2018-11-30,39.93044662475586
2018-12-03,40.50303649902344
2018-12-04,39.516883850097656
2018-12-06,39.190834045410156
2018-12-07,38.68186569213867
2018-12-10,38.34785461425781
2018-12-11,38.475093841552734
2018-12-12,39.07951354980469
2018-12-13,39.02382278442383
2018-12-14,38.48304748535156
2018-12-17,38.156982421875
2018-12-18,38.20470428466797
2018-12-19,37.767303466796875
2018-12-20,37.7195930480957
2018-12-21,37.139041900634766
2018-12-24,36.750003814697266
2018-12-26,37.65026092529297
2018-12-27,37.658294677734375
2018-12-28,37.86730194091797
2018-12-31,37.955711364746094
2019-01-02,37.883365631103516
2019-01-03,37.457359313964844
2019-01-04,38.67913818359375
2019-01-07,38.79970932006836
2019-01-08,39.0810432434082
2019-01-09,39.603511810302734
2019-01-10,39.73212432861328
2019-01-11,39.47491455078125
2019-01-14,39.30610656738281
2019-01-15,39.555274963378906
2019-01-16,39.71603775024414
2019-01-17,39.89289093017578
2019-01-18,40.21440124511719
2019-01-22,39.603511810302734
2019-01-23,39.84464645385742
2019-01-24,39.989341735839844
2019-01-25,40.431434631347656
2019-01-28,40.21440124511719
2019-01-29,40.2947883605957
2019-01-30,40.77707290649414
2019-01-31,40.86549377441406
2019-02-01,40.801177978515625
2019-02-04,40.93783187866211
2019-02-05,41.29954147338867
2019-02-06,41.01017379760742
2019-02-07,40.47161865234375
2019-02-08,40.31889343261719
2019-02-11,40.238525390625
2019-02-12,40.6645393371582
2019-02-13,40.6082649230957
2019-02-14,40.62434768676758
2019-02-15,41.0342903137207
2019-02-19,41.251304626464844
2019-02-20,41.44423294067383
2019-02-21,41.315616607666016
2019-02-22,41.57283401489258
2019-02-25,41.757713317871094
2019-02-26,41.90240478515625
2019-02-27,41.70145034790039
2019-02-28,41.532649993896484
2019-03-01,41.64518356323242
2019-03-04,41.596954345703125
2019-03-05,41.67731475830078
2019-03-06,41.54069137573242
2019-03-07,40.98605728149414
2019-03-08,40.89764404296875
2019-03-11,41.379920959472656
2019-03-12,41.44423294067383
2019-03-13,41.70145034790039
2019-03-14,41.63714599609375
2019-03-15,42.06315994262695
2019-03-18,42.30430603027344
2019-03-19,42.34449768066406
2019-03-20,42.352535247802734
2019-03-21,42.360572814941406
2019-03-22,41.4522705078125
2019-03-25,41.48936462402344
2019-03-26,41.731285095214844
2019-03-27,41.602264404296875
2019-03-28,41.626441955566406
2019-03-29,41.85224533081055
2019-04-01,42.39252853393555
2019-04-02,42.432857513427734
2019-04-03,42.698970794677734
2019-04-04,42.739288330078125
2019-04-05,42.852176666259766
2019-04-08,42.844112396240234
2019-04-09,42.707027435302734
2019-04-10,42.836055755615234
2019-04-11,42.69089889526367
2019-04-12,43.013458251953125
2019-04-15,42.973148345947266
2019-04-16,43.134429931640625
2019-04-17,43.182804107666016
2019-04-18,43.150550842285156
2019-04-22,43.069908142089844
2019-04-23,43.174739837646484
2019-04-24,42.76348114013672
2019-04-25,42.69089889526367
2019-04-26,42.91669845581055
2019-04-29,43.02153015136719
2019-04-30,43.013458251953125
2019-05-01,42.78767776489258
2019-05-02,42.7231559753418
2019-05-03,43.158607482910156
2019-05-06,42.63444900512695
2019-05-07,41.90869140625
2019-05-08,41.949012756347656
2019-05-09,41.61031723022461
2019-05-10,41.91675567626953
2019-05-13,40.868431091308594
2019-05-14,41.27969741821289
2019-05-15,41.40871810913086
2019-05-16,41.602264404296875
2019-05-17,41.25550842285156
2019-05-20,41.09423065185547
2019-05-21,41.3683967590332
2019-05-22,41.2313232421875
2019-05-23,40.8120002746582
2019-05-24,41.142616271972656
2019-05-28,40.884559631347656
2019-05-29,40.747474670410156
2019-05-30,40.89262771606445
2019-05-31,40.68296813964844
2019-06-03,40.93293380737305
2019-06-04,41.336143493652344
2019-06-05,41.2393798828125
2019-06-06,41.336143493652344
2019-06-07,41.81191635131836
2019-06-10,41.98125076293945
2019-06-11,42.25544738769531
2019-06-12,41.88450622558594
2019-06-13,41.932884216308594
2019-06-14,41.59418869018555
2019-06-17,41.634521484375
2019-06-18,42.29575729370117
2019-06-19,42.5780029296875
2019-06-20,43.02958679199219
2019-06-21,42.85909652709961
2019-06-24,42.89989471435547
2019-06-25,42.59806442260742
2019-06-26,42.728572845458984
2019-06-27,42.86726379394531
2019-06-28,43.03041076660156
2019-07-01,43.283294677734375
2019-07-02,43.43828582763672
2019-07-03,43.593265533447266
2019-07-05,43.307762145996094
2019-07-08,43.0385627746582
2019-07-09,42.875423431396484
2019-07-10,43.071189880371094
2019-07-11,43.095664978027344
2019-07-12,43.12827682495117
2019-07-15,43.20170974731445
2019-07-16,43.06303024291992
2019-07-17,42.98146438598633
2019-07-18,43.120140075683594
2019-07-19,42.98146438598633
2019-07-22,43.046730041503906
2019-07-23,43.23434066772461
2019-07-24,43.23434066772461
2019-07-25,42.83462142944336
2019-07-26,42.94882583618164
2019-07-29,42.965145111083984
2019-07-30,42.50016784667969
2019-07-31,42.17388153076172
2019-08-01,41.86389923095703
2019-08-02,41.553916931152344
2019-08-05,40.42002868652344
2019-08-06,40.762638092041016
2019-08-07,40.94209671020508
2019-08-08,41.415225982666016
2019-08-09,41.09709930419922
2019-08-12,40.697383880615234
2019-08-13,41.14604187011719
2019-08-14,39.9876823425293
2019-08-15,40.13451385498047
2019-08-16,40.64027786254883
2019-08-19,40.836055755615234
2019-08-20,40.754486083984375
2019-08-21,41.06447219848633
2019-08-22,40.90946960449219
2019-08-23,40.354766845703125
2019-08-26,40.66474151611328
2019-08-27,40.623958587646484
2019-08-28,40.705535888671875
2019-08-29,41.04000473022461
2019-08-30,41.260257720947266
2019-09-03,41.09709930419922
2019-09-04,41.717063903808594
2019-09-05,42.035194396972656
2019-09-06,42.16571044921875
2019-09-09,42.214664459228516
2019-09-10,42.28807830810547
2019-09-11,42.5246467590332
2019-09-12,42.769371032714844
2019-09-13,43.014095306396484
2019-09-16,42.67147445678711
2019-09-17,42.80199432373047
2019-09-18,42.72041320800781
2019-09-19,42.78568649291992
2019-09-20,42.74488830566406
2019-09-23,42.69594192504883
2019-09-24,42.46623229980469
2019-09-25,42.43339920043945
2019-09-26,42.47443389892578
2019-09-27,42.22010040283203
2019-09-30,42.384185791015625
2019-10-01,41.99857711791992
2019-10-02,41.342220306396484
2019-10-03,41.66219711303711
2019-10-04,41.94114685058594
2019-10-07,41.80167007446289
2019-10-08,41.44886779785156
2019-10-09,41.77705001831055
2019-10-10,42.08881759643555
2019-10-11,42.7615852355957
2019-10-14,42.58930206298828
2019-10-15,43.03233337402344
2019-10-16,43.12259292602539
2019-10-17,43.23744201660156
2019-10-18,43.15538787841797
2019-10-21,43.41794204711914
2019-10-22,43.37690734863281
2019-10-23,43.532814025878906
2019-10-24,43.60664367675781
2019-10-25,43.69689178466797
2019-10-28,43.88560104370117
2019-10-29,43.81175994873047
2019-10-30,43.9758415222168
2019-10-31,43.836368560791016
2019-11-01,44.26301193237305
2019-11-04,44.51734161376953
2019-11-05,44.59117126464844
2019-11-06,44.51734161376953
2019-11-07,44.68962478637695
2019-11-08,44.582984924316406
2019-11-11,44.4352912902832
2019-11-12,44.386070251464844
2019-11-13,44.221981048583984
2019-11-14,44.17275619506836
2019-11-15,44.46811294555664
2019-11-18,44.49272155761719
2019-11-19,44.459903717041016
2019-11-20,44.230186462402344
2019-11-21,44.14813995361328
2019-11-22,44.2384033203125
2019-11-25,44.566558837890625
2019-11-26,44.566558837890625
2019-11-27,44.66501998901367
2019-11-29,44.27119064331055
2019-12-02,44.09070587158203
2019-12-03,43.943031311035156
2019-12-04,44.3204345703125
2019-12-05,44.3204345703125
2019-12-06,44.69784164428711
2019-12-09,44.46811294555664
2019-12-10,44.5501594543457
2019-12-11,44.845523834228516
2019-12-12,45.28856658935547
2019-12-13,45.47726058959961
2019-12-16,45.91210174560547
2019-12-17,45.854671478271484
2019-12-18,45.887489318847656
2019-12-19,45.86287307739258
2019-12-20,45.8792839050293
2019-12-23,45.95230484008789
2019-12-24,45.96059799194336
2019-12-26,46.15974426269531
2019-12-27,46.3837776184082
2019-12-30,46.026981353759766
2019-12-31,46.20952606201172
2020-01-02,46.72397994995117
2020-01-03,46.15143966674805
2020-01-06,46.21783447265625
2020-01-07,46.13484573364258
2020-01-08,46.21783447265625
2020-01-09,46.425262451171875
2020-01-10,46.3671875
2020-01-13,46.71568298339844
2020-01-14,46.72397994995117
2020-01-15,46.59951400756836
2020-01-16,46.848445892333984
2020-01-17,46.99779510498047
2020-01-21,46.483341217041016
2020-01-22,46.649295806884766
2020-01-23,46.46675491333008
2020-01-24,46.20122528076172
2020-01-27,45.18891143798828
2020-01-28,45.52912139892578
2020-01-29,45.554012298583984
2020-01-30,45.38804626464844
2020-01-31,44.64126968383789
2020-02-03,44.724246978759766
2020-02-04,45.51252746582031
2020-02-05,45.92739486694336
2020-02-06,46.0352668762207
2020-02-07,45.57890701293945
2020-02-10,45.6701774597168
2020-02-11,46.002079010009766
2020-02-12,46.333984375
2020-02-13,45.97719192504883
2020-02-14,45.95230484008789
2020-02-18,45.6701774597168
2020-02-19,45.88591003417969
2020-02-20,45.51252746582031
2020-02-21,45.271888732910156
2020-02-24,43.595767974853516
2020-02-25,42.998329162597656
2020-02-26,43.08131790161133
2020-02-27,41.8532600402832
2020-02-28,41.69561004638672
2020-03-02,42.15196990966797
2020-03-03,41.770294189453125
2020-03-04,42.84898376464844
2020-03-05,41.82008361816406
2020-03-06,41.19775390625
2020-03-09,37.94507598876953
2020-03-10,39.413761138916016
2020-03-11,37.45551681518555
2020-03-12,33.43116760253906
2020-03-13,35.555362701416016
2020-03-16,31.597389221191406
2020-03-17,33.23202133178711
2020-03-18,30.97506332397461
2020-03-19,31.32357406616211
2020-03-20,31.2157039642334
2020-03-23,30.5799617767334
2020-03-24,33.14285659790039
2020-03-25,34.34109115600586
2020-03-26,35.689109802246094
2020-03-27,34.45758819580078
2020-03-30,35.09831237792969
2020-03-31,34.915245056152344
2020-04-01,33.5838737487793
2020-04-02,34.35774230957031
2020-04-03,33.64213180541992
2020-04-06,35.36458206176758
2020-04-07,35.60590362548828
2020-04-08,35.95538330078125
2020-04-09,36.529541015625
2020-04-13,36.39640808105469
2020-04-14,37.03712463378906
2020-04-15,35.99699401855469
2020-04-16,36.005313873291016
2020-04-17,36.94559097290039
2020-04-20,36.41305160522461
2020-04-21,35.63086700439453
2020-04-22,36.354801177978516
2020-04-23,36.27158737182617
2020-04-24,36.57114791870117
2020-04-27,37.08705139160156
2020-04-28,37.353328704833984
2020-04-29,38.335227966308594
2020-04-30,37.569679260253906
2020-05-01,36.662681579589844
2020-05-04,36.720924377441406
2020-05-05,36.854068756103516
2020-05-06,36.70427322387695
2020-05-07,37.153621673583984
2020-05-08,37.76938247680664
2020-05-11,37.73611068725586
2020-05-12,37.353328704833984
2020-05-13,37.078739166259766
2020-05-14,36.92062759399414
2020-05-15,36.795814514160156
2020-05-18,38.22704315185547
2020-05-19,37.83595275878906
2020-05-20,38.4766845703125
2020-05-21,38.09390640258789
2020-05-22,37.819313049316406
2020-05-26,38.867759704589844
2020-05-27,39.2255744934082
2020-05-28,39.400306701660156
2020-05-29,39.45024108886719
2020-06-01,40.29899215698242
2020-06-02,40.898109436035156
2020-06-03,41.78014373779297
2020-06-04,41.4889030456543
2020-06-05,42.296051025390625
2020-06-08,42.786991119384766
2020-06-09,42.32101058959961
2020-06-10,42.27108383178711
2020-06-11,39.99110412597656
2020-06-12,40.76496505737305
2020-06-15,40.80657958984375
2020-06-16,41.27254867553711
2020-06-17,41.3807258605957
2020-06-18,41.28920364379883
2020-06-19,41.122772216796875
2020-06-22,41.65135192871094
2020-06-23,41.90227508544922
2020-06-24,40.998985290527344
2020-06-25,41.41718673706055
2020-06-26,40.873538970947266
2020-06-29,41.199729919433594
2020-06-30,41.124446868896484
2020-07-01,41.33353805541992
2020-07-02,41.94409942626953
2020-07-06,42.88083267211914
2020-07-07,42.287010192871094
2020-07-08,42.83064651489258
2020-07-09,42.454280853271484
2020-07-10,42.67173767089844
2020-07-13,42.39573287963867
2020-07-14,42.87247085571289
2020-07-15,43.24882888793945
2020-07-16,42.864105224609375
2020-07-17,43.106658935546875
2020-07-20,43.399383544921875
2020-07-21,43.641937255859375
2020-07-22,43.65866470336914
2020-07-23,43.32411193847656
2020-07-24,43.16518783569336
2020-07-27,43.784114837646484
2020-07-28,43.47465896606445
2020-07-29,44.02666473388672
2020-07-30,43.47465896606445
2020-07-31,42.83064651489258
2020-08-03,43.44956588745117
2020-08-04,43.784114837646484
2020-08-05,44.043392181396484
2020-08-06,44.177207946777344
2020-08-07,43.784114837646484
2020-08-10,43.91792678833008
2020-08-11,44.0182991027832
2020-08-12,44.821224212646484
2020-08-13,44.62885284423828
2020-08-14,44.4113883972168
2020-08-17,44.82958221435547
2020-08-18,44.81285095214844
2020-08-19,44.53684997558594
2020-08-20,44.419761657714844
2020-08-21,44.319393157958984
2020-08-24,44.82958221435547
2020-08-25,44.996856689453125
2020-08-26,45.231040954589844
2020-08-27,44.83794403076172
2020-08-28,45.247764587402344
2020-08-31,44.729217529296875
2020-09-01,44.996856689453125
2020-09-02,45.37321090698242
2020-09-03,44.38629913330078
2020-09-04,44.47830581665039
2020-09-08,43.842655181884766
2020-09-09,44.587032318115234
2020-09-10,44.03501892089844
2020-09-11,44.444847106933594
2020-09-14,44.82958221435547
2020-09-15,45.1390495300293
2020-09-16,45.0721321105957
2020-09-17,45.05540084838867
2020-09-18,44.720855712890625
2020-09-21,43.86989212036133
2020-09-22,43.785709381103516
2020-09-23,43.255435943603516
2020-09-24,43.179683685302734
2020-09-25,43.3396110534668
2020-09-28,43.92879867553711
2020-09-29,43.86989212036133
2020-09-30,43.911956787109375
2020-10-01,44.265499114990234
2020-10-02,44.071895599365234
2020-10-05,44.72001266479492
2020-10-06,44.40016555786133
2020-10-07,44.84626770019531
2020-10-08,45.1577033996582
2020-10-09,45.4691276550293
2020-10-12,45.73847961425781
2020-10-13,45.34287643432617
2020-10-14,45.19137191772461
2020-10-15,44.72001266479492
2020-10-16,44.90519714355469
2020-10-19,44.703182220458984
2020-10-20,45.03986358642578
2020-10-21,44.91360855102539
2020-10-22,44.92203140258789
2020-10-23,45.17454147338867
2020-10-26,44.41700744628906
2020-10-27,44.257080078125
2020-10-28,42.994510650634766
2020-10-29,43.255435943603516
2020-10-30,42.90192794799805
2020-11-02,43.49953079223633
2020-11-03,44.34123992919922
2020-11-04,45.03144454956055
2020-11-05,46.00782775878906
2020-11-06,46.150917053222656
2020-11-09,47.11887741088867
2020-11-10,47.2703857421875
2020-11-11,47.598655700683594
2020-11-12,46.95895767211914
2020-11-13,47.6154899597168
2020-11-16,48.213104248046875
2020-11-17,48.213104248046875
2020-11-18,47.98583984375
2020-11-19,48.26360321044922
2020-11-20,48.41511917114258
2020-11-23,48.48244857788086
2020-11-24,49.197906494140625
2020-11-25,49.02956771850586
2020-11-27,49.39149856567383
2020-11-30,48.31410598754883
2020-12-01,49.408329010009766
2020-12-02,49.44200134277344
2020-12-03,49.66926193237305
2020-12-04,50.123779296875
2020-12-07,49.87126922607422
2020-12-08,49.997528076171875
2020-12-09,49.938621520996094
2020-12-10,50.1574592590332
2020-12-11,49.913360595703125
2020-12-14,49.92177963256836
2020-12-15,50.46046447753906
2020-12-16,50.58672332763672
2020-12-17,50.94023895263672
2020-12-18,50.73823928833008
2020-12-21,50.10921859741211
2020-12-22,49.96469497680664
2020-12-23,50.43222427368164
2020-12-24,50.45772171020508
2020-12-28,50.76374435424805
2020-12-29,51.18874740600586
2020-12-30,51.469261169433594
2020-12-31,51.137752532958984
2021-01-04,51.443763732910156
2021-01-05,52.19178771972656
2021-01-06,52.47229766845703
2021-01-07,52.693302154541016
2021-01-08,53.364830017089844
2021-01-11,52.659297943115234
2021-01-12,52.93130874633789
2021-01-13,52.92280197143555
2021-01-14,53.390323638916016
2021-01-15,52.574302673339844
2021-01-19,53.1013069152832
2021-01-20,53.67933654785156
2021-01-21,53.747344970703125
2021-01-22,53.381832122802734
2021-01-25,53.45832061767578
2021-01-26,53.356319427490234
2021-01-27,52.115291595458984
2021-01-28,52.480796813964844
2021-01-29,51.2652587890625
2021-02-01,52.19178771972656
2021-02-02,52.82080841064453
2021-02-03,53.01630783081055
2021-02-04,53.06732177734375
2021-02-05,53.43282699584961
2021-02-08,53.76433563232422
2021-02-09,54.129852294921875
2021-02-10,54.061832427978516
2021-02-11,54.46986770629883
2021-02-12,54.73336410522461
2021-02-16,54.97988510131836
2021-02-17,54.74187469482422
2021-02-18,54.282859802246094
2021-02-19,54.5888671875
2021-02-22,54.01084518432617
2021-02-23,54.1468505859375
2021-02-24,54.163848876953125
2021-02-25,53.18631362915039
2021-02-26,52.44679260253906
2021-03-01,53.594337463378906
2021-03-02,53.381832122802734
2021-03-03,53.12682342529297
2021-03-04,52.44679260253906
2021-03-05,52.83781051635742
2021-03-08,52.28528594970703
2021-03-09,53.09281539916992
2021-03-10,53.237327575683594
2021-03-11,53.985347747802734
2021-03-12,53.81534194946289
2021-03-15,53.925846099853516
2021-03-16,54.0533561706543
2021-03-17,54.27436065673828
2021-03-18,53.636837005615234
2021-03-19,53.90884780883789
2021-03-22,53.90458297729492
2021-03-23,53.086551666259766
2021-03-24,52.5156364440918
2021-03-25,52.856483459472656
2021-03-26,53.725643157958984
2021-03-29,53.427398681640625
2021-03-30,53.44443893432617
2021-03-31,53.427398681640625
2021-04-01,54.151695251464844
2021-04-05,54.7481803894043
2021-04-06,54.43289566040039
2021-04-07,54.30507278442383
2021-04-08,54.645912170410156
2021-04-09,54.63739776611328
2021-04-12,54.313594818115234
2021-04-13,54.628883361816406
2021-04-14,54.77373123168945
2021-04-15,55.14866256713867
2021-04-16,55.51507568359375
2021-04-19,55.34465026855469
2021-04-20,54.577754974365234
2021-04-21,55.09754180908203
2021-04-22,54.867469787597656
2021-04-23,55.48952102661133
2021-04-26,55.55767822265625
2021-04-27,55.472469329833984
2021-04-28,55.70254898071289
2021-04-29,55.69401168823242
2021-04-30,54.91006851196289
2021-05-03,55.37873077392578
2021-05-04,54.662967681884766
2021-05-05,55.22535705566406
2021-05-06,55.65140151977539
2021-05-07,56.30754089355469
2021-05-10,55.84739685058594
2021-05-11,55.242401123046875
2021-05-12,54.160221099853516
2021-05-13,54.44993591308594
2021-05-14,55.361690521240234
2021-05-17,55.276485443115234
2021-05-18,55.608802795410156
2021-05-19,55.21683883666992
2021-05-20,55.81332015991211
2021-05-21,55.659934997558594
2021-05-24,56.060428619384766
2021-05-25,56.213802337646484
2021-05-26,56.34162521362305
2021-05-27,56.46943283081055
2021-05-28,56.59725570678711
2021-06-01,57.13409423828125
2021-06-02,57.26190185546875
2021-06-03,56.827335357666016
2021-06-04,57.372676849365234
2021-06-07,57.415283203125
2021-06-08,57.321563720703125
2021-06-09,57.12556838989258
2021-06-10,57.38119125366211
2021-06-11,57.44936752319336
2021-06-14,57.51753616333008
2021-06-15,57.46641540527344
2021-06-16,56.972198486328125
2021-06-17,56.70803451538086
2021-06-18,55.80479431152344
2021-06-21,56.45323181152344
2021-06-22,56.444637298583984
2021-06-23,56.27288055419922
2021-06-24,56.77960205078125
2021-06-25,57.037269592285156
2021-06-28,56.80537033081055
2021-06-29,56.78819274902344
2021-06-30,56.4102897644043
2021-07-01,56.461822509765625
2021-07-02,56.539127349853516
2021-07-06,56.07533264160156
2021-07-07,56.255699157714844
2021-07-08,55.3968391418457
2021-07-09,56.350181579589844
2021-07-12,56.470420837402344
2021-07-13,56.307228088378906
2021-07-14,56.40169906616211
2021-07-15,56.109683990478516
2021-07-16,55.68025588989258
2021-07-19,54.73550033569336
2021-07-20,55.05328369140625
2021-07-21,55.75756072998047
2021-07-22,55.82626724243164
2021-07-23,55.886390686035156
2021-07-26,55.65449905395508
2021-07-27,55.164947509765625
2021-07-28,55.75756072998047
2021-07-29,56.10110092163086
2021-07-30,55.77472686767578
2021-08-02,56.006629943847656
2021-08-03,56.375938415527344
2021-08-04,56.32440948486328
2021-08-05,56.487586975097656
2021-08-06,56.22134780883789
2021-08-09,56.22992706298828
2021-08-10,56.33299255371094
2021-08-11,56.676544189453125
2021-08-12,56.487586975097656
2021-08-13,56.676544189453125
2021-08-16,56.29865264892578
2021-08-17,55.61154556274414
2021-08-18,55.49990463256836
2021-08-19,54.84716033935547
2021-08-20,54.993160247802734
2021-08-23,55.58578872680664
2021-08-24,56.09251022338867
2021-08-25,56.1440544128418
2021-08-26,55.76613998413086
2021-08-27,56.375938415527344
2021-08-30,56.393123626708984
2021-08-31,56.590660095214844
2021-09-01,57.08879089355469
2021-09-02,57.24339294433594
2021-09-03,57.54399490356445
2021-09-07,57.526824951171875
2021-09-08,56.94279098510742
2021-09-09,56.89125442504883
2021-09-10,56.78819274902344
2021-09-13,57.15750503540039
2021-09-14,56.86549377441406
2021-09-15,57.00291442871094
2021-09-16,56.72808837890625
2021-09-17,56.118282318115234
2021-09-20,54.94121551513672
2021-09-21,55.4334602355957
2021-09-22,55.87388229370117
2021-09-23,56.435211181640625
2021-09-24,55.8997917175293
2021-09-27,55.98615264892578
2021-09-28,54.906673431396484
2021-09-29,54.673500061035156
2021-09-30,54.63032531738281
2021-10-01,54.785770416259766
2021-10-04,54.21580505371094
2021-10-05,54.543968200683594
2021-10-06,54.22443771362305
2021-10-07,54.84621810913086
2021-10-08,54.915313720703125
2021-10-11,54.7512321472168
2021-10-12,54.716678619384766
2021-10-13,55.338470458984375
2021-10-14,55.804805755615234
2021-10-15,56.28840637207031
2021-10-18,56.115692138671875
2021-10-19,56.564754486083984
2021-10-20,56.711551666259766
2021-10-21,56.37476348876953
2021-10-22,56.5474853515625
2021-10-25,56.60793685913086
2021-10-26,56.564754486083984
2021-10-27,56.26250076293945
2021-10-28,56.67700958251953
2021-10-29,56.202049255371094
2021-11-01,56.746097564697266
2021-11-02,56.461116790771484
2021-11-03,56.83245849609375
2021-11-04,56.77200698852539
2021-11-05,56.892913818359375
2021-11-08,57.07425308227539
2021-11-09,56.901554107666016
2021-11-10,56.33159255981445
2021-11-11,56.702938079833984
2021-11-12,57.03109359741211
2021-11-15,56.91019058227539
2021-11-16,56.78928756713867
2021-11-17,56.659751892089844
2021-11-18,56.50430679321289
2021-11-19,56.141597747802734
2021-11-22,55.78752517700195
2021-11-23,55.75297927856445
2021-11-24,55.5284538269043
2021-11-26,53.939456939697266
2021-11-29,54.17262268066406
2021-11-30,53.809913635253906
2021-12-01,53.55083465576172
2021-12-02,54.25898361206055
2021-12-03,53.87037658691406
2021-12-06,54.397159576416016
2021-12-07,55.44209289550781
2021-12-08,55.57162857055664
2021-12-09,55.1571044921875
2021-12-10,55.24346923828125
2021-12-13,54.56987762451172
2021-12-14,54.35396957397461
2021-12-15,54.80305099487305
2021-12-16,54.87213134765625
2021-12-17,54.29351806640625
2021-12-20,53.92618179321289
2021-12-21,54.645084381103516
2021-12-22,55.13603973388672
2021-12-23,55.44288635253906
2021-12-27,55.84617614746094
2021-12-28,55.7848014831543
2021-12-29,55.732200622558594
2021-12-30,55.81110382080078
2021-12-31,55.732200622558594
2022-01-03,56.09165573120117
2022-01-04,56.161781311035156
2022-01-05,55.6006965637207
2022-01-06,55.44288635253906
2022-01-07,55.68836975097656
2022-01-10,55.27631378173828
2022-01-11,56.065345764160156
2022-01-12,56.722877502441406
2022-01-13,56.23191452026367
2022-01-14,56.1793212890625
2022-01-18,55.34644317626953
2022-01-19,55.390281677246094
2022-01-20,55.23247528076172
2022-01-21,54.43467330932617
2022-01-24,53.803443908691406
2022-01-25,53.60179901123047
2022-01-26,53.259891510009766
2022-01-27,52.88290786743164
2022-01-28,53.13715362548828
2022-01-31,54.15412902832031
2022-02-01,54.618778228759766
2022-02-02,54.89932632446289
2022-02-03,54.162899017333984
2022-02-04,54.25057601928711
2022-02-07,54.3294677734375
2022-02-08,54.645084381103516
2022-02-09,55.539329528808594
2022-02-10,54.908103942871094
2022-02-11,54.15412902832031
2022-02-14,53.82974624633789
2022-02-15,54.8116569519043
2022-02-16,55.05714416503906
2022-02-17,54.29439926147461
2022-02-18,53.95248794555664
2022-02-22,53.31249237060547
2022-02-23,52.78646469116211
2022-02-24,52.11139678955078
2022-02-25,53.294960021972656
2022-02-28,52.61112594604492
2022-03-01,51.62921905517578
2022-03-02,52.172767639160156
2022-03-03,51.37496566772461
2022-03-04,50.18265151977539
2022-03-07,48.58705139160156
2022-03-08,48.867591857910156
2022-03-09,50.55086898803711
2022-03-10,49.91962814331055
2022-03-11,49.32347869873047
2022-03-14,49.25334548950195
2022-03-15,49.59526062011719
2022-03-16,51.74317932128906
2022-03-17,52.006195068359375
2022-03-18,52.61112594604492
2022-03-21,52.224735260009766
2022-03-22,52.7867546081543
2022-03-23,52.24229049682617
2022-03-24,52.60234832763672
2022-03-25,52.567222595214844
2022-03-28,52.470619201660156
2022-03-29,53.498069763183594
2022-03-30,53.31366729736328
2022-03-31,52.46184539794922
2022-04-01,53.03263854980469
2022-04-04,53.46295166015625
2022-04-05,52.73407745361328
2022-04-06,52.075439453125
2022-04-07,52.04031753540039
2022-04-08,52.05788040161133
2022-04-11,51.44316101074219
2022-04-12,51.16214370727539
2022-04-13,51.76808547973633
2022-04-14,51.42559814453125
2022-04-18,51.232398986816406
2022-04-19,51.33777618408203
2022-04-20,51.52219009399414
2022-04-21,50.85478591918945
2022-04-22,50.0644416809082
2022-04-25,49.72195053100586
2022-04-26,48.448604583740234
2022-04-27,48.77352523803711
2022-04-28,49.49361801147461
2022-04-29,49.05453872680664
2022-05-02,48.90524673461914
2022-05-03,49.32677459716797
2022-05-04,50.0380859375
2022-05-05,48.4398193359375
2022-05-06,47.93926239013672
2022-05-09,46.47271728515625
2022-05-10,46.7098274230957
2022-05-11,46.45516586303711
2022-05-12,46.27952575683594
2022-05-13,47.526519775390625
2022-05-16,47.51774597167969
2022-05-17,48.492515563964844
2022-05-18,47.37723922729492
2022-05-19,47.895347595214844
2022-05-20,48.16758346557617
2022-05-23,48.86134719848633
2022-05-24,48.47494888305664
2022-05-25,48.553977966308594
2022-05-26,49.133567810058594
2022-05-27,49.757076263427734
2022-05-31,49.80097961425781
2022-06-01,49.3179931640625
2022-06-02,50.301536560058594
2022-06-03,49.537532806396484
2022-06-06,49.757076263427734
2022-06-07,49.90636444091797
2022-06-08,49.50240707397461
2022-06-09,48.46615982055664
2022-06-10,47.500179290771484
2022-06-13,45.90191650390625
2022-06-14,45.79653549194336
2022-06-15,46.50785446166992
2022-06-16,45.304752349853516
2022-06-17,45.16424560546875
2022-06-21,45.93621063232422
2022-06-22,45.42985916137695
2022-06-23,45.367679595947266
2022-06-24,46.602474212646484
2022-06-27,46.54917526245117
2022-06-28,46.309322357177734
2022-06-29,46.01617431640625
2022-06-30,45.847389221191406
2022-07-01,45.829612731933594
2022-07-05,44.985694885253906
2022-07-06,44.905738830566406
2022-07-07,45.68748092651367
2022-07-08,45.72301483154297
2022-07-11,44.83467102050781
2022-07-12,44.772491455078125
2022-07-13,44.71918487548828
2022-07-14,44.11511993408203
2022-07-15,44.6658821105957
2022-07-18,44.950157165527344
2022-07-19,46.01617431640625
2022-07-20,45.76743698120117
2022-07-21,46.28267288208008
2022-07-22,46.051700592041016
2022-07-25,46.36262130737305
2022-07-26,45.820735931396484
2022-07-27,46.797908782958984
2022-07-28,47.082183837890625
2022-07-29,47.51746368408203
2022-08-01,47.38421630859375
2022-08-02,46.797908782958984
2022-08-03,47.099945068359375
2022-08-04,47.34868240356445
2022-08-05,47.11771774291992
2022-08-08,47.25985336303711
2022-08-09,47.011112213134766
2022-08-10,47.98828887939453
2022-08-11,48.059356689453125
2022-08-12,48.44134521484375
2022-08-15,48.16596603393555
2022-08-16,48.19260787963867
2022-08-17,47.85503387451172
2022-08-18,47.668487548828125
2022-08-19,47.02888107299805
2022-08-22,46.353736877441406
2022-08-23,46.47810745239258
2022-08-24,46.56694412231445
2022-08-25,47.17989730834961
2022-08-26,46.10499954223633
2022-08-29,45.97175979614258
2022-08-30,45.5631103515625
2022-08-31,45.38544845581055
2022-09-01,44.887977600097656
2022-09-02,44.612586975097656
2022-09-06,44.32831573486328
2022-09-07,44.710304260253906
2022-09-08,44.72807312011719
2022-09-09,45.69636154174805
2022-09-12,46.30043411254883
2022-09-13,44.74583053588867
2022-09-14,44.96792221069336
2022-09-15,44.52375411987305
2022-09-16,44.18618392944336
2022-09-19,44.40059280395508
2022-09-20,43.775230407714844
2022-09-21,43.149871826171875
2022-09-22,43.015865325927734
2022-09-23,41.71154022216797
2022-09-26,41.06831741333008
2022-09-27,40.87177276611328
2022-09-28,41.657936096191406
2022-09-29,41.01471710205078
2022-09-30,40.8896369934082
2022-10-03,41.75621032714844
2022-10-04,43.23921203613281
2022-10-05,42.855064392089844
2022-10-06,42.26543426513672
2022-10-07,41.532867431640625
2022-10-10,41.21125793457031
2022-10-11,40.666297912597656
2022-10-12,40.603755950927734
2022-10-13,41.25592803955078
2022-10-14,40.603755950927734
2022-10-17,41.64900207519531
2022-10-18,41.86341857910156
2022-10-19,41.26485824584961
2022-10-20,41.30952072143555
2022-10-21,42.02422332763672
2022-10-24,41.55967330932617
2022-10-25,42.27437210083008
2022-10-26,42.765724182128906
2022-10-27,42.4351692199707
2022-10-28,42.64064407348633
2022-10-31,42.28330612182617
2022-11-01,42.74785232543945
2022-11-02,42.21183776855469
2022-11-03,42.059959411621094
2022-11-04,43.668025970458984
2022-11-07,43.7931022644043
2022-11-08,44.26658630371094
2022-11-09,43.55188751220703
2022-11-10,45.695987701416016
2022-11-11,46.607215881347656
2022-11-14,46.16053771972656
2022-11-15,46.62508773803711
2022-11-16,46.28561019897461
2022-11-17,46.32133483886719
2022-11-18,46.267738342285156
2022-11-21,45.88359451293945
2022-11-22,46.42854309082031
2022-11-23,46.902034759521484
2022-11-25,47.009239196777344
2022-11-28,46.482147216796875
2022-11-29,46.848426818847656
2022-11-30,47.795406341552734
2022-12-01,48.04555130004883
2022-12-02,48.09022521972656
2022-12-05,47.42912292480469
2022-12-06,47.214717864990234
2022-12-07,47.10751724243164
2022-12-08,47.446990966796875
2022-12-09,47.37552261352539
2022-12-12,47.4112548828125
2022-12-13,47.97409439086914
2022-12-14,47.91154479980469
2022-12-15,46.768035888671875
2022-12-16,46.50895690917969
2022-12-19,46.45378494262695
2022-12-20,46.598480224609375
2022-12-21,47.041587829589844
2022-12-22,46.67986297607422
2022-12-23,46.788387298583984
2022-12-27,47.041587829589844
2022-12-28,46.480918884277344
2022-12-29,47.24052810668945
2022-12-30,46.77029037475586
2023-01-03,47.086795806884766
2023-01-04,47.891624450683594
2023-01-05,47.475650787353516
2023-01-06,48.58793258666992
2023-01-09,48.85017013549805
2023-01-10,49.049129486083984
2023-01-11,49.3475456237793
2023-01-12,49.94438171386719
2023-01-13,50.22471618652344
2023-01-17,50.260887145996094
2023-01-18,49.98958969116211
2023-01-19,50.08906555175781
2023-01-20,50.586429595947266
2023-01-23,50.830589294433594
2023-01-24,50.83964157104492
2023-01-25,51.04762649536133
2023-01-26,51.22848129272461
2023-01-27,51.11091613769531
2023-01-30,50.57738494873047
2023-01-31,50.830589294433594
2023-02-01,51.30986785888672
2023-02-02,51.18326950073242
2023-02-03,50.57738494873047
2023-02-06,50.05289840698242
2023-02-07,50.39653015136719
2023-02-08,50.17045593261719
2023-02-09,50.260887145996094
2023-02-10,50.02576446533203
2023-02-13,50.45079040527344
2023-02-14,50.4598274230957
2023-02-15,50.206626892089844
2023-02-16,50.00767517089844
2023-02-17,49.96247100830078
2023-02-21,49.374671936035156
2023-02-22,49.094337463378906
2023-02-23,49.3475456237793
2023-02-24,48.533668518066406
2023-02-27,49.00390625
2023-02-28,48.66028594970703
2023-03-01,49.15764617919922
2023-03-02,49.266151428222656
2023-03-03,49.89012145996094
2023-03-06,49.78159713745117
2023-03-07,48.93157196044922
2023-03-08,49.15764617919922
2023-03-09,48.58793258666992
2023-03-10,48.17194747924805
2023-03-13,47.945884704589844
2023-03-14,48.37089920043945
2023-03-15,47.11392593383789
2023-03-16,47.792152404785156
2023-03-17,47.32191848754883
2023-03-20,47.90291976928711
2023-03-21,48.473941802978516
2023-03-22,48.3470458984375
2023-03-23,48.537384033203125
2023-03-24,48.41048812866211
2023-03-27,48.66427993774414
2023-03-28,48.86370086669922
2023-03-29,49.32594680786133
2023-03-30,49.869789123535156
2023-03-31,50.0420036315918
2023-04-03,50.404563903808594
2023-04-04,50.37736892700195
2023-04-05,50.02388381958008
2023-04-06,50.196083068847656
2023-04-10,50.23234939575195
2023-04-11,50.45893859863281
2023-04-12,50.59490203857422
2023-04-13,51.256568908691406
2023-04-14,51.048099517822266
2023-04-17,51.048099517822266
2023-04-18,51.211246490478516
2023-04-19,50.903076171875
2023-04-20,50.894012451171875
2023-04-21,50.903076171875
2023-04-24,50.97559356689453
2023-04-25,50.16889953613281
2023-04-26,50.23234939575195
2023-04-27,50.87588119506836
2023-04-28,50.98465347290039
2023-05-01,50.884952545166016
2023-05-02,50.35017395019531
2023-05-03,50.41362380981445
2023-05-04,50.50426483154297
2023-05-05,51.2293815612793
2023-05-08,51.2656364440918
2023-05-09,51.02996826171875
2023-05-10,50.99372100830078
2023-05-11,50.776187896728516
2023-05-12,50.549583435058594
2023-05-15,51.084354400634766
2023-05-16,50.60396957397461
2023-05-17,50.8668212890625
2023-05-18,50.703670501708984
2023-05-19,50.87588119506836
2023-05-22,51.02996826171875
2023-05-23,50.28672790527344
2023-05-24,49.68851089477539
2023-05-25,49.56161117553711
2023-05-26,50.14170455932617
2023-05-30,49.670387268066406
2023-05-31,49.19905471801758
2023-06-01,49.96949005126953
2023-06-02,50.703670501708984
2023-06-05,50.47706985473633
2023-06-06,50.903076171875
2023-06-07,50.52239227294922
2023-06-08,50.966522216796875
2023-06-09,51.002784729003906
2023-06-12,51.18405532836914
2023-06-13,51.66444396972656
2023-06-14,51.8729248046875
2023-06-15,52.353302001953125
2023-06-16,52.226409912109375
2023-06-20,51.464115142822266
2023-06-21,51.50992965698242
2023-06-22,51.23506164550781
2023-06-23,50.43793869018555
2023-06-26,50.56622314453125
2023-06-27,50.996849060058594
2023-06-28,50.941871643066406
2023-06-29,50.85024642944336
2023-06-30,51.38166427612305
2023-07-03,51.592384338378906
2023-07-05,51.097633361816406
2023-07-06,50.18141174316406
2023-07-07,50.666996002197266
2023-07-10,50.74946594238281
2023-07-11,51.24422073364258
2023-07-12,52.19710159301758
2023-07-13,52.9392204284668
2023-07-14,52.64604187011719
2023-07-17,52.67353057861328
2023-07-18,52.82929229736328
2023-07-19,52.80179977416992
2023-07-20,52.499446868896484
2023-07-21,52.58190155029297
2023-07-24,52.69185256958008
2023-07-25,52.89341735839844
2023-07-26,53.067508697509766
2023-07-27,52.72849655151367
2023-07-28,53.37902069091797
2023-07-31,53.37902069091797
2023-08-01,52.746829986572266
2023-08-02,51.72066116333008
2023-08-03,51.65652084350586
2023-08-04,51.79395294189453
2023-08-07,52.07798385620117
2023-08-08,51.647361755371094
2023-08-09,51.693172454833984
2023-08-10,51.83060836791992
2023-08-11,51.427467346191406
2023-08-14,51.19841384887695
2023-08-15,50.56622314453125
2023-08-16,50.1722412109375
2023-08-17,49.95234680175781
2023-08-18,49.86989974975586
2023-08-21,50.0164909362793
2023-08-22,49.92486572265625
2023-08-23,50.52041244506836
2023-08-24,49.96151351928711
2023-08-25,50.22722625732422
2023-08-28,50.694496154785156
2023-08-29,51.34500503540039
2023-08-30,51.326690673828125
2023-08-31,51.03348922729492
2023-09-01,51.24422073364258
2023-09-05,50.804443359375
2023-09-06,50.63035202026367
2023-09-07,50.3463249206543
2023-09-08,50.318843841552734
2023-09-11,50.88690185546875
2023-09-12,50.67616271972656
2023-09-13,50.56622314453125
2023-09-14,51.125118255615234
2023-09-15,51.006004333496094
2023-09-18,50.826393127441406
2023-09-19,50.789546966552734
2023-09-20,50.632957458496094
2023-09-21,49.79475784301758
2023-09-22,49.988189697265625
2023-09-25,49.81317901611328
2023-09-26,49.11314392089844
2023-09-27,49.094722747802734
2023-09-28,49.398685455322266
2023-09-29,49.29736328125
2023-10-02,48.66180419921875
2023-10-03,48.06308364868164
2023-10-04,48.03546142578125
2023-10-05,48.36704635620117
2023-10-06,48.96576690673828
2023-10-09,48.864444732666016
2023-10-10,49.52764129638672
2023-10-11,49.73028564453125
2023-10-12,49.251304626464844
2023-10-13,48.90128707885742
2023-10-16,49.26973342895508
2023-10-17,49.232887268066406
2023-10-18,48.394683837890625
2023-10-19,48.06308364868164
2023-10-20,47.556480407714844
2023-10-23,47.53805923461914
2023-10-24,47.87886428833008
2023-10-25,47.427528381347656
2023-10-26,47.160404205322266
2023-10-27,47.03144836425781
2023-10-30,47.611751556396484
2023-10-31,47.639381408691406
2023-11-01,48.10913848876953
2023-11-02,49.085506439208984
2023-11-03,49.74870300292969
2023-11-06,49.693443298339844
2023-11-07,49.389469146728516
2023-11-08,49.24209213256836
2023-11-09,49.14077377319336
2023-11-10,49.398685455322266
2023-11-13,49.5000114440918
2023-11-14,50.75270462036133
2023-11-15,50.83560562133789
2023-11-16,50.61454391479492
2023-11-17,51.139564514160156
2023-11-20,51.43431854248047
2023-11-21,51.20404052734375
2023-11-22,51.25009536743164
2023-11-24,51.526424407958984
2023-11-27,51.36984634399414
2023-11-28,51.54484939575195
2023-11-29,51.526424407958984
2023-11-30,51.56327438354492
2023-12-01,52.03303146362305
2023-12-04,51.57249069213867
2023-12-05,51.40668869018555
2023-12-06,51.46195983886719
2023-12-07,51.7198600769043
2023-12-08,51.71065139770508
2023-12-11,51.82118225097656
2023-12-12,51.87644958496094
2023-12-13,52.631744384765625
2023-12-14,53.165985107421875
2023-12-15,52.687015533447266
2023-12-18,52.78705596923828
2023-12-19,53.26388168334961
2023-12-20,52.59071731567383
2023-12-21,53.51632308959961
2023-12-22,53.535011291503906
2023-12-26,53.79679489135742
2023-12-27,54.124027252197266
2023-12-28,54.15208053588867
2023-12-29,54.18947219848633
2024-01-02,53.57241439819336
2024-01-03,53.23582458496094
2024-01-04,53.26388168334961
2024-01-05,53.301273345947266
2024-01-08,53.74070358276367
2024-01-09,53.21712875366211
2024-01-10,53.450862884521484
2024-01-11,53.478912353515625
2024-01-12,53.6659049987793
2024-01-16,52.69356155395508
2024-01-17,52.11389923095703
2024-01-18,52.506568908691406
2024-01-19,52.76836013793945
2024-01-22,52.74031066894531
2024-01-23,52.777713775634766
2024-01-24,53.15168380737305
2024-01-25,53.291927337646484
2024-01-26,53.46022033691406
2024-01-29,53.7126579284668
2024-01-30,53.54436492919922
2024-01-31,53.26388168334961
2024-02-01,53.75940704345703
2024-02-02,53.38542556762695
2024-02-05,53.15168380737305
2024-02-06,53.7126579284668
2024-02-07,53.72200012207031
2024-02-08,53.581764221191406
2024-02-09,53.806148529052734
2024-02-12,53.965087890625
2024-02-13,53.011444091796875
2024-02-14,53.6659049987793
2024-02-15,54.18947219848633
2024-02-16,54.30167770385742
2024-02-20,54.46995544433594
2024-02-21,54.526058197021484
2024-02-22,55.08702087402344
2024-02-23,55.11507797241211
2024-02-26,54.9935302734375
2024-02-27,55.096378326416016
2024-02-28,54.69435119628906
2024-02-29,54.81588363647461
2024-03-01,55.44230651855469
2024-03-04,55.274009704589844
2024-03-05,55.06832504272461
2024-03-06,55.77888488769531
2024-03-07,56.311805725097656
2024-03-08,56.15286636352539
2024-03-11,55.965877532958984
2024-03-12,56.42399597167969
2024-03-13,56.3398551940918
2024-03-14,55.98457336425781
2024-03-15,55.92263412475586
2024-03-18,55.932010650634766
2024-03-19,55.95077896118164
2024-03-20,56.551395416259766
2024-03-21,56.5607795715332
2024-03-22,56.344940185546875
2024-03-25,56.29801559448242
2024-03-26,56.29801559448242
2024-03-27,56.60770797729492
2024-03-28,56.58893966674805
2024-04-01,56.485713958740234
2024-04-02,56.2510871887207
2024-04-03,56.495086669921875
2024-04-04,56.11032485961914
2024-04-05,56.31678771972656
2024-04-08,56.598323822021484
2024-04-09,56.748470306396484
2024-04-10,55.95077896118164
2024-04-11,56.14786148071289
2024-04-12,55.171871185302734
2024-04-15,54.918487548828125
2024-04-16,54.29910659790039
2024-04-17,54.33664321899414
2024-04-18,54.34602737426758
2024-04-19,54.32725524902344
2024-04-22,54.89033126831055
2024-04-23,55.415863037109375
2024-04-24,55.340789794921875
2024-04-25,55.23755645751953
2024-04-26,55.68802261352539
2024-04-29,56.03524398803711
2024-04-30,55.27509689331055
2024-05-01,55.22817611694336
2024-05-02,56.176021575927734
2024-05-03,56.673397064208984
2024-05-06,56.98308563232422
2024-05-07,56.94554901123047
2024-05-08,56.8704719543457
2024-05-09,57.21770477294922
2024-05-10,57.29277801513672
2024-05-13,57.38663101196289
2024-05-14,57.74324035644531
2024-05-15,58.32508087158203
2024-05-16,58.12800598144531
2024-05-17,58.38138961791992
2024-05-20,58.38138961791992
2024-05-21,58.21247100830078
2024-05-22,57.77139663696289
2024-05-23,57.38663101196289
2024-05-24,57.84646224975586
2024-05-28,57.827701568603516
2024-05-29,56.8610954284668
2024-05-30,57.21770477294922
2024-05-31,57.499237060546875
2024-06-03,57.74324035644531
2024-06-04,57.367855072021484
2024-06-05,57.88400650024414
2024-06-06,58.07169723510742
2024-06-07,57.4147834777832
2024-06-10,57.56493377685547
2024-06-11,57.04877853393555
2024-06-12,57.64939498901367
2024-06-13,57.04877853393555
2024-06-14,56.729705810546875
2024-06-17,56.926780700683594
2024-06-18,57.18954849243164
2024-06-20,57.15201187133789
2024-06-21,56.815242767333984
2024-06-24,57.231475830078125
2024-06-25,57.231475830078125
2024-06-26,56.89091873168945
2024-06-27,56.99497985839844
2024-06-28,57.042274475097656
2024-07-01,57.10849380493164
2024-07-02,57.32606887817383
2024-07-03,58.007171630859375
2024-07-05,58.30042266845703
2024-07-08,58.13014221191406
2024-07-09,58.026092529296875
2024-07-10,58.707191467285156
2024-07-11,58.98152160644531
2024-07-12,59.49235153198242
2024-07-15,59.00044250488281
2024-07-16,59.331539154052734
2024-07-17,58.877471923828125
2024-07-18,58.309879302978516
2024-07-19,57.922035217285156
2024-07-22,58.451786041259766
2024-07-23,58.101768493652344
2024-07-24,57.37336730957031
2024-07-25,57.08957290649414
2024-07-26,57.80851364135742
2024-07-29,57.56256103515625
2024-07-30,57.590946197509766
2024-07-31,58.536922454833984
2024-08-01,57.21255111694336
2024-08-02,56.23820114135742
2024-08-05,54.89491271972656
2024-08-06,55.065189361572266
2024-08-07,55.37736511230469
2024-08-08,56.408477783203125
2024-08-09,56.5976676940918
2024-08-12,56.64496612548828
2024-08-13,57.477420806884766
2024-08-14,57.4963493347168
2024-08-15,58.20582962036133
2024-08-16,58.58422088623047
2024-08-19,59.24639892578125
2024-08-20,58.962608337402344
2024-08-21,59.44505310058594
2024-08-22,58.972068786621094
2024-08-23,60.012638092041016
2024-08-26,59.728843688964844
2024-08-27,59.93696212768555
2024-08-28,59.62479019165039
2024-08-29,59.776145935058594
2024-08-30,59.94641876220703
2024-09-03,58.93422317504883
2024-09-04,58.811248779296875
2024-09-05,58.90584945678711
2024-09-06,57.81797790527344
2024-09-09,58.4139404296875
2024-09-10,58.17744445800781
2024-09-11,58.50853729248047
2024-09-12,59.038291931152344
2024-09-13,59.199100494384766
2024-09-16,59.586952209472656
2024-09-17,59.39775466918945
2024-09-18,59.199100494384766
2024-09-19,60.35318374633789
2024-09-20,59.92757797241211
2024-09-23,60.241085052490234
2024-09-24,61.07711410522461
2024-09-25,60.611595153808594
2024-09-26,62.10313415527344
2024-09-27,61.82762908935547
2024-09-30,61.504615783691406
2024-10-01,61.34311294555664
2024-10-02,61.561622619628906
2024-10-03,60.91560363769531
2024-10-04,61.38111877441406
2024-10-07,61.25761413574219
2024-10-08,60.6781005859375
2024-10-09,60.611595153808594
2024-10-10,60.55459213256836
2024-10-11,60.906105041503906
2024-10-14,60.9441032409668
2024-10-15,59.97508239746094
2024-10-16,60.27908706665039
2024-10-17,60.18408203125
2024-10-18,60.66859436035156
2024-10-21,60.07008361816406
2024-10-22,59.832576751708984
2024-10-23,59.300559997558594
2024-10-24,59.4240608215332
2024-10-25,59.2625617980957
2024-10-28,59.66157531738281
2024-10-29,59.45256805419922
2024-10-30,59.10105514526367
2024-10-31,58.7590446472168
2024-11-01,58.82554626464844
2024-11-04,59.00605392456055
2024-11-05,59.65207290649414
2024-11-06,58.9300537109375
2024-11-07,59.94657897949219
2024-11-08,58.94905090332031
2024-11-11,58.873050689697266
2024-11-12,57.90402603149414
2024-11-13,57.609519958496094
2024-11-14,57.54302215576172
2024-11-15,57.39100646972656
2024-11-18,57.76151657104492
2024-11-19,57.780517578125
2024-11-20,57.63801574707031
2024-11-21,57.66651916503906
2024-11-22,57.866024017333984
2024-11-25,58.056026458740234
2024-11-26,57.76151657104492
2024-11-27,58.018028259277344
2024-11-29,58.626041412353516
2024-12-02,58.74005126953125
2024-12-03,58.98705291748047
2024-12-04,58.99654769897461
2024-12-05,59.35755920410156
2024-12-06,59.2530632019043
2024-12-09,59.57606887817383
2024-12-10,58.9300537109375
2024-12-11,59.29106521606445
2024-12-12,58.7590446472168
2024-12-13,58.61654281616211
2024-12-16,58.41704177856445
2024-12-17,58.20803451538086
2024-12-18,56.82099151611328
2024-12-19,56.82099151611328
2024-12-20,56.893463134765625
2024-12-23,57.22199249267578
2024-12-24,57.405582427978516
2024-12-26,57.52153396606445
2024-12-27,57.39592361450195
2024-12-30,57.00941848754883
2024-12-31,56.94178009033203
2025-01-02,56.84515380859375
2025-01-03,57.144691467285156
2025-01-06,57.58917236328125
2025-01-07,57.328285217285156
2025-01-08,57.20267105102539
2025-01-10,56.26539993286133
2025-01-13,56.05281448364258
2025-01-14,56.362022399902344
2025-01-15,57.028743743896484
2025-01-16,57.21233367919922
2025-01-17,57.4925537109375
2025-01-21,58.47813415527344
2025-01-22,58.35252380371094
2025-01-23,58.7293586730957
2025-01-24,59.01924133300781
2025-01-27,58.67138671875
2025-01-28,58.73902893066406
2025-01-29,58.748687744140625
2025-01-30,59.45405960083008
2025-01-31,58.8646354675293
2025-02-03,58.27522277832031
2025-02-04,59.01924133300781
2025-02-05,59.40574264526367
2025-02-06,59.6666374206543
2025-02-07,59.28013229370117
2025-02-10,59.753597259521484
2025-02-11,59.85988998413086
2025-02-12,60.02415084838867
2025-02-13,60.67155075073242
2025-02-14,60.78750228881836
2025-02-18,61.14501953125
2025-02-19,60.73918533325195
2025-02-20,61.10636901855469
2025-02-21,60.710201263427734
2025-02-24,60.4106559753418
2025-02-25,60.748844146728516
2025-02-26,60.93244171142578
2025-02-27,60.120784759521484
2025-02-28,59.95651626586914
2025-03-03,60.159427642822266
2025-03-04,60.188419342041016
2025-03-05,61.69578552246094
2025-03-06,61.2029914855957
2025-03-07,61.72477340698242
2025-03-10,60.32369613647461
2025-03-11,60.2753791809082
2025-03-12,60.69087219238281
2025-03-13,60.32369613647461
2025-03-14,61.396240234375
2025-03-17,62.1982421875
2025-03-18,62.120941162109375
2025-03-19,62.28520584106445
2025-03-20,61.80207061767578
2025-03-21,61.50260543823242
2025-03-24,61.599517822265625
2025-03-25,61.803043365478516
2025-03-26,61.16340255737305
2025-03-27,61.2990837097168
2025-03-28,60.581905364990234
2025-03-31,60.18455123901367
2025-04-01,60.35900115966797
2025-04-02,60.51406478881836
2025-04-03,59.3026237487793
2025-04-04,55.677982330322266
2025-04-07,54.166099548339844
2025-04-08,53.8268928527832
2025-04-09,57.66475296020508
2025-04-10,56.62775421142578
2025-04-11,58.17839813232422
2025-04-14,58.81804656982422
2025-04-15,59.13786697387695
2025-04-16,58.827735900878906
2025-04-17,59.428611755371094
2025-04-21,59.215396881103516
2025-04-22,60.310543060302734
2025-04-23,60.581905364990234
2025-04-24,61.35723114013672
2025-04-25,61.40568923950195
2025-04-28,61.76427459716797
2025-04-29,61.95811462402344
2025-04-30,61.89026641845703
2025-05-01,61.73520278930664
2025-05-02,63.02417755126953
2025-05-05,63.256771087646484
2025-05-06,63.150177001953125
2025-05-07,62.781890869140625
2025-05-08,62.61713790893555
2025-05-09,62.96603012084961
2025-05-12,63.5862922668457
2025-05-13,63.71227264404297
2025-05-14,63.663814544677734
2025-05-15,64.16778564453125
2025-05-16,64.24530792236328
2025-05-19,64.68143463134766
2025-05-20,64.88495635986328
2025-05-21,64.58451843261719
2025-05-22,64.47791290283203
2025-05-23,64.69112396240234
2025-05-27,65.32108306884766
2025-05-28,64.75896453857422
2025-05-29,65.04003143310547
2025-05-30,64.8752670288086
2025-06-02,65.54397583007812
2025-06-03,65.22416687011719
2025-06-04,65.65059661865234
2025-06-05,65.73782348632812
2025-06-06,65.91226196289062
2025-06-09,66.06732177734375
2025-06-10,66.30960845947266
2025-06-11,66.36776733398438
2025-06-12,66.73604583740234
2025-06-13,65.84442901611328
2025-06-16,66.2805404663086
2025-06-17,65.4664535522461
2025-06-18,65.54397583007812
2025-06-20,65.02174377441406
2025-06-23,65.51958465576172
2025-06-24,66.5152587890625
2025-06-25,66.33954620361328
2025-06-26,66.99356842041016
2025-06-27,67.26690673828125
2025-06-30,67.4426040649414
2025-07-01,67.46212768554688
2025-07-02,67.67688751220703
2025-07-03,67.83306884765625
2025-07-07,66.99356842041016
2025-07-08,67.42308807373047
2025-07-09,67.72569274902344
2025-07-10,67.82331085205078
2025-07-11,67.3547592163086
2025-07-14,67.42308807373047
2025-07-15,67.09119415283203
2025-07-16,67.38404083251953
2025-07-17,67.62808227539062
2025-07-18,67.46212768554688
2025-07-21,67.87211608886719
2025-07-22,68.15519714355469
2025-07-23,69.37539672851562
2025-07-24,68.9068374633789
2025-07-25,68.7994613647461
2025-07-28,67.9111557006836
2025-07-29,67.87211608886719
2025-07-30,67.38404083251953
2025-07-31,66.83739471435547
2025-08-01,66.61286926269531
2025-08-04,67.43284606933594
2025-08-05,67.60855865478516
2025-08-06,68.04782104492188
2025-08-07,68.53589630126953
2025-08-08,68.76042938232422
2025-08-11,68.54566955566406
2025-08-12,69.30706787109375
2025-08-13,69.75609588623047
2025-08-14,69.44373321533203
2025-08-15,69.75609588623047
2025-08-18,69.85371398925781
2025-08-19,69.66824340820312
2025-08-20,69.75609588623047
2025-08-21,69.4925308227539
2025-08-22,70.62487030029297
2025-08-25,69.94156646728516
2025-08-26,69.90251922607422
2025-08-27,69.69752502441406
2025-08-28,69.9806137084961
2025-08-29,69.66824340820312
2025-09-02,69.18016815185547
2025-09-03,69.32658386230469
2025-09-04,69.60967254638672
2025-09-05,70.06846618652344
2025-09-08,70.74201965332031
2025-09-09,70.6541519165039
2025-09-10,70.78106689453125
2025-09-11,71.58150482177734
2025-09-12,71.34722900390625
2025-09-15,71.90364074707031
2025-09-16,71.96220397949219
2025-09-17,71.91340637207031
2025-09-18,71.97197723388672
2025-09-19,71.72673797607422
2025-09-22,72.04064178466797
2025-09-23,71.94254302978516
2025-09-24,71.52073669433594
2025-09-25,71.10873413085938
2025-09-26,71.3637924194336
2025-09-29,71.7463607788086
2025-09-30,72.06025695800781
2025-10-01,72.56053924560547
2025-10-02,72.69786834716797
2025-10-03,73.23739624023438
2025-10-06,73.39434051513672
2025-10-07,72.82539367675781
2025-10-08,73.10987091064453
2025-10-09,72.47225189208984
2025-10-10,70.79483795166016
2025-10-13,71.87387084960938
2025-10-14,71.8836898803711
2025-10-15,72.51148986816406
2025-10-16,72.835205078125
2025-10-17,72.7861557006836
2025-10-20,73.50225067138672
2025-10-21,72.80577087402344
2025-10-22,72.86463165283203
2025-10-23,73.28643798828125
2025-10-24,73.52186584472656
2025-10-27,74.08100128173828
2025-10-28,74.07119750976562
2025-10-29,73.8455810546875
2025-10-30,73.38453674316406
2025-10-31,73.20796203613281
2025-11-03,73.4139633178711
2025-11-04,72.44282531738281
2025-11-05,72.93329620361328
2025-11-06,72.6488265991211
2025-11-07,72.7861557006836
2025-11-10,73.69843292236328
2025-11-11,74.0908203125
2025-11-12,74.37528991699219
2025-11-13,73.56110382080078
2025-11-14,73.50225067138672
2025-11-17,72.58997344970703
2025-11-18,71.95235443115234
2025-11-19,71.76597595214844
2025-11-20,70.814453125
2025-11-21,71.53054809570312
2025-11-24,71.83464813232422
2025-11-25,72.5016860961914
2025-11-26,73.18833923339844
2025-11-28,73.51205444335938
2025-12-01,73.22758483886719
2025-12-02,73.34529113769531
2025-12-03,73.63957977294922
2025-12-04,73.79653930664062
2025-12-05,73.94367218017578
2025-12-08,73.7867202758789
2025-12-09,73.68862915039062
2025-12-10,74.48319244384766
2025-12-11,74.67937469482422
2025-12-12,74.1692886352539
2025-12-15,74.4243392944336
2025-12-16,74.02214813232422
2025-12-17,73.53167724609375
2025-12-18,74.13005065917969
2025-12-19,74.59256744384766
2025-12-22,75.01213073730469
2025-12-23,75.47166442871094
2025-12-24,75.53160095214844
2025-12-26,75.77134704589844
2025-12-29,75.53160095214844
2025-12-30,75.68144226074219
2025-12-31,75.36177825927734
2026-01-02,76.46063232421875
2026-01-05,77.26979064941406
2026-01-06,77.53951263427734
2026-01-07,77.14991760253906
2026-01-08,77.19986724853516
2026-01-09,77.74929809570312
2026-01-12,78.46855163574219
2026-01-13,78.04898071289062
2026-01-14,78.38863372802734
2026-01-15,78.51849365234375
2026-01-16,78.55845642089844
2026-01-20,77.64939880371094
2026-01-21,78.51849365234375
2026-01-22,78.99800109863281
2026-01-23,79.4475326538086
2026-01-26,79.77719116210938
2026-01-27,81.01589965820312
2026-01-28,80.6562728881836
2026-01-29,80.86605834960938
2026-01-30,79.57740020751953
2026-02-02,80.02693176269531
2026-02-03,80.22672271728516
2026-02-04,80.16678619384766
2026-02-05,79.20777893066406
2026-02-06,80.96595764160156
2026-02-09,82.0648193359375
2026-02-10,82.26460266113281
2026-02-11,82.90393829345703
2026-02-12,82.04483032226562
2026-02-13,82.31455993652344
2026-02-17,82.14473724365234
2026-02-18,82.42444610595703
2026-02-19,82.29457092285156
2026-02-20,83.28355407714844
2026-02-23,82.84400939941406
2026-02-24,83.33349609375
2026-02-25,84.11268615722656
2026-02-26,83.87294006347656
2026-02-27,83.72309112548828
2026-03-02,82.31455993652344
2026-03-03,79.47750091552734
2026-03-04,80.2566909790039
2026-03-05,78.63837432861328
2026-03-06,77.89913940429688
2026-03-09,78.86813354492188
2026-03-10,79.03795623779297
2026-03-11,78.95803833007812
2026-03-12,77.3896713256836
2026-03-13,76.6604232788086
2026-03-16,78.18883514404297
2026-03-17,78.52848815917969
2026-03-18,77.1698989868164
2026-03-19,77.06999969482422
2026-03-20,74.70999908447266
2026-03-23,76.58000183105469
2026-03-24,75.94999694824219
2026-03-25,77.08000183105469
2026-03-26,75.19999694824219
2026-03-27,74.69000244140625
2026-03-30,74.62999725341797
2026-03-31,77.11000061035156
2026-04-01,78.01000213623047
2026-04-02,77.4800033569336
2026-04-06,77.97000122070312
2026-04-07,78.0199966430664
2026-04-08,81.2300033569336
2026-04-09,81.06999969482422
2026-04-10,81.2699966430664
2026-04-13,81.88999938964844
2026-04-14,82.80999755859375
2026-04-15,82.6500015258789
2026-04-16,82.62999725341797
2026-04-17,83.75
2026-04-20,83.4800033569336
2026-04-21,81.87999725341797
2026-04-22,82.58999633789062
2026-04-23,81.72000122070312
2026-04-24,82.48999786376953
2026-04-27,82.33999633789062
2026-04-28,81.88999938964844
2026-04-29,81.2300033569336
2026-04-30,83.05999755859375
2026-05-01,82.97000122070312
2026-05-04,82.25
2026-05-05,83.41000366210938
2026-05-06,85.62000274658203
2026-05-07,84.25
2026-05-08,85.43000030517578
2026-05-11,85.38999938964844
2026-05-12,84.2300033569336
2026-05-13,85.08000183105469
2026-05-14,85.0199966430664
2026-05-15,83.11000061035156
2026-05-18,83.52999877929688
2026-05-19,82.80000305175781
2026-05-20,84.16999816894531
2026-05-21,84.58000183105469
2026-05-22,84.45999908447266
2026-05-26,86.11000061035156
2026-05-27,85.8499984741211
2026-05-28,85.98999786376953
2026-05-29,86.05999755859375
2026-06-01,86.30999755859375
2026-06-02,86.95999908447266
2026-06-03,86.0999984741211
2026-06-04,86.25
2026-06-05,83.02999877929688
2026-06-08,83.73999786376953
